code,x,out,khyp,ddiv,cycles_oracle,bypass
-8192,-2.000000,-3305,15,14,32,1
-8191,-1.999756,-3305,15,14,32,1
-8190,-1.999512,-3305,15,14,32,1
-8189,-1.999268,-3305,15,14,32,1
-8188,-1.999023,-3305,15,14,32,1
-8187,-1.998779,-3305,15,14,32,1
-8186,-1.998535,-3305,15,14,32,1
-8185,-1.998291,-3305,15,14,32,1
-8184,-1.998047,-3305,15,14,32,1
-8183,-1.997803,-3305,15,14,32,1
-8182,-1.997559,-3305,15,14,32,1
-8181,-1.997314,-3305,15,14,32,1
-8180,-1.997070,-3305,15,14,32,1
-8179,-1.996826,-3305,15,14,32,1
-8178,-1.996582,-3305,15,14,32,1
-8177,-1.996338,-3305,15,14,32,1
-8176,-1.996094,-3305,15,14,32,1
-8175,-1.995850,-3305,15,14,32,1
-8174,-1.995605,-3305,15,14,32,1
-8173,-1.995361,-3305,15,14,32,1
-8172,-1.995117,-3305,15,14,32,1
-8171,-1.994873,-3305,15,14,32,1
-8170,-1.994629,-3305,15,14,32,1
-8169,-1.994385,-3305,15,14,32,1
-8168,-1.994141,-3305,15,14,32,1
-8167,-1.993896,-3305,15,14,32,1
-8166,-1.993652,-3305,15,14,32,1
-8165,-1.993408,-3305,15,14,32,1
-8164,-1.993164,-3305,15,14,32,1
-8163,-1.992920,-3305,15,14,32,1
-8162,-1.992676,-3305,15,14,32,1
-8161,-1.992432,-3305,15,14,32,1
-8160,-1.992188,-3305,15,14,32,1
-8159,-1.991943,-3305,15,14,32,1
-8158,-1.991699,-3305,15,14,32,1
-8157,-1.991455,-3305,15,14,32,1
-8156,-1.991211,-3305,15,14,32,1
-8155,-1.990967,-3305,15,14,32,1
-8154,-1.990723,-3305,15,14,32,1
-8153,-1.990479,-3305,15,14,32,1
-8152,-1.990234,-3305,15,14,32,1
-8151,-1.989990,-3305,15,14,32,1
-8150,-1.989746,-3305,15,14,32,1
-8149,-1.989502,-3305,15,14,32,1
-8148,-1.989258,-3305,15,14,32,1
-8147,-1.989014,-3305,15,14,32,1
-8146,-1.988770,-3305,15,14,32,1
-8145,-1.988525,-3305,15,14,32,1
-8144,-1.988281,-3305,15,14,32,1
-8143,-1.988037,-3305,15,14,32,1
-8142,-1.987793,-3305,15,14,32,1
-8141,-1.987549,-3305,15,14,32,1
-8140,-1.987305,-3305,15,14,32,1
-8139,-1.987061,-3305,15,14,32,1
-8138,-1.986816,-3305,15,14,32,1
-8137,-1.986572,-3305,15,14,32,1
-8136,-1.986328,-3305,15,14,32,1
-8135,-1.986084,-3305,15,14,32,1
-8134,-1.985840,-3305,15,14,32,1
-8133,-1.985596,-3305,15,14,32,1
-8132,-1.985352,-3305,15,14,32,1
-8131,-1.985107,-3305,15,14,32,1
-8130,-1.984863,-3305,15,14,32,1
-8129,-1.984619,-3305,15,14,32,1
-8128,-1.984375,-3305,15,14,32,1
-8127,-1.984131,-3305,15,14,32,1
-8126,-1.983887,-3305,15,14,32,1
-8125,-1.983643,-3305,15,14,32,1
-8124,-1.983398,-3305,15,14,32,1
-8123,-1.983154,-3305,15,14,32,1
-8122,-1.982910,-3305,15,14,32,1
-8121,-1.982666,-3305,15,14,32,1
-8120,-1.982422,-3305,15,14,32,1
-8119,-1.982178,-3305,15,14,32,1
-8118,-1.981934,-3305,15,14,32,1
-8117,-1.981689,-3305,15,14,32,1
-8116,-1.981445,-3305,15,14,32,1
-8115,-1.981201,-3305,15,14,32,1
-8114,-1.980957,-3305,15,14,32,1
-8113,-1.980713,-3305,15,14,32,1
-8112,-1.980469,-3305,15,14,32,1
-8111,-1.980225,-3305,15,14,32,1
-8110,-1.979980,-3305,15,14,32,1
-8109,-1.979736,-3305,15,14,32,1
-8108,-1.979492,-3305,15,14,32,1
-8107,-1.979248,-3305,15,14,32,1
-8106,-1.979004,-3305,15,14,32,1
-8105,-1.978760,-3305,15,14,32,1
-8104,-1.978516,-3305,15,14,32,1
-8103,-1.978271,-3305,15,14,32,1
-8102,-1.978027,-3305,15,14,32,1
-8101,-1.977783,-3305,15,14,32,1
-8100,-1.977539,-3305,15,14,32,1
-8099,-1.977295,-3305,15,14,32,1
-8098,-1.977051,-3305,15,14,32,1
-8097,-1.976807,-3305,15,14,32,1
-8096,-1.976562,-3305,15,14,32,1
-8095,-1.976318,-3305,15,14,32,1
-8094,-1.976074,-3305,15,14,32,1
-8093,-1.975830,-3305,15,14,32,1
-8092,-1.975586,-3305,15,14,32,1
-8091,-1.975342,-3305,15,14,32,1
-8090,-1.975098,-3305,15,14,32,1
-8089,-1.974854,-3305,15,14,32,1
-8088,-1.974609,-3305,15,14,32,1
-8087,-1.974365,-3305,15,14,32,1
-8086,-1.974121,-3305,15,14,32,1
-8085,-1.973877,-3305,15,14,32,1
-8084,-1.973633,-3305,15,14,32,1
-8083,-1.973389,-3305,15,14,32,1
-8082,-1.973145,-3305,15,14,32,1
-8081,-1.972900,-3305,15,14,32,1
-8080,-1.972656,-3305,15,14,32,1
-8079,-1.972412,-3305,15,14,32,1
-8078,-1.972168,-3305,15,14,32,1
-8077,-1.971924,-3305,15,14,32,1
-8076,-1.971680,-3305,15,14,32,1
-8075,-1.971436,-3305,15,14,32,1
-8074,-1.971191,-3305,15,14,32,1
-8073,-1.970947,-3305,15,14,32,1
-8072,-1.970703,-3305,15,14,32,1
-8071,-1.970459,-3305,15,14,32,1
-8070,-1.970215,-3305,15,14,32,1
-8069,-1.969971,-3305,15,14,32,1
-8068,-1.969727,-3305,15,14,32,1
-8067,-1.969482,-3305,15,14,32,1
-8066,-1.969238,-3305,15,14,32,1
-8065,-1.968994,-3305,15,14,32,1
-8064,-1.968750,-3305,15,14,32,1
-8063,-1.968506,-3305,15,14,32,1
-8062,-1.968262,-3305,15,14,32,1
-8061,-1.968018,-3305,15,14,32,1
-8060,-1.967773,-3305,15,14,32,1
-8059,-1.967529,-3305,15,14,32,1
-8058,-1.967285,-3305,15,14,32,1
-8057,-1.967041,-3305,15,14,32,1
-8056,-1.966797,-3305,15,14,32,1
-8055,-1.966553,-3305,15,14,32,1
-8054,-1.966309,-3305,15,14,32,1
-8053,-1.966064,-3305,15,14,32,1
-8052,-1.965820,-3305,15,14,32,1
-8051,-1.965576,-3305,15,14,32,1
-8050,-1.965332,-3305,15,14,32,1
-8049,-1.965088,-3305,15,14,32,1
-8048,-1.964844,-3305,15,14,32,1
-8047,-1.964600,-3305,15,14,32,1
-8046,-1.964355,-3305,15,14,32,1
-8045,-1.964111,-3305,15,14,32,1
-8044,-1.963867,-3305,15,14,32,1
-8043,-1.963623,-3305,15,14,32,1
-8042,-1.963379,-3305,15,14,32,1
-8041,-1.963135,-3305,15,14,32,1
-8040,-1.962891,-3305,15,14,32,1
-8039,-1.962646,-3305,15,14,32,1
-8038,-1.962402,-3305,15,14,32,1
-8037,-1.962158,-3305,15,14,32,1
-8036,-1.961914,-3305,15,14,32,1
-8035,-1.961670,-3305,15,14,32,1
-8034,-1.961426,-3305,15,14,32,1
-8033,-1.961182,-3305,15,14,32,1
-8032,-1.960938,-3305,15,14,32,1
-8031,-1.960693,-3305,15,14,32,1
-8030,-1.960449,-3305,15,14,32,1
-8029,-1.960205,-3305,15,14,32,1
-8028,-1.959961,-3305,15,14,32,1
-8027,-1.959717,-3305,15,14,32,1
-8026,-1.959473,-3305,15,14,32,1
-8025,-1.959229,-3305,15,14,32,1
-8024,-1.958984,-3305,15,14,32,1
-8023,-1.958740,-3305,15,14,32,1
-8022,-1.958496,-3305,15,14,32,1
-8021,-1.958252,-3305,15,14,32,1
-8020,-1.958008,-3305,15,14,32,1
-8019,-1.957764,-3305,15,14,32,1
-8018,-1.957520,-3305,15,14,32,1
-8017,-1.957275,-3305,15,14,32,1
-8016,-1.957031,-3305,15,14,32,1
-8015,-1.956787,-3305,15,14,32,1
-8014,-1.956543,-3305,15,14,32,1
-8013,-1.956299,-3305,15,14,32,1
-8012,-1.956055,-3305,15,14,32,1
-8011,-1.955811,-3305,15,14,32,1
-8010,-1.955566,-3305,15,14,32,1
-8009,-1.955322,-3305,15,14,32,1
-8008,-1.955078,-3305,15,14,32,1
-8007,-1.954834,-3305,15,14,32,1
-8006,-1.954590,-3305,15,14,32,1
-8005,-1.954346,-3305,15,14,32,1
-8004,-1.954102,-3305,15,14,32,1
-8003,-1.953857,-3305,15,14,32,1
-8002,-1.953613,-3305,15,14,32,1
-8001,-1.953369,-3305,15,14,32,1
-8000,-1.953125,-3305,15,14,32,1
-7999,-1.952881,-3305,15,14,32,1
-7998,-1.952637,-3305,15,14,32,1
-7997,-1.952393,-3305,15,14,32,1
-7996,-1.952148,-3305,15,14,32,1
-7995,-1.951904,-3305,15,14,32,1
-7994,-1.951660,-3305,15,14,32,1
-7993,-1.951416,-3305,15,14,32,1
-7992,-1.951172,-3305,15,14,32,1
-7991,-1.950928,-3305,15,14,32,1
-7990,-1.950684,-3305,15,14,32,1
-7989,-1.950439,-3305,15,14,32,1
-7988,-1.950195,-3305,15,14,32,1
-7987,-1.949951,-3305,15,14,32,1
-7986,-1.949707,-3305,15,14,32,1
-7985,-1.949463,-3305,15,14,32,1
-7984,-1.949219,-3305,15,14,32,1
-7983,-1.948975,-3305,15,14,32,1
-7982,-1.948730,-3305,15,14,32,1
-7981,-1.948486,-3305,15,14,32,1
-7980,-1.948242,-3305,15,14,32,1
-7979,-1.947998,-3305,15,14,32,1
-7978,-1.947754,-3305,15,14,32,1
-7977,-1.947510,-3305,15,14,32,1
-7976,-1.947266,-3305,15,14,32,1
-7975,-1.947021,-3305,15,14,32,1
-7974,-1.946777,-3305,15,14,32,1
-7973,-1.946533,-3305,15,14,32,1
-7972,-1.946289,-3305,15,14,32,1
-7971,-1.946045,-3305,15,14,32,1
-7970,-1.945801,-3305,15,14,32,1
-7969,-1.945557,-3305,15,14,32,1
-7968,-1.945312,-3305,15,14,32,1
-7967,-1.945068,-3305,15,14,32,1
-7966,-1.944824,-3305,15,14,32,1
-7965,-1.944580,-3305,15,14,32,1
-7964,-1.944336,-3305,15,14,32,1
-7963,-1.944092,-3305,15,14,32,1
-7962,-1.943848,-3305,15,14,32,1
-7961,-1.943604,-3305,15,14,32,1
-7960,-1.943359,-3305,15,14,32,1
-7959,-1.943115,-3305,15,14,32,1
-7958,-1.942871,-3305,15,14,32,1
-7957,-1.942627,-3305,15,14,32,1
-7956,-1.942383,-3305,15,14,32,1
-7955,-1.942139,-3305,15,14,32,1
-7954,-1.941895,-3305,15,14,32,1
-7953,-1.941650,-3305,15,14,32,1
-7952,-1.941406,-3305,15,14,32,1
-7951,-1.941162,-3305,15,14,32,1
-7950,-1.940918,-3305,15,14,32,1
-7949,-1.940674,-3305,15,14,32,1
-7948,-1.940430,-3305,15,14,32,1
-7947,-1.940186,-3305,15,14,32,1
-7946,-1.939941,-3305,15,14,32,1
-7945,-1.939697,-3305,15,14,32,1
-7944,-1.939453,-3305,15,14,32,1
-7943,-1.939209,-3305,15,14,32,1
-7942,-1.938965,-3305,15,14,32,1
-7941,-1.938721,-3305,15,14,32,1
-7940,-1.938477,-3305,15,14,32,1
-7939,-1.938232,-3305,15,14,32,1
-7938,-1.937988,-3305,15,14,32,1
-7937,-1.937744,-3305,15,14,32,1
-7936,-1.937500,-3305,15,14,32,1
-7935,-1.937256,-3305,15,14,32,1
-7934,-1.937012,-3305,15,14,32,1
-7933,-1.936768,-3305,15,14,32,1
-7932,-1.936523,-3305,15,14,32,1
-7931,-1.936279,-3305,15,14,32,1
-7930,-1.936035,-3305,15,14,32,1
-7929,-1.935791,-3305,15,14,32,1
-7928,-1.935547,-3305,15,14,32,1
-7927,-1.935303,-3305,15,14,32,1
-7926,-1.935059,-3305,15,14,32,1
-7925,-1.934814,-3305,15,14,32,1
-7924,-1.934570,-3305,15,14,32,1
-7923,-1.934326,-3305,15,14,32,1
-7922,-1.934082,-3305,15,14,32,1
-7921,-1.933838,-3305,15,14,32,1
-7920,-1.933594,-3305,15,14,32,1
-7919,-1.933350,-3305,15,14,32,1
-7918,-1.933105,-3305,15,14,32,1
-7917,-1.932861,-3305,15,14,32,1
-7916,-1.932617,-3305,15,14,32,1
-7915,-1.932373,-3305,15,14,32,1
-7914,-1.932129,-3305,15,14,32,1
-7913,-1.931885,-3305,15,14,32,1
-7912,-1.931641,-3305,15,14,32,1
-7911,-1.931396,-3305,15,14,32,1
-7910,-1.931152,-3305,15,14,32,1
-7909,-1.930908,-3305,15,14,32,1
-7908,-1.930664,-3305,15,14,32,1
-7907,-1.930420,-3305,15,14,32,1
-7906,-1.930176,-3305,15,14,32,1
-7905,-1.929932,-3305,15,14,32,1
-7904,-1.929688,-3305,15,14,32,1
-7903,-1.929443,-3305,15,14,32,1
-7902,-1.929199,-3305,15,14,32,1
-7901,-1.928955,-3305,15,14,32,1
-7900,-1.928711,-3305,15,14,32,1
-7899,-1.928467,-3305,15,14,32,1
-7898,-1.928223,-3305,15,14,32,1
-7897,-1.927979,-3305,15,14,32,1
-7896,-1.927734,-3305,15,14,32,1
-7895,-1.927490,-3305,15,14,32,1
-7894,-1.927246,-3305,15,14,32,1
-7893,-1.927002,-3305,15,14,32,1
-7892,-1.926758,-3305,15,14,32,1
-7891,-1.926514,-3305,15,14,32,1
-7890,-1.926270,-3305,15,14,32,1
-7889,-1.926025,-3305,15,14,32,1
-7888,-1.925781,-3305,15,14,32,1
-7887,-1.925537,-3305,15,14,32,1
-7886,-1.925293,-3305,15,14,32,1
-7885,-1.925049,-3305,15,14,32,1
-7884,-1.924805,-3305,15,14,32,1
-7883,-1.924561,-3305,15,14,32,1
-7882,-1.924316,-3305,15,14,32,1
-7881,-1.924072,-3305,15,14,32,1
-7880,-1.923828,-3305,15,14,32,1
-7879,-1.923584,-3305,15,14,32,1
-7878,-1.923340,-3305,15,14,32,1
-7877,-1.923096,-3305,15,14,32,1
-7876,-1.922852,-3305,15,14,32,1
-7875,-1.922607,-3305,15,14,32,1
-7874,-1.922363,-3305,15,14,32,1
-7873,-1.922119,-3305,15,14,32,1
-7872,-1.921875,-3305,15,14,32,1
-7871,-1.921631,-3305,15,14,32,1
-7870,-1.921387,-3305,15,14,32,1
-7869,-1.921143,-3305,15,14,32,1
-7868,-1.920898,-3305,15,14,32,1
-7867,-1.920654,-3305,15,14,32,1
-7866,-1.920410,-3305,15,14,32,1
-7865,-1.920166,-3305,15,14,32,1
-7864,-1.919922,-3305,15,14,32,1
-7863,-1.919678,-3305,15,14,32,1
-7862,-1.919434,-3305,15,14,32,1
-7861,-1.919189,-3305,15,14,32,1
-7860,-1.918945,-3305,15,14,32,1
-7859,-1.918701,-3305,15,14,32,1
-7858,-1.918457,-3305,15,14,32,1
-7857,-1.918213,-3305,15,14,32,1
-7856,-1.917969,-3305,15,14,32,1
-7855,-1.917725,-3305,15,14,32,1
-7854,-1.917480,-3305,15,14,32,1
-7853,-1.917236,-3305,15,14,32,1
-7852,-1.916992,-3305,15,14,32,1
-7851,-1.916748,-3305,15,14,32,1
-7850,-1.916504,-3305,15,14,32,1
-7849,-1.916260,-3305,15,14,32,1
-7848,-1.916016,-3305,15,14,32,1
-7847,-1.915771,-3305,15,14,32,1
-7846,-1.915527,-3305,15,14,32,1
-7845,-1.915283,-3305,15,14,32,1
-7844,-1.915039,-3305,15,14,32,1
-7843,-1.914795,-3305,15,14,32,1
-7842,-1.914551,-3305,15,14,32,1
-7841,-1.914307,-3305,15,14,32,1
-7840,-1.914062,-3305,15,14,32,1
-7839,-1.913818,-3305,15,14,32,1
-7838,-1.913574,-3305,15,14,32,1
-7837,-1.913330,-3305,15,14,32,1
-7836,-1.913086,-3305,15,14,32,1
-7835,-1.912842,-3305,15,14,32,1
-7834,-1.912598,-3305,15,14,32,1
-7833,-1.912354,-3305,15,14,32,1
-7832,-1.912109,-3305,15,14,32,1
-7831,-1.911865,-3305,15,14,32,1
-7830,-1.911621,-3305,15,14,32,1
-7829,-1.911377,-3305,15,14,32,1
-7828,-1.911133,-3305,15,14,32,1
-7827,-1.910889,-3305,15,14,32,1
-7826,-1.910645,-3305,15,14,32,1
-7825,-1.910400,-3305,15,14,32,1
-7824,-1.910156,-3305,15,14,32,1
-7823,-1.909912,-3305,15,14,32,1
-7822,-1.909668,-3305,15,14,32,1
-7821,-1.909424,-3305,15,14,32,1
-7820,-1.909180,-3305,15,14,32,1
-7819,-1.908936,-3305,15,14,32,1
-7818,-1.908691,-3305,15,14,32,1
-7817,-1.908447,-3305,15,14,32,1
-7816,-1.908203,-3305,15,14,32,1
-7815,-1.907959,-3305,15,14,32,1
-7814,-1.907715,-3305,15,14,32,1
-7813,-1.907471,-3305,15,14,32,1
-7812,-1.907227,-3305,15,14,32,1
-7811,-1.906982,-3305,15,14,32,1
-7810,-1.906738,-3305,15,14,32,1
-7809,-1.906494,-3305,15,14,32,1
-7808,-1.906250,-3305,15,14,32,1
-7807,-1.906006,-3305,15,14,32,1
-7806,-1.905762,-3305,15,14,32,1
-7805,-1.905518,-3305,15,14,32,1
-7804,-1.905273,-3305,15,14,32,1
-7803,-1.905029,-3305,15,14,32,1
-7802,-1.904785,-3305,15,14,32,1
-7801,-1.904541,-3305,15,14,32,1
-7800,-1.904297,-3305,15,14,32,1
-7799,-1.904053,-3305,15,14,32,1
-7798,-1.903809,-3305,15,14,32,1
-7797,-1.903564,-3305,15,14,32,1
-7796,-1.903320,-3305,15,14,32,1
-7795,-1.903076,-3305,15,14,32,1
-7794,-1.902832,-3305,15,14,32,1
-7793,-1.902588,-3305,15,14,32,1
-7792,-1.902344,-3305,15,14,32,1
-7791,-1.902100,-3305,15,14,32,1
-7790,-1.901855,-3305,15,14,32,1
-7789,-1.901611,-3305,15,14,32,1
-7788,-1.901367,-3305,15,14,32,1
-7787,-1.901123,-3305,15,14,32,1
-7786,-1.900879,-3305,15,14,32,1
-7785,-1.900635,-3305,15,14,32,1
-7784,-1.900391,-3305,15,14,32,1
-7783,-1.900146,-3305,15,14,32,1
-7782,-1.899902,-3305,15,14,32,1
-7781,-1.899658,-3305,15,14,32,1
-7780,-1.899414,-3305,15,14,32,1
-7779,-1.899170,-3305,15,14,32,1
-7778,-1.898926,-3305,15,14,32,1
-7777,-1.898682,-3305,15,14,32,1
-7776,-1.898438,-3305,15,14,32,1
-7775,-1.898193,-3305,15,14,32,1
-7774,-1.897949,-3305,15,14,32,1
-7773,-1.897705,-3305,15,14,32,1
-7772,-1.897461,-3305,15,14,32,1
-7771,-1.897217,-3305,15,14,32,1
-7770,-1.896973,-3305,15,14,32,1
-7769,-1.896729,-3305,15,14,32,1
-7768,-1.896484,-3305,15,14,32,1
-7767,-1.896240,-3305,15,14,32,1
-7766,-1.895996,-3305,15,14,32,1
-7765,-1.895752,-3305,15,14,32,1
-7764,-1.895508,-3305,15,14,32,1
-7763,-1.895264,-3305,15,14,32,1
-7762,-1.895020,-3305,15,14,32,1
-7761,-1.894775,-3305,15,14,32,1
-7760,-1.894531,-3305,15,14,32,1
-7759,-1.894287,-3305,15,14,32,1
-7758,-1.894043,-3305,15,14,32,1
-7757,-1.893799,-3305,15,14,32,1
-7756,-1.893555,-3305,15,14,32,1
-7755,-1.893311,-3305,15,14,32,1
-7754,-1.893066,-3305,15,14,32,1
-7753,-1.892822,-3305,15,14,32,1
-7752,-1.892578,-3305,15,14,32,1
-7751,-1.892334,-3305,15,14,32,1
-7750,-1.892090,-3305,15,14,32,1
-7749,-1.891846,-3305,15,14,32,1
-7748,-1.891602,-3305,15,14,32,1
-7747,-1.891357,-3305,15,14,32,1
-7746,-1.891113,-3305,15,14,32,1
-7745,-1.890869,-3305,15,14,32,1
-7744,-1.890625,-3305,15,14,32,1
-7743,-1.890381,-3305,15,14,32,1
-7742,-1.890137,-3305,15,14,32,1
-7741,-1.889893,-3305,15,14,32,1
-7740,-1.889648,-3305,15,14,32,1
-7739,-1.889404,-3305,15,14,32,1
-7738,-1.889160,-3305,15,14,32,1
-7737,-1.888916,-3305,15,14,32,1
-7736,-1.888672,-3305,15,14,32,1
-7735,-1.888428,-3305,15,14,32,1
-7734,-1.888184,-3305,15,14,32,1
-7733,-1.887939,-3305,15,14,32,1
-7732,-1.887695,-3305,15,14,32,1
-7731,-1.887451,-3305,15,14,32,1
-7730,-1.887207,-3305,15,14,32,1
-7729,-1.886963,-3305,15,14,32,1
-7728,-1.886719,-3305,15,14,32,1
-7727,-1.886475,-3305,15,14,32,1
-7726,-1.886230,-3305,15,14,32,1
-7725,-1.885986,-3305,15,14,32,1
-7724,-1.885742,-3305,15,14,32,1
-7723,-1.885498,-3305,15,14,32,1
-7722,-1.885254,-3305,15,14,32,1
-7721,-1.885010,-3305,15,14,32,1
-7720,-1.884766,-3305,15,14,32,1
-7719,-1.884521,-3305,15,14,32,1
-7718,-1.884277,-3305,15,14,32,1
-7717,-1.884033,-3305,15,14,32,1
-7716,-1.883789,-3305,15,14,32,1
-7715,-1.883545,-3305,15,14,32,1
-7714,-1.883301,-3305,15,14,32,1
-7713,-1.883057,-3305,15,14,32,1
-7712,-1.882812,-3305,15,14,32,1
-7711,-1.882568,-3305,15,14,32,1
-7710,-1.882324,-3305,15,14,32,1
-7709,-1.882080,-3305,15,14,32,1
-7708,-1.881836,-3305,15,14,32,1
-7707,-1.881592,-3305,15,14,32,1
-7706,-1.881348,-3305,15,14,32,1
-7705,-1.881104,-3305,15,14,32,1
-7704,-1.880859,-3305,15,14,32,1
-7703,-1.880615,-3305,15,14,32,1
-7702,-1.880371,-3305,15,14,32,1
-7701,-1.880127,-3305,15,14,32,1
-7700,-1.879883,-3305,15,14,32,1
-7699,-1.879639,-3305,15,14,32,1
-7698,-1.879395,-3305,15,14,32,1
-7697,-1.879150,-3305,15,14,32,1
-7696,-1.878906,-3305,15,14,32,1
-7695,-1.878662,-3305,15,14,32,1
-7694,-1.878418,-3305,15,14,32,1
-7693,-1.878174,-3305,15,14,32,1
-7692,-1.877930,-3305,15,14,32,1
-7691,-1.877686,-3305,15,14,32,1
-7690,-1.877441,-3305,15,14,32,1
-7689,-1.877197,-3305,15,14,32,1
-7688,-1.876953,-3305,15,14,32,1
-7687,-1.876709,-3305,15,14,32,1
-7686,-1.876465,-3305,15,14,32,1
-7685,-1.876221,-3305,15,14,32,1
-7684,-1.875977,-3305,15,14,32,1
-7683,-1.875732,-3305,15,14,32,1
-7682,-1.875488,-3305,15,14,32,1
-7681,-1.875244,-3305,15,14,32,1
-7680,-1.875000,-3305,15,14,32,1
-7679,-1.874756,-3305,15,14,32,1
-7678,-1.874512,-3305,15,14,32,1
-7677,-1.874268,-3305,15,14,32,1
-7676,-1.874023,-3305,15,14,32,1
-7675,-1.873779,-3305,15,14,32,1
-7674,-1.873535,-3305,15,14,32,1
-7673,-1.873291,-3305,15,14,32,1
-7672,-1.873047,-3305,15,14,32,1
-7671,-1.872803,-3305,15,14,32,1
-7670,-1.872559,-3305,15,14,32,1
-7669,-1.872314,-3305,15,14,32,1
-7668,-1.872070,-3305,15,14,32,1
-7667,-1.871826,-3305,15,14,32,1
-7666,-1.871582,-3305,15,14,32,1
-7665,-1.871338,-3305,15,14,32,1
-7664,-1.871094,-3305,15,14,32,1
-7663,-1.870850,-3305,15,14,32,1
-7662,-1.870605,-3305,15,14,32,1
-7661,-1.870361,-3305,15,14,32,1
-7660,-1.870117,-3305,15,14,32,1
-7659,-1.869873,-3305,15,14,32,1
-7658,-1.869629,-3305,15,14,32,1
-7657,-1.869385,-3305,15,14,32,1
-7656,-1.869141,-3305,15,14,32,1
-7655,-1.868896,-3305,15,14,32,1
-7654,-1.868652,-3305,15,14,32,1
-7653,-1.868408,-3305,15,14,32,1
-7652,-1.868164,-3305,15,14,32,1
-7651,-1.867920,-3305,15,14,32,1
-7650,-1.867676,-3305,15,14,32,1
-7649,-1.867432,-3305,15,14,32,1
-7648,-1.867188,-3305,15,14,32,1
-7647,-1.866943,-3305,15,14,32,1
-7646,-1.866699,-3305,15,14,32,1
-7645,-1.866455,-3305,15,14,32,1
-7644,-1.866211,-3305,15,14,32,1
-7643,-1.865967,-3305,15,14,32,1
-7642,-1.865723,-3305,15,14,32,1
-7641,-1.865479,-3305,15,14,32,1
-7640,-1.865234,-3305,15,14,32,1
-7639,-1.864990,-3305,15,14,32,1
-7638,-1.864746,-3305,15,14,32,1
-7637,-1.864502,-3305,15,14,32,1
-7636,-1.864258,-3305,15,14,32,1
-7635,-1.864014,-3305,15,14,32,1
-7634,-1.863770,-3305,15,14,32,1
-7633,-1.863525,-3305,15,14,32,1
-7632,-1.863281,-3305,15,14,32,1
-7631,-1.863037,-3305,15,14,32,1
-7630,-1.862793,-3305,15,14,32,1
-7629,-1.862549,-3305,15,14,32,1
-7628,-1.862305,-3305,15,14,32,1
-7627,-1.862061,-3305,15,14,32,1
-7626,-1.861816,-3305,15,14,32,1
-7625,-1.861572,-3305,15,14,32,1
-7624,-1.861328,-3305,15,14,32,1
-7623,-1.861084,-3305,15,14,32,1
-7622,-1.860840,-3305,15,14,32,1
-7621,-1.860596,-3305,15,14,32,1
-7620,-1.860352,-3305,15,14,32,1
-7619,-1.860107,-3305,15,14,32,1
-7618,-1.859863,-3305,15,14,32,1
-7617,-1.859619,-3305,15,14,32,1
-7616,-1.859375,-3305,15,14,32,1
-7615,-1.859131,-3305,15,14,32,1
-7614,-1.858887,-3305,15,14,32,1
-7613,-1.858643,-3305,15,14,32,1
-7612,-1.858398,-3305,15,14,32,1
-7611,-1.858154,-3305,15,14,32,1
-7610,-1.857910,-3305,15,14,32,1
-7609,-1.857666,-3305,15,14,32,1
-7608,-1.857422,-3305,15,14,32,1
-7607,-1.857178,-3305,15,14,32,1
-7606,-1.856934,-3305,15,14,32,1
-7605,-1.856689,-3305,15,14,32,1
-7604,-1.856445,-3305,15,14,32,1
-7603,-1.856201,-3305,15,14,32,1
-7602,-1.855957,-3305,15,14,32,1
-7601,-1.855713,-3305,15,14,32,1
-7600,-1.855469,-3305,15,14,32,1
-7599,-1.855225,-3305,15,14,32,1
-7598,-1.854980,-3305,15,14,32,1
-7597,-1.854736,-3305,15,14,32,1
-7596,-1.854492,-3305,15,14,32,1
-7595,-1.854248,-3305,15,14,32,1
-7594,-1.854004,-3305,15,14,32,1
-7593,-1.853760,-3305,15,14,32,1
-7592,-1.853516,-3305,15,14,32,1
-7591,-1.853271,-3305,15,14,32,1
-7590,-1.853027,-3305,15,14,32,1
-7589,-1.852783,-3305,15,14,32,1
-7588,-1.852539,-3305,15,14,32,1
-7587,-1.852295,-3305,15,14,32,1
-7586,-1.852051,-3305,15,14,32,1
-7585,-1.851807,-3305,15,14,32,1
-7584,-1.851562,-3305,15,14,32,1
-7583,-1.851318,-3305,15,14,32,1
-7582,-1.851074,-3305,15,14,32,1
-7581,-1.850830,-3305,15,14,32,1
-7580,-1.850586,-3305,15,14,32,1
-7579,-1.850342,-3305,15,14,32,1
-7578,-1.850098,-3305,15,14,32,1
-7577,-1.849854,-3305,15,14,32,1
-7576,-1.849609,-3305,15,14,32,1
-7575,-1.849365,-3305,15,14,32,1
-7574,-1.849121,-3305,15,14,32,1
-7573,-1.848877,-3305,15,14,32,1
-7572,-1.848633,-3305,15,14,32,1
-7571,-1.848389,-3305,15,14,32,1
-7570,-1.848145,-3305,15,14,32,1
-7569,-1.847900,-3305,15,14,32,1
-7568,-1.847656,-3305,15,14,32,1
-7567,-1.847412,-3305,15,14,32,1
-7566,-1.847168,-3305,15,14,32,1
-7565,-1.846924,-3305,15,14,32,1
-7564,-1.846680,-3305,15,14,32,1
-7563,-1.846436,-3305,15,14,32,1
-7562,-1.846191,-3305,15,14,32,1
-7561,-1.845947,-3305,15,14,32,1
-7560,-1.845703,-3305,15,14,32,1
-7559,-1.845459,-3305,15,14,32,1
-7558,-1.845215,-3305,15,14,32,1
-7557,-1.844971,-3305,15,14,32,1
-7556,-1.844727,-3305,15,14,32,1
-7555,-1.844482,-3305,15,14,32,1
-7554,-1.844238,-3305,15,14,32,1
-7553,-1.843994,-3305,15,14,32,1
-7552,-1.843750,-3305,15,14,32,1
-7551,-1.843506,-3305,15,14,32,1
-7550,-1.843262,-3305,15,14,32,1
-7549,-1.843018,-3305,15,14,32,1
-7548,-1.842773,-3305,15,14,32,1
-7547,-1.842529,-3305,15,14,32,1
-7546,-1.842285,-3305,15,14,32,1
-7545,-1.842041,-3305,15,14,32,1
-7544,-1.841797,-3305,15,14,32,1
-7543,-1.841553,-3305,15,14,32,1
-7542,-1.841309,-3305,15,14,32,1
-7541,-1.841064,-3305,15,14,32,1
-7540,-1.840820,-3305,15,14,32,1
-7539,-1.840576,-3305,15,14,32,1
-7538,-1.840332,-3305,15,14,32,1
-7537,-1.840088,-3305,15,14,32,1
-7536,-1.839844,-3305,15,14,32,1
-7535,-1.839600,-3305,15,14,32,1
-7534,-1.839355,-3305,15,14,32,1
-7533,-1.839111,-3305,15,14,32,1
-7532,-1.838867,-3305,15,14,32,1
-7531,-1.838623,-3305,15,14,32,1
-7530,-1.838379,-3305,15,14,32,1
-7529,-1.838135,-3305,15,14,32,1
-7528,-1.837891,-3305,15,14,32,1
-7527,-1.837646,-3305,15,14,32,1
-7526,-1.837402,-3305,15,14,32,1
-7525,-1.837158,-3305,15,14,32,1
-7524,-1.836914,-3305,15,14,32,1
-7523,-1.836670,-3305,15,14,32,1
-7522,-1.836426,-3305,15,14,32,1
-7521,-1.836182,-3305,15,14,32,1
-7520,-1.835938,-3305,15,14,32,1
-7519,-1.835693,-3305,15,14,32,1
-7518,-1.835449,-3305,15,14,32,1
-7517,-1.835205,-3305,15,14,32,1
-7516,-1.834961,-3305,15,14,32,1
-7515,-1.834717,-3305,15,14,32,1
-7514,-1.834473,-3305,15,14,32,1
-7513,-1.834229,-3305,15,14,32,1
-7512,-1.833984,-3305,15,14,32,1
-7511,-1.833740,-3305,15,14,32,1
-7510,-1.833496,-3305,15,14,32,1
-7509,-1.833252,-3305,15,14,32,1
-7508,-1.833008,-3305,15,14,32,1
-7507,-1.832764,-3305,15,14,32,1
-7506,-1.832520,-3305,15,14,32,1
-7505,-1.832275,-3305,15,14,32,1
-7504,-1.832031,-3305,15,14,32,1
-7503,-1.831787,-3305,15,14,32,1
-7502,-1.831543,-3305,15,14,32,1
-7501,-1.831299,-3305,15,14,32,1
-7500,-1.831055,-3305,15,14,32,1
-7499,-1.830811,-3305,15,14,32,1
-7498,-1.830566,-3305,15,14,32,1
-7497,-1.830322,-3305,15,14,32,1
-7496,-1.830078,-3305,15,14,32,1
-7495,-1.829834,-3305,15,14,32,1
-7494,-1.829590,-3305,15,14,32,1
-7493,-1.829346,-3305,15,14,32,1
-7492,-1.829102,-3305,15,14,32,1
-7491,-1.828857,-3305,15,14,32,1
-7490,-1.828613,-3305,15,14,32,1
-7489,-1.828369,-3305,15,14,32,1
-7488,-1.828125,-3305,15,14,32,1
-7487,-1.827881,-3305,15,14,32,1
-7486,-1.827637,-3305,15,14,32,1
-7485,-1.827393,-3305,15,14,32,1
-7484,-1.827148,-3305,15,14,32,1
-7483,-1.826904,-3305,15,14,32,1
-7482,-1.826660,-3305,15,14,32,1
-7481,-1.826416,-3305,15,14,32,1
-7480,-1.826172,-3305,15,14,32,1
-7479,-1.825928,-3305,15,14,32,1
-7478,-1.825684,-3305,15,14,32,1
-7477,-1.825439,-3305,15,14,32,1
-7476,-1.825195,-3305,15,14,32,1
-7475,-1.824951,-3305,15,14,32,1
-7474,-1.824707,-3305,15,14,32,1
-7473,-1.824463,-3305,15,14,32,1
-7472,-1.824219,-3305,15,14,32,1
-7471,-1.823975,-3305,15,14,32,1
-7470,-1.823730,-3305,15,14,32,1
-7469,-1.823486,-3305,15,14,32,1
-7468,-1.823242,-3305,15,14,32,1
-7467,-1.822998,-3305,15,14,32,1
-7466,-1.822754,-3305,15,14,32,1
-7465,-1.822510,-3305,15,14,32,1
-7464,-1.822266,-3305,15,14,32,1
-7463,-1.822021,-3305,15,14,32,1
-7462,-1.821777,-3305,15,14,32,1
-7461,-1.821533,-3305,15,14,32,1
-7460,-1.821289,-3305,15,14,32,1
-7459,-1.821045,-3305,15,14,32,1
-7458,-1.820801,-3305,15,14,32,1
-7457,-1.820557,-3305,15,14,32,1
-7456,-1.820312,-3305,15,14,32,1
-7455,-1.820068,-3305,15,14,32,1
-7454,-1.819824,-3305,15,14,32,1
-7453,-1.819580,-3305,15,14,32,1
-7452,-1.819336,-3305,15,14,32,1
-7451,-1.819092,-3305,15,14,32,1
-7450,-1.818848,-3305,15,14,32,1
-7449,-1.818604,-3305,15,14,32,1
-7448,-1.818359,-3305,15,14,32,1
-7447,-1.818115,-3305,15,14,32,1
-7446,-1.817871,-3305,15,14,32,1
-7445,-1.817627,-3305,15,14,32,1
-7444,-1.817383,-3305,15,14,32,1
-7443,-1.817139,-3305,15,14,32,1
-7442,-1.816895,-3305,15,14,32,1
-7441,-1.816650,-3305,15,14,32,1
-7440,-1.816406,-3305,15,14,32,1
-7439,-1.816162,-3305,15,14,32,1
-7438,-1.815918,-3305,15,14,32,1
-7437,-1.815674,-3305,15,14,32,1
-7436,-1.815430,-3305,15,14,32,1
-7435,-1.815186,-3305,15,14,32,1
-7434,-1.814941,-3305,15,14,32,1
-7433,-1.814697,-3305,15,14,32,1
-7432,-1.814453,-3305,15,14,32,1
-7431,-1.814209,-3305,15,14,32,1
-7430,-1.813965,-3305,15,14,32,1
-7429,-1.813721,-3305,15,14,32,1
-7428,-1.813477,-3305,15,14,32,1
-7427,-1.813232,-3305,15,14,32,1
-7426,-1.812988,-3305,15,14,32,1
-7425,-1.812744,-3305,15,14,32,1
-7424,-1.812500,-3305,15,14,32,1
-7423,-1.812256,-3305,15,14,32,1
-7422,-1.812012,-3305,15,14,32,1
-7421,-1.811768,-3305,15,14,32,1
-7420,-1.811523,-3305,15,14,32,1
-7419,-1.811279,-3305,15,14,32,1
-7418,-1.811035,-3305,15,14,32,1
-7417,-1.810791,-3305,15,14,32,1
-7416,-1.810547,-3305,15,14,32,1
-7415,-1.810303,-3305,15,14,32,1
-7414,-1.810059,-3305,15,14,32,1
-7413,-1.809814,-3305,15,14,32,1
-7412,-1.809570,-3305,15,14,32,1
-7411,-1.809326,-3305,15,14,32,1
-7410,-1.809082,-3305,15,14,32,1
-7409,-1.808838,-3305,15,14,32,1
-7408,-1.808594,-3305,15,14,32,1
-7407,-1.808350,-3305,15,14,32,1
-7406,-1.808105,-3305,15,14,32,1
-7405,-1.807861,-3305,15,14,32,1
-7404,-1.807617,-3305,15,14,32,1
-7403,-1.807373,-3305,15,14,32,1
-7402,-1.807129,-3305,15,14,32,1
-7401,-1.806885,-3305,15,14,32,1
-7400,-1.806641,-3305,15,14,32,1
-7399,-1.806396,-3305,15,14,32,1
-7398,-1.806152,-3305,15,14,32,1
-7397,-1.805908,-3305,15,14,32,1
-7396,-1.805664,-3305,15,14,32,1
-7395,-1.805420,-3305,15,14,32,1
-7394,-1.805176,-3305,15,14,32,1
-7393,-1.804932,-3305,15,14,32,1
-7392,-1.804688,-3305,15,14,32,1
-7391,-1.804443,-3305,15,14,32,1
-7390,-1.804199,-3305,15,14,32,1
-7389,-1.803955,-3305,15,14,32,1
-7388,-1.803711,-3305,15,14,32,1
-7387,-1.803467,-3305,15,14,32,1
-7386,-1.803223,-3305,15,14,32,1
-7385,-1.802979,-3305,15,14,32,1
-7384,-1.802734,-3305,15,14,32,1
-7383,-1.802490,-3305,15,14,32,1
-7382,-1.802246,-3305,15,14,32,1
-7381,-1.802002,-3305,15,14,32,1
-7380,-1.801758,-3305,15,14,32,1
-7379,-1.801514,-3305,15,14,32,1
-7378,-1.801270,-3305,15,14,32,1
-7377,-1.801025,-3305,15,14,32,1
-7376,-1.800781,-3305,15,14,32,1
-7375,-1.800537,-3305,15,14,32,1
-7374,-1.800293,-3305,15,14,32,1
-7373,-1.800049,-3305,15,14,32,1
-7372,-1.799805,-3305,15,14,32,1
-7371,-1.799561,-3305,15,14,32,1
-7370,-1.799316,-3305,15,14,32,1
-7369,-1.799072,-3305,15,14,32,1
-7368,-1.798828,-3305,15,14,32,1
-7367,-1.798584,-3305,15,14,32,1
-7366,-1.798340,-3305,15,14,32,1
-7365,-1.798096,-3305,15,14,32,1
-7364,-1.797852,-3305,15,14,32,1
-7363,-1.797607,-3305,15,14,32,1
-7362,-1.797363,-3305,15,14,32,1
-7361,-1.797119,-3305,15,14,32,1
-7360,-1.796875,-3305,15,14,32,1
-7359,-1.796631,-3305,15,14,32,1
-7358,-1.796387,-3305,15,14,32,1
-7357,-1.796143,-3305,15,14,32,1
-7356,-1.795898,-3305,15,14,32,1
-7355,-1.795654,-3305,15,14,32,1
-7354,-1.795410,-3305,15,14,32,1
-7353,-1.795166,-3305,15,14,32,1
-7352,-1.794922,-3305,15,14,32,1
-7351,-1.794678,-3305,15,14,32,1
-7350,-1.794434,-3305,15,14,32,1
-7349,-1.794189,-3305,15,14,32,1
-7348,-1.793945,-3305,15,14,32,1
-7347,-1.793701,-3305,15,14,32,1
-7346,-1.793457,-3305,15,14,32,1
-7345,-1.793213,-3305,15,14,32,1
-7344,-1.792969,-3305,15,14,32,1
-7343,-1.792725,-3305,15,14,32,1
-7342,-1.792480,-3305,15,14,32,1
-7341,-1.792236,-3305,15,14,32,1
-7340,-1.791992,-3305,15,14,32,1
-7339,-1.791748,-3305,15,14,32,1
-7338,-1.791504,-3305,15,14,32,1
-7337,-1.791260,-3305,15,14,32,1
-7336,-1.791016,-3305,15,14,32,1
-7335,-1.790771,-3305,15,14,32,1
-7334,-1.790527,-3305,15,14,32,1
-7333,-1.790283,-3305,15,14,32,1
-7332,-1.790039,-3305,15,14,32,1
-7331,-1.789795,-3305,15,14,32,1
-7330,-1.789551,-3305,15,14,32,1
-7329,-1.789307,-3305,15,14,32,1
-7328,-1.789062,-3305,15,14,32,1
-7327,-1.788818,-3305,15,14,32,1
-7326,-1.788574,-3305,15,14,32,1
-7325,-1.788330,-3305,15,14,32,1
-7324,-1.788086,-3305,15,14,32,1
-7323,-1.787842,-3305,15,14,32,1
-7322,-1.787598,-3305,15,14,32,1
-7321,-1.787354,-3305,15,14,32,1
-7320,-1.787109,-3305,15,14,32,1
-7319,-1.786865,-3305,15,14,32,1
-7318,-1.786621,-3305,15,14,32,1
-7317,-1.786377,-3305,15,14,32,1
-7316,-1.786133,-3305,15,14,32,1
-7315,-1.785889,-3305,15,14,32,1
-7314,-1.785645,-3305,15,14,32,1
-7313,-1.785400,-3305,15,14,32,1
-7312,-1.785156,-3305,15,14,32,1
-7311,-1.784912,-3305,15,14,32,1
-7310,-1.784668,-3305,15,14,32,1
-7309,-1.784424,-3305,15,14,32,1
-7308,-1.784180,-3305,15,14,32,1
-7307,-1.783936,-3305,15,14,32,1
-7306,-1.783691,-3305,15,14,32,1
-7305,-1.783447,-3305,15,14,32,1
-7304,-1.783203,-3305,15,14,32,1
-7303,-1.782959,-3305,15,14,32,1
-7302,-1.782715,-3305,15,14,32,1
-7301,-1.782471,-3305,15,14,32,1
-7300,-1.782227,-3305,15,14,32,1
-7299,-1.781982,-3305,15,14,32,1
-7298,-1.781738,-3305,15,14,32,1
-7297,-1.781494,-3305,15,14,32,1
-7296,-1.781250,-3305,15,14,32,1
-7295,-1.781006,-3305,15,14,32,1
-7294,-1.780762,-3305,15,14,32,1
-7293,-1.780518,-3305,15,14,32,1
-7292,-1.780273,-3305,15,14,32,1
-7291,-1.780029,-3305,15,14,32,1
-7290,-1.779785,-3305,15,14,32,1
-7289,-1.779541,-3305,15,14,32,1
-7288,-1.779297,-3305,15,14,32,1
-7287,-1.779053,-3305,15,14,32,1
-7286,-1.778809,-3305,15,14,32,1
-7285,-1.778564,-3305,15,14,32,1
-7284,-1.778320,-3305,15,14,32,1
-7283,-1.778076,-3305,15,14,32,1
-7282,-1.777832,-3305,15,14,32,1
-7281,-1.777588,-3305,15,14,32,1
-7280,-1.777344,-3305,15,14,32,1
-7279,-1.777100,-3305,15,14,32,1
-7278,-1.776855,-3305,15,14,32,1
-7277,-1.776611,-3305,15,14,32,1
-7276,-1.776367,-3305,15,14,32,1
-7275,-1.776123,-3305,15,14,32,1
-7274,-1.775879,-3305,15,14,32,1
-7273,-1.775635,-3305,15,14,32,1
-7272,-1.775391,-3305,15,14,32,1
-7271,-1.775146,-3305,15,14,32,1
-7270,-1.774902,-3305,15,14,32,1
-7269,-1.774658,-3305,15,14,32,1
-7268,-1.774414,-3305,15,14,32,1
-7267,-1.774170,-3305,15,14,32,1
-7266,-1.773926,-3305,15,14,32,1
-7265,-1.773682,-3305,15,14,32,1
-7264,-1.773438,-3305,15,14,32,1
-7263,-1.773193,-3305,15,14,32,1
-7262,-1.772949,-3305,15,14,32,1
-7261,-1.772705,-3305,15,14,32,1
-7260,-1.772461,-3305,15,14,32,1
-7259,-1.772217,-3305,15,14,32,1
-7258,-1.771973,-3305,15,14,32,1
-7257,-1.771729,-3305,15,14,32,1
-7256,-1.771484,-3305,15,14,32,1
-7255,-1.771240,-3305,15,14,32,1
-7254,-1.770996,-3305,15,14,32,1
-7253,-1.770752,-3305,15,14,32,1
-7252,-1.770508,-3305,15,14,32,1
-7251,-1.770264,-3305,15,14,32,1
-7250,-1.770020,-3305,15,14,32,1
-7249,-1.769775,-3305,15,14,32,1
-7248,-1.769531,-3305,15,14,32,1
-7247,-1.769287,-3305,15,14,32,1
-7246,-1.769043,-3305,15,14,32,1
-7245,-1.768799,-3305,15,14,32,1
-7244,-1.768555,-3305,15,14,32,1
-7243,-1.768311,-3305,15,14,32,1
-7242,-1.768066,-3305,15,14,32,1
-7241,-1.767822,-3305,15,14,32,1
-7240,-1.767578,-3305,15,14,32,1
-7239,-1.767334,-3305,15,14,32,1
-7238,-1.767090,-3305,15,14,32,1
-7237,-1.766846,-3305,15,14,32,1
-7236,-1.766602,-3305,15,14,32,1
-7235,-1.766357,-3305,15,14,32,1
-7234,-1.766113,-3305,15,14,32,1
-7233,-1.765869,-3305,15,14,32,1
-7232,-1.765625,-3305,15,14,32,1
-7231,-1.765381,-3305,15,14,32,1
-7230,-1.765137,-3305,15,14,32,1
-7229,-1.764893,-3305,15,14,32,1
-7228,-1.764648,-3305,15,14,32,1
-7227,-1.764404,-3305,15,14,32,1
-7226,-1.764160,-3305,15,14,32,1
-7225,-1.763916,-3305,15,14,32,1
-7224,-1.763672,-3305,15,14,32,1
-7223,-1.763428,-3305,15,14,32,1
-7222,-1.763184,-3305,15,14,32,1
-7221,-1.762939,-3305,15,14,32,1
-7220,-1.762695,-3305,15,14,32,1
-7219,-1.762451,-3305,15,14,32,1
-7218,-1.762207,-3305,15,14,32,1
-7217,-1.761963,-3305,15,14,32,1
-7216,-1.761719,-3305,15,14,32,1
-7215,-1.761475,-3305,15,14,32,1
-7214,-1.761230,-3305,15,14,32,1
-7213,-1.760986,-3305,15,14,32,1
-7212,-1.760742,-3305,15,14,32,1
-7211,-1.760498,-3305,15,14,32,1
-7210,-1.760254,-3305,15,14,32,1
-7209,-1.760010,-3305,15,14,32,1
-7208,-1.759766,-3305,15,14,32,1
-7207,-1.759521,-3305,15,14,32,1
-7206,-1.759277,-3305,15,14,32,1
-7205,-1.759033,-3305,15,14,32,1
-7204,-1.758789,-3305,15,14,32,1
-7203,-1.758545,-3305,15,14,32,1
-7202,-1.758301,-3305,15,14,32,1
-7201,-1.758057,-3305,15,14,32,1
-7200,-1.757812,-3305,15,14,32,1
-7199,-1.757568,-3305,15,14,32,1
-7198,-1.757324,-3305,15,14,32,1
-7197,-1.757080,-3305,15,14,32,1
-7196,-1.756836,-3305,15,14,32,1
-7195,-1.756592,-3305,15,14,32,1
-7194,-1.756348,-3305,15,14,32,1
-7193,-1.756104,-3305,15,14,32,1
-7192,-1.755859,-3305,15,14,32,1
-7191,-1.755615,-3305,15,14,32,1
-7190,-1.755371,-3305,15,14,32,1
-7189,-1.755127,-3305,15,14,32,1
-7188,-1.754883,-3305,15,14,32,1
-7187,-1.754639,-3305,15,14,32,1
-7186,-1.754395,-3305,15,14,32,1
-7185,-1.754150,-3305,15,14,32,1
-7184,-1.753906,-3305,15,14,32,1
-7183,-1.753662,-3305,15,14,32,1
-7182,-1.753418,-3305,15,14,32,1
-7181,-1.753174,-3305,15,14,32,1
-7180,-1.752930,-3305,15,14,32,1
-7179,-1.752686,-3305,15,14,32,1
-7178,-1.752441,-3305,15,14,32,1
-7177,-1.752197,-3305,15,14,32,1
-7176,-1.751953,-3305,15,14,32,1
-7175,-1.751709,-3305,15,14,32,1
-7174,-1.751465,-3305,15,14,32,1
-7173,-1.751221,-3305,15,14,32,1
-7172,-1.750977,-3305,15,14,32,1
-7171,-1.750732,-3305,15,14,32,1
-7170,-1.750488,-3305,15,14,32,1
-7169,-1.750244,-3305,15,14,32,1
-7168,-1.750000,-3305,15,14,32,1
-7167,-1.749756,-3305,15,14,32,1
-7166,-1.749512,-3305,15,14,32,1
-7165,-1.749268,-3305,15,14,32,1
-7164,-1.749023,-3305,15,14,32,1
-7163,-1.748779,-3305,15,14,32,1
-7162,-1.748535,-3305,15,14,32,1
-7161,-1.748291,-3305,15,14,32,1
-7160,-1.748047,-3305,15,14,32,1
-7159,-1.747803,-3305,15,14,32,1
-7158,-1.747559,-3305,15,14,32,1
-7157,-1.747314,-3305,15,14,32,1
-7156,-1.747070,-3305,15,14,32,1
-7155,-1.746826,-3305,15,14,32,1
-7154,-1.746582,-3305,15,14,32,1
-7153,-1.746338,-3305,15,14,32,1
-7152,-1.746094,-3305,15,14,32,1
-7151,-1.745850,-3305,15,14,32,1
-7150,-1.745605,-3305,15,14,32,1
-7149,-1.745361,-3305,15,14,32,1
-7148,-1.745117,-3305,15,14,32,1
-7147,-1.744873,-3305,15,14,32,1
-7146,-1.744629,-3305,15,14,32,1
-7145,-1.744385,-3305,15,14,32,1
-7144,-1.744141,-3305,15,14,32,1
-7143,-1.743896,-3305,15,14,32,1
-7142,-1.743652,-3305,15,14,32,1
-7141,-1.743408,-3305,15,14,32,1
-7140,-1.743164,-3305,15,14,32,1
-7139,-1.742920,-3305,15,14,32,1
-7138,-1.742676,-3305,15,14,32,1
-7137,-1.742432,-3305,15,14,32,1
-7136,-1.742188,-3305,15,14,32,1
-7135,-1.741943,-3305,15,14,32,1
-7134,-1.741699,-3305,15,14,32,1
-7133,-1.741455,-3305,15,14,32,1
-7132,-1.741211,-3305,15,14,32,1
-7131,-1.740967,-3305,15,14,32,1
-7130,-1.740723,-3305,15,14,32,1
-7129,-1.740479,-3305,15,14,32,1
-7128,-1.740234,-3305,15,14,32,1
-7127,-1.739990,-3305,15,14,32,1
-7126,-1.739746,-3305,15,14,32,1
-7125,-1.739502,-3305,15,14,32,1
-7124,-1.739258,-3305,15,14,32,1
-7123,-1.739014,-3305,15,14,32,1
-7122,-1.738770,-3305,15,14,32,1
-7121,-1.738525,-3305,15,14,32,1
-7120,-1.738281,-3305,15,14,32,1
-7119,-1.738037,-3305,15,14,32,1
-7118,-1.737793,-3305,15,14,32,1
-7117,-1.737549,-3305,15,14,32,1
-7116,-1.737305,-3305,15,14,32,1
-7115,-1.737061,-3305,15,14,32,1
-7114,-1.736816,-3305,15,14,32,1
-7113,-1.736572,-3305,15,14,32,1
-7112,-1.736328,-3305,15,14,32,1
-7111,-1.736084,-3305,15,14,32,1
-7110,-1.735840,-3305,15,14,32,1
-7109,-1.735596,-3305,15,14,32,1
-7108,-1.735352,-3305,15,14,32,1
-7107,-1.735107,-3305,15,14,32,1
-7106,-1.734863,-3305,15,14,32,1
-7105,-1.734619,-3305,15,14,32,1
-7104,-1.734375,-3305,15,14,32,1
-7103,-1.734131,-3305,15,14,32,1
-7102,-1.733887,-3305,15,14,32,1
-7101,-1.733643,-3305,15,14,32,1
-7100,-1.733398,-3305,15,14,32,1
-7099,-1.733154,-3305,15,14,32,1
-7098,-1.732910,-3305,15,14,32,1
-7097,-1.732666,-3305,15,14,32,1
-7096,-1.732422,-3305,15,14,32,1
-7095,-1.732178,-3305,15,14,32,1
-7094,-1.731934,-3305,15,14,32,1
-7093,-1.731689,-3305,15,14,32,1
-7092,-1.731445,-3305,15,14,32,1
-7091,-1.731201,-3305,15,14,32,1
-7090,-1.730957,-3305,15,14,32,1
-7089,-1.730713,-3305,15,14,32,1
-7088,-1.730469,-3305,15,14,32,1
-7087,-1.730225,-3305,15,14,32,1
-7086,-1.729980,-3305,15,14,32,1
-7085,-1.729736,-3305,15,14,32,1
-7084,-1.729492,-3305,15,14,32,1
-7083,-1.729248,-3305,15,14,32,1
-7082,-1.729004,-3305,15,14,32,1
-7081,-1.728760,-3305,15,14,32,1
-7080,-1.728516,-3305,15,14,32,1
-7079,-1.728271,-3305,15,14,32,1
-7078,-1.728027,-3305,15,14,32,1
-7077,-1.727783,-3305,15,14,32,1
-7076,-1.727539,-3305,15,14,32,1
-7075,-1.727295,-3305,15,14,32,1
-7074,-1.727051,-3305,15,14,32,1
-7073,-1.726807,-3305,15,14,32,1
-7072,-1.726562,-3305,15,14,32,1
-7071,-1.726318,-3305,15,14,32,1
-7070,-1.726074,-3305,15,14,32,1
-7069,-1.725830,-3305,15,14,32,1
-7068,-1.725586,-3305,15,14,32,1
-7067,-1.725342,-3305,15,14,32,1
-7066,-1.725098,-3305,15,14,32,1
-7065,-1.724854,-3305,15,14,32,1
-7064,-1.724609,-3305,15,14,32,1
-7063,-1.724365,-3305,15,14,32,1
-7062,-1.724121,-3305,15,14,32,1
-7061,-1.723877,-3305,15,14,32,1
-7060,-1.723633,-3305,15,14,32,1
-7059,-1.723389,-3305,15,14,32,1
-7058,-1.723145,-3305,15,14,32,1
-7057,-1.722900,-3305,15,14,32,1
-7056,-1.722656,-3305,15,14,32,1
-7055,-1.722412,-3305,15,14,32,1
-7054,-1.722168,-3305,15,14,32,1
-7053,-1.721924,-3305,15,14,32,1
-7052,-1.721680,-3305,15,14,32,1
-7051,-1.721436,-3305,15,14,32,1
-7050,-1.721191,-3305,15,14,32,1
-7049,-1.720947,-3305,15,14,32,1
-7048,-1.720703,-3305,15,14,32,1
-7047,-1.720459,-3305,15,14,32,1
-7046,-1.720215,-3305,15,14,32,1
-7045,-1.719971,-3305,15,14,32,1
-7044,-1.719727,-3305,15,14,32,1
-7043,-1.719482,-3305,15,14,32,1
-7042,-1.719238,-3305,15,14,32,1
-7041,-1.718994,-3305,15,14,32,1
-7040,-1.718750,-3305,15,14,32,1
-7039,-1.718506,-3305,15,14,32,1
-7038,-1.718262,-3305,15,14,32,1
-7037,-1.718018,-3305,15,14,32,1
-7036,-1.717773,-3305,15,14,32,1
-7035,-1.717529,-3305,15,14,32,1
-7034,-1.717285,-3305,15,14,32,1
-7033,-1.717041,-3305,15,14,32,1
-7032,-1.716797,-3305,15,14,32,1
-7031,-1.716553,-3305,15,14,32,1
-7030,-1.716309,-3305,15,14,32,1
-7029,-1.716064,-3305,15,14,32,1
-7028,-1.715820,-3305,15,14,32,1
-7027,-1.715576,-3305,15,14,32,1
-7026,-1.715332,-3305,15,14,32,1
-7025,-1.715088,-3305,15,14,32,1
-7024,-1.714844,-3305,15,14,32,1
-7023,-1.714600,-3305,15,14,32,1
-7022,-1.714355,-3305,15,14,32,1
-7021,-1.714111,-3305,15,14,32,1
-7020,-1.713867,-3305,15,14,32,1
-7019,-1.713623,-3305,15,14,32,1
-7018,-1.713379,-3305,15,14,32,1
-7017,-1.713135,-3305,15,14,32,1
-7016,-1.712891,-3305,15,14,32,1
-7015,-1.712646,-3305,15,14,32,1
-7014,-1.712402,-3305,15,14,32,1
-7013,-1.712158,-3305,15,14,32,1
-7012,-1.711914,-3305,15,14,32,1
-7011,-1.711670,-3305,15,14,32,1
-7010,-1.711426,-3305,15,14,32,1
-7009,-1.711182,-3305,15,14,32,1
-7008,-1.710938,-3305,15,14,32,1
-7007,-1.710693,-3305,15,14,32,1
-7006,-1.710449,-3305,15,14,32,1
-7005,-1.710205,-3305,15,14,32,1
-7004,-1.709961,-3305,15,14,32,1
-7003,-1.709717,-3305,15,14,32,1
-7002,-1.709473,-3305,15,14,32,1
-7001,-1.709229,-3305,15,14,32,1
-7000,-1.708984,-3305,15,14,32,1
-6999,-1.708740,-3305,15,14,32,1
-6998,-1.708496,-3305,15,14,32,1
-6997,-1.708252,-3305,15,14,32,1
-6996,-1.708008,-3305,15,14,32,1
-6995,-1.707764,-3305,15,14,32,1
-6994,-1.707520,-3305,15,14,32,1
-6993,-1.707275,-3305,15,14,32,1
-6992,-1.707031,-3305,15,14,32,1
-6991,-1.706787,-3305,15,14,32,1
-6990,-1.706543,-3305,15,14,32,1
-6989,-1.706299,-3305,15,14,32,1
-6988,-1.706055,-3305,15,14,32,1
-6987,-1.705811,-3305,15,14,32,1
-6986,-1.705566,-3305,15,14,32,1
-6985,-1.705322,-3305,15,14,32,1
-6984,-1.705078,-3305,15,14,32,1
-6983,-1.704834,-3305,15,14,32,1
-6982,-1.704590,-3305,15,14,32,1
-6981,-1.704346,-3305,15,14,32,1
-6980,-1.704102,-3305,15,14,32,1
-6979,-1.703857,-3305,15,14,32,1
-6978,-1.703613,-3305,15,14,32,1
-6977,-1.703369,-3305,15,14,32,1
-6976,-1.703125,-3305,15,14,32,1
-6975,-1.702881,-3305,15,14,32,1
-6974,-1.702637,-3305,15,14,32,1
-6973,-1.702393,-3305,15,14,32,1
-6972,-1.702148,-3305,15,14,32,1
-6971,-1.701904,-3305,15,14,32,1
-6970,-1.701660,-3305,15,14,32,1
-6969,-1.701416,-3305,15,14,32,1
-6968,-1.701172,-3305,15,14,32,1
-6967,-1.700928,-3305,15,14,32,1
-6966,-1.700684,-3305,15,14,32,1
-6965,-1.700439,-3305,15,14,32,1
-6964,-1.700195,-3305,15,14,32,1
-6963,-1.699951,-3305,15,14,32,1
-6962,-1.699707,-3305,15,14,32,1
-6961,-1.699463,-3305,15,14,32,1
-6960,-1.699219,-3305,15,14,32,1
-6959,-1.698975,-3305,15,14,32,1
-6958,-1.698730,-3305,15,14,32,1
-6957,-1.698486,-3305,15,14,32,1
-6956,-1.698242,-3305,15,14,32,1
-6955,-1.697998,-3305,15,14,32,1
-6954,-1.697754,-3305,15,14,32,1
-6953,-1.697510,-3305,15,14,32,1
-6952,-1.697266,-3305,15,14,32,1
-6951,-1.697021,-3305,15,14,32,1
-6950,-1.696777,-3305,15,14,32,1
-6949,-1.696533,-3305,15,14,32,1
-6948,-1.696289,-3305,15,14,32,1
-6947,-1.696045,-3305,15,14,32,1
-6946,-1.695801,-3305,15,14,32,1
-6945,-1.695557,-3305,15,14,32,1
-6944,-1.695312,-3305,15,14,32,1
-6943,-1.695068,-3305,15,14,32,1
-6942,-1.694824,-3305,15,14,32,1
-6941,-1.694580,-3305,15,14,32,1
-6940,-1.694336,-3305,15,14,32,1
-6939,-1.694092,-3305,15,14,32,1
-6938,-1.693848,-3305,15,14,32,1
-6937,-1.693604,-3305,15,14,32,1
-6936,-1.693359,-3305,15,14,32,1
-6935,-1.693115,-3305,15,14,32,1
-6934,-1.692871,-3305,15,14,32,1
-6933,-1.692627,-3305,15,14,32,1
-6932,-1.692383,-3305,15,14,32,1
-6931,-1.692139,-3305,15,14,32,1
-6930,-1.691895,-3305,15,14,32,1
-6929,-1.691650,-3305,15,14,32,1
-6928,-1.691406,-3305,15,14,32,1
-6927,-1.691162,-3305,15,14,32,1
-6926,-1.690918,-3305,15,14,32,1
-6925,-1.690674,-3305,15,14,32,1
-6924,-1.690430,-3305,15,14,32,1
-6923,-1.690186,-3305,15,14,32,1
-6922,-1.689941,-3305,15,14,32,1
-6921,-1.689697,-3305,15,14,32,1
-6920,-1.689453,-3305,15,14,32,1
-6919,-1.689209,-3305,15,14,32,1
-6918,-1.688965,-3305,15,14,32,1
-6917,-1.688721,-3305,15,14,32,1
-6916,-1.688477,-3305,15,14,32,1
-6915,-1.688232,-3305,15,14,32,1
-6914,-1.687988,-3305,15,14,32,1
-6913,-1.687744,-3305,15,14,32,1
-6912,-1.687500,-3305,15,14,32,1
-6911,-1.687256,-3305,15,14,32,1
-6910,-1.687012,-3305,15,14,32,1
-6909,-1.686768,-3305,15,14,32,1
-6908,-1.686523,-3305,15,14,32,1
-6907,-1.686279,-3305,15,14,32,1
-6906,-1.686035,-3305,15,14,32,1
-6905,-1.685791,-3305,15,14,32,1
-6904,-1.685547,-3305,15,14,32,1
-6903,-1.685303,-3305,15,14,32,1
-6902,-1.685059,-3305,15,14,32,1
-6901,-1.684814,-3305,15,14,32,1
-6900,-1.684570,-3305,15,14,32,1
-6899,-1.684326,-3305,15,14,32,1
-6898,-1.684082,-3305,15,14,32,1
-6897,-1.683838,-3305,15,14,32,1
-6896,-1.683594,-3305,15,14,32,1
-6895,-1.683350,-3305,15,14,32,1
-6894,-1.683105,-3305,15,14,32,1
-6893,-1.682861,-3305,15,14,32,1
-6892,-1.682617,-3305,15,14,32,1
-6891,-1.682373,-3305,15,14,32,1
-6890,-1.682129,-3305,15,14,32,1
-6889,-1.681885,-3305,15,14,32,1
-6888,-1.681641,-3305,15,14,32,1
-6887,-1.681396,-3305,15,14,32,1
-6886,-1.681152,-3305,15,14,32,1
-6885,-1.680908,-3305,15,14,32,1
-6884,-1.680664,-3305,15,14,32,1
-6883,-1.680420,-3305,15,14,32,1
-6882,-1.680176,-3305,15,14,32,1
-6881,-1.679932,-3305,15,14,32,1
-6880,-1.679688,-3305,15,14,32,1
-6879,-1.679443,-3305,15,14,32,1
-6878,-1.679199,-3305,15,14,32,1
-6877,-1.678955,-3305,15,14,32,1
-6876,-1.678711,-3305,15,14,32,1
-6875,-1.678467,-3305,15,14,32,1
-6874,-1.678223,-3305,15,14,32,1
-6873,-1.677979,-3305,15,14,32,1
-6872,-1.677734,-3305,15,14,32,1
-6871,-1.677490,-3305,15,14,32,1
-6870,-1.677246,-3305,15,14,32,1
-6869,-1.677002,-3305,15,14,32,1
-6868,-1.676758,-3305,15,14,32,1
-6867,-1.676514,-3305,15,14,32,1
-6866,-1.676270,-3305,15,14,32,1
-6865,-1.676025,-3305,15,14,32,1
-6864,-1.675781,-3305,15,14,32,1
-6863,-1.675537,-3305,15,14,32,1
-6862,-1.675293,-3305,15,14,32,1
-6861,-1.675049,-3305,15,14,32,1
-6860,-1.674805,-3305,15,14,32,1
-6859,-1.674561,-3305,15,14,32,1
-6858,-1.674316,-3305,15,14,32,1
-6857,-1.674072,-3305,15,14,32,1
-6856,-1.673828,-3305,15,14,32,1
-6855,-1.673584,-3305,15,14,32,1
-6854,-1.673340,-3305,15,14,32,1
-6853,-1.673096,-3305,15,14,32,1
-6852,-1.672852,-3305,15,14,32,1
-6851,-1.672607,-3305,15,14,32,1
-6850,-1.672363,-3305,15,14,32,1
-6849,-1.672119,-3305,15,14,32,1
-6848,-1.671875,-3305,15,14,32,1
-6847,-1.671631,-3305,15,14,32,1
-6846,-1.671387,-3305,15,14,32,1
-6845,-1.671143,-3305,15,14,32,1
-6844,-1.670898,-3305,15,14,32,1
-6843,-1.670654,-3305,15,14,32,1
-6842,-1.670410,-3305,15,14,32,1
-6841,-1.670166,-3305,15,14,32,1
-6840,-1.669922,-3305,15,14,32,1
-6839,-1.669678,-3305,15,14,32,1
-6838,-1.669434,-3305,15,14,32,1
-6837,-1.669189,-3305,15,14,32,1
-6836,-1.668945,-3305,15,14,32,1
-6835,-1.668701,-3305,15,14,32,1
-6834,-1.668457,-3305,15,14,32,1
-6833,-1.668213,-3305,15,14,32,1
-6832,-1.667969,-3305,15,14,32,1
-6831,-1.667725,-3305,15,14,32,1
-6830,-1.667480,-3305,15,14,32,1
-6829,-1.667236,-3305,15,14,32,1
-6828,-1.666992,-3305,15,14,32,1
-6827,-1.666748,-3305,15,14,32,1
-6826,-1.666504,-3305,15,14,32,1
-6825,-1.666260,-3305,15,14,32,1
-6824,-1.666016,-3305,15,14,32,1
-6823,-1.665771,-3305,15,14,32,1
-6822,-1.665527,-3305,15,14,32,1
-6821,-1.665283,-3305,15,14,32,1
-6820,-1.665039,-3305,15,14,32,1
-6819,-1.664795,-3305,15,14,32,1
-6818,-1.664551,-3305,15,14,32,1
-6817,-1.664307,-3305,15,14,32,1
-6816,-1.664062,-3305,15,14,32,1
-6815,-1.663818,-3305,15,14,32,1
-6814,-1.663574,-3305,15,14,32,1
-6813,-1.663330,-3305,15,14,32,1
-6812,-1.663086,-3305,15,14,32,1
-6811,-1.662842,-3305,15,14,32,1
-6810,-1.662598,-3305,15,14,32,1
-6809,-1.662354,-3305,15,14,32,1
-6808,-1.662109,-3305,15,14,32,1
-6807,-1.661865,-3305,15,14,32,1
-6806,-1.661621,-3305,15,14,32,1
-6805,-1.661377,-3305,15,14,32,1
-6804,-1.661133,-3305,15,14,32,1
-6803,-1.660889,-3305,15,14,32,1
-6802,-1.660645,-3305,15,14,32,1
-6801,-1.660400,-3305,15,14,32,1
-6800,-1.660156,-3305,15,14,32,1
-6799,-1.659912,-3305,15,14,32,1
-6798,-1.659668,-3305,15,14,32,1
-6797,-1.659424,-3305,15,14,32,1
-6796,-1.659180,-3305,15,14,32,1
-6795,-1.658936,-3305,15,14,32,1
-6794,-1.658691,-3305,15,14,32,1
-6793,-1.658447,-3305,15,14,32,1
-6792,-1.658203,-3305,15,14,32,1
-6791,-1.657959,-3305,15,14,32,1
-6790,-1.657715,-3305,15,14,32,1
-6789,-1.657471,-3305,15,14,32,1
-6788,-1.657227,-3305,15,14,32,1
-6787,-1.656982,-3305,15,14,32,1
-6786,-1.656738,-3305,15,14,32,1
-6785,-1.656494,-3305,15,14,32,1
-6784,-1.656250,-3305,15,14,32,1
-6783,-1.656006,-3305,15,14,32,1
-6782,-1.655762,-3305,15,14,32,1
-6781,-1.655518,-3305,15,14,32,1
-6780,-1.655273,-3305,15,14,32,1
-6779,-1.655029,-3305,15,14,32,1
-6778,-1.654785,-3305,15,14,32,1
-6777,-1.654541,-3305,15,14,32,1
-6776,-1.654297,-3305,15,14,32,1
-6775,-1.654053,-3305,15,14,32,1
-6774,-1.653809,-3305,15,14,32,1
-6773,-1.653564,-3305,15,14,32,1
-6772,-1.653320,-3305,15,14,32,1
-6771,-1.653076,-3305,15,14,32,1
-6770,-1.652832,-3305,15,14,32,1
-6769,-1.652588,-3305,15,14,32,1
-6768,-1.652344,-3305,15,14,32,1
-6767,-1.652100,-3305,15,14,32,1
-6766,-1.651855,-3305,15,14,32,1
-6765,-1.651611,-3305,15,14,32,1
-6764,-1.651367,-3305,15,14,32,1
-6763,-1.651123,-3305,15,14,32,1
-6762,-1.650879,-3305,15,14,32,1
-6761,-1.650635,-3305,15,14,32,1
-6760,-1.650391,-3305,15,14,32,1
-6759,-1.650146,-3305,15,14,32,1
-6758,-1.649902,-3305,15,14,32,1
-6757,-1.649658,-3305,15,14,32,1
-6756,-1.649414,-3305,15,14,32,1
-6755,-1.649170,-3305,15,14,32,1
-6754,-1.648926,-3305,15,14,32,1
-6753,-1.648682,-3305,15,14,32,1
-6752,-1.648438,-3305,15,14,32,1
-6751,-1.648193,-3305,15,14,32,1
-6750,-1.647949,-3305,15,14,32,1
-6749,-1.647705,-3305,15,14,32,1
-6748,-1.647461,-3305,15,14,32,1
-6747,-1.647217,-3305,15,14,32,1
-6746,-1.646973,-3305,15,14,32,1
-6745,-1.646729,-3305,15,14,32,1
-6744,-1.646484,-3305,15,14,32,1
-6743,-1.646240,-3305,15,14,32,1
-6742,-1.645996,-3305,15,14,32,1
-6741,-1.645752,-3305,15,14,32,1
-6740,-1.645508,-3305,15,14,32,1
-6739,-1.645264,-3305,15,14,32,1
-6738,-1.645020,-3305,15,14,32,1
-6737,-1.644775,-3305,15,14,32,1
-6736,-1.644531,-3305,15,14,32,1
-6735,-1.644287,-3305,15,14,32,1
-6734,-1.644043,-3305,15,14,32,1
-6733,-1.643799,-3305,15,14,32,1
-6732,-1.643555,-3305,15,14,32,1
-6731,-1.643311,-3305,15,14,32,1
-6730,-1.643066,-3305,15,14,32,1
-6729,-1.642822,-3305,15,14,32,1
-6728,-1.642578,-3305,15,14,32,1
-6727,-1.642334,-3305,15,14,32,1
-6726,-1.642090,-3305,15,14,32,1
-6725,-1.641846,-3305,15,14,32,1
-6724,-1.641602,-3305,15,14,32,1
-6723,-1.641357,-3305,15,14,32,1
-6722,-1.641113,-3305,15,14,32,1
-6721,-1.640869,-3305,15,14,32,1
-6720,-1.640625,-3305,15,14,32,1
-6719,-1.640381,-3305,15,14,32,1
-6718,-1.640137,-3305,15,14,32,1
-6717,-1.639893,-3305,15,14,32,1
-6716,-1.639648,-3305,15,14,32,1
-6715,-1.639404,-3305,15,14,32,1
-6714,-1.639160,-3305,15,14,32,1
-6713,-1.638916,-3305,15,14,32,1
-6712,-1.638672,-3305,15,14,32,1
-6711,-1.638428,-3305,15,14,32,1
-6710,-1.638184,-3305,15,14,32,1
-6709,-1.637939,-3305,15,14,32,1
-6708,-1.637695,-3305,15,14,32,1
-6707,-1.637451,-3305,15,14,32,1
-6706,-1.637207,-3305,15,14,32,1
-6705,-1.636963,-3305,15,14,32,1
-6704,-1.636719,-3305,15,14,32,1
-6703,-1.636475,-3305,15,14,32,1
-6702,-1.636230,-3305,15,14,32,1
-6701,-1.635986,-3305,15,14,32,1
-6700,-1.635742,-3305,15,14,32,1
-6699,-1.635498,-3305,15,14,32,1
-6698,-1.635254,-3305,15,14,32,1
-6697,-1.635010,-3305,15,14,32,1
-6696,-1.634766,-3305,15,14,32,1
-6695,-1.634521,-3305,15,14,32,1
-6694,-1.634277,-3305,15,14,32,1
-6693,-1.634033,-3305,15,14,32,1
-6692,-1.633789,-3305,15,14,32,1
-6691,-1.633545,-3305,15,14,32,1
-6690,-1.633301,-3305,15,14,32,1
-6689,-1.633057,-3305,15,14,32,1
-6688,-1.632812,-3305,15,14,32,1
-6687,-1.632568,-3305,15,14,32,1
-6686,-1.632324,-3305,15,14,32,1
-6685,-1.632080,-3305,15,14,32,1
-6684,-1.631836,-3305,15,14,32,1
-6683,-1.631592,-3305,15,14,32,1
-6682,-1.631348,-3305,15,14,32,1
-6681,-1.631104,-3305,15,14,32,1
-6680,-1.630859,-3305,15,14,32,1
-6679,-1.630615,-3305,15,14,32,1
-6678,-1.630371,-3305,15,14,32,1
-6677,-1.630127,-3305,15,14,32,1
-6676,-1.629883,-3305,15,14,32,1
-6675,-1.629639,-3305,15,14,32,1
-6674,-1.629395,-3305,15,14,32,1
-6673,-1.629150,-3305,15,14,32,1
-6672,-1.628906,-3305,15,14,32,1
-6671,-1.628662,-3305,15,14,32,1
-6670,-1.628418,-3305,15,14,32,1
-6669,-1.628174,-3305,15,14,32,1
-6668,-1.627930,-3305,15,14,32,1
-6667,-1.627686,-3305,15,14,32,1
-6666,-1.627441,-3305,15,14,32,1
-6665,-1.627197,-3305,15,14,32,1
-6664,-1.626953,-3305,15,14,32,1
-6663,-1.626709,-3305,15,14,32,1
-6662,-1.626465,-3305,15,14,32,1
-6661,-1.626221,-3305,15,14,32,1
-6660,-1.625977,-3305,15,14,32,1
-6659,-1.625732,-3305,15,14,32,1
-6658,-1.625488,-3305,15,14,32,1
-6657,-1.625244,-3305,15,14,32,1
-6656,-1.625000,-3305,15,14,32,1
-6655,-1.624756,-3305,15,14,32,1
-6654,-1.624512,-3305,15,14,32,1
-6653,-1.624268,-3305,15,14,32,1
-6652,-1.624023,-3305,15,14,32,1
-6651,-1.623779,-3305,15,14,32,1
-6650,-1.623535,-3305,15,14,32,1
-6649,-1.623291,-3305,15,14,32,1
-6648,-1.623047,-3305,15,14,32,1
-6647,-1.622803,-3305,15,14,32,1
-6646,-1.622559,-3305,15,14,32,1
-6645,-1.622314,-3305,15,14,32,1
-6644,-1.622070,-3305,15,14,32,1
-6643,-1.621826,-3305,15,14,32,1
-6642,-1.621582,-3305,15,14,32,1
-6641,-1.621338,-3305,15,14,32,1
-6640,-1.621094,-3305,15,14,32,1
-6639,-1.620850,-3305,15,14,32,1
-6638,-1.620605,-3305,15,14,32,1
-6637,-1.620361,-3305,15,14,32,1
-6636,-1.620117,-3305,15,14,32,1
-6635,-1.619873,-3305,15,14,32,1
-6634,-1.619629,-3305,15,14,32,1
-6633,-1.619385,-3305,15,14,32,1
-6632,-1.619141,-3305,15,14,32,1
-6631,-1.618896,-3305,15,14,32,1
-6630,-1.618652,-3305,15,14,32,1
-6629,-1.618408,-3305,15,14,32,1
-6628,-1.618164,-3305,15,14,32,1
-6627,-1.617920,-3305,15,14,32,1
-6626,-1.617676,-3305,15,14,32,1
-6625,-1.617432,-3305,15,14,32,1
-6624,-1.617188,-3305,15,14,32,1
-6623,-1.616943,-3305,15,14,32,1
-6622,-1.616699,-3305,15,14,32,1
-6621,-1.616455,-3305,15,14,32,1
-6620,-1.616211,-3305,15,14,32,1
-6619,-1.615967,-3305,15,14,32,1
-6618,-1.615723,-3305,15,14,32,1
-6617,-1.615479,-3305,15,14,32,1
-6616,-1.615234,-3305,15,14,32,1
-6615,-1.614990,-3305,15,14,32,1
-6614,-1.614746,-3305,15,14,32,1
-6613,-1.614502,-3305,15,14,32,1
-6612,-1.614258,-3305,15,14,32,1
-6611,-1.614014,-3305,15,14,32,1
-6610,-1.613770,-3305,15,14,32,1
-6609,-1.613525,-3305,15,14,32,1
-6608,-1.613281,-3305,15,14,32,1
-6607,-1.613037,-3305,15,14,32,1
-6606,-1.612793,-3305,15,14,32,1
-6605,-1.612549,-3305,15,14,32,1
-6604,-1.612305,-3305,15,14,32,1
-6603,-1.612061,-3305,15,14,32,1
-6602,-1.611816,-3305,15,14,32,1
-6601,-1.611572,-3305,15,14,32,1
-6600,-1.611328,-3305,15,14,32,1
-6599,-1.611084,-3305,15,14,32,1
-6598,-1.610840,-3305,15,14,32,1
-6597,-1.610596,-3305,15,14,32,1
-6596,-1.610352,-3305,15,14,32,1
-6595,-1.610107,-3305,15,14,32,1
-6594,-1.609863,-3305,15,14,32,1
-6593,-1.609619,-3305,15,14,32,1
-6592,-1.609375,-3305,15,14,32,1
-6591,-1.609131,-3305,15,14,32,1
-6590,-1.608887,-3305,15,14,32,1
-6589,-1.608643,-3305,15,14,32,1
-6588,-1.608398,-3305,15,14,32,1
-6587,-1.608154,-3305,15,14,32,1
-6586,-1.607910,-3305,15,14,32,1
-6585,-1.607666,-3305,15,14,32,1
-6584,-1.607422,-3305,15,14,32,1
-6583,-1.607178,-3305,15,14,32,1
-6582,-1.606934,-3305,15,14,32,1
-6581,-1.606689,-3305,15,14,32,1
-6580,-1.606445,-3305,15,14,32,1
-6579,-1.606201,-3305,15,14,32,1
-6578,-1.605957,-3305,15,14,32,1
-6577,-1.605713,-3305,15,14,32,1
-6576,-1.605469,-3305,15,14,32,1
-6575,-1.605225,-3305,15,14,32,1
-6574,-1.604980,-3305,15,14,32,1
-6573,-1.604736,-3305,15,14,32,1
-6572,-1.604492,-3305,15,14,32,1
-6571,-1.604248,-3305,15,14,32,1
-6570,-1.604004,-3305,15,14,32,1
-6569,-1.603760,-3305,15,14,32,1
-6568,-1.603516,-3305,15,14,32,1
-6567,-1.603271,-3305,15,14,32,1
-6566,-1.603027,-3305,15,14,32,1
-6565,-1.602783,-3305,15,14,32,1
-6564,-1.602539,-3305,15,14,32,1
-6563,-1.602295,-3305,15,14,32,1
-6562,-1.602051,-3305,15,14,32,1
-6561,-1.601807,-3305,15,14,32,1
-6560,-1.601562,-3305,15,14,32,1
-6559,-1.601318,-3305,15,14,32,1
-6558,-1.601074,-3305,15,14,32,1
-6557,-1.600830,-3305,15,14,32,1
-6556,-1.600586,-3305,15,14,32,1
-6555,-1.600342,-3305,15,14,32,1
-6554,-1.600098,-3305,15,14,32,1
-6553,-1.599854,-3305,15,14,32,1
-6552,-1.599609,-3305,15,14,32,1
-6551,-1.599365,-3305,15,14,32,1
-6550,-1.599121,-3305,15,14,32,1
-6549,-1.598877,-3305,15,14,32,1
-6548,-1.598633,-3305,15,14,32,1
-6547,-1.598389,-3305,15,14,32,1
-6546,-1.598145,-3305,15,14,32,1
-6545,-1.597900,-3305,15,14,32,1
-6544,-1.597656,-3305,15,14,32,1
-6543,-1.597412,-3305,15,14,32,1
-6542,-1.597168,-3305,15,14,32,1
-6541,-1.596924,-3305,15,14,32,1
-6540,-1.596680,-3305,15,14,32,1
-6539,-1.596436,-3305,15,14,32,1
-6538,-1.596191,-3305,15,14,32,1
-6537,-1.595947,-3305,15,14,32,1
-6536,-1.595703,-3305,15,14,32,1
-6535,-1.595459,-3305,15,14,32,1
-6534,-1.595215,-3305,15,14,32,1
-6533,-1.594971,-3305,15,14,32,1
-6532,-1.594727,-3305,15,14,32,1
-6531,-1.594482,-3305,15,14,32,1
-6530,-1.594238,-3305,15,14,32,1
-6529,-1.593994,-3305,15,14,32,1
-6528,-1.593750,-3305,15,14,32,1
-6527,-1.593506,-3305,15,14,32,1
-6526,-1.593262,-3305,15,14,32,1
-6525,-1.593018,-3305,15,14,32,1
-6524,-1.592773,-3305,15,14,32,1
-6523,-1.592529,-3305,15,14,32,1
-6522,-1.592285,-3305,15,14,32,1
-6521,-1.592041,-3305,15,14,32,1
-6520,-1.591797,-3305,15,14,32,1
-6519,-1.591553,-3305,15,14,32,1
-6518,-1.591309,-3305,15,14,32,1
-6517,-1.591064,-3305,15,14,32,1
-6516,-1.590820,-3305,15,14,32,1
-6515,-1.590576,-3305,15,14,32,1
-6514,-1.590332,-3305,15,14,32,1
-6513,-1.590088,-3305,15,14,32,1
-6512,-1.589844,-3305,15,14,32,1
-6511,-1.589600,-3305,15,14,32,1
-6510,-1.589355,-3305,15,14,32,1
-6509,-1.589111,-3305,15,14,32,1
-6508,-1.588867,-3305,15,14,32,1
-6507,-1.588623,-3305,15,14,32,1
-6506,-1.588379,-3305,15,14,32,1
-6505,-1.588135,-3305,15,14,32,1
-6504,-1.587891,-3305,15,14,32,1
-6503,-1.587646,-3305,15,14,32,1
-6502,-1.587402,-3305,15,14,32,1
-6501,-1.587158,-3305,15,14,32,1
-6500,-1.586914,-3305,15,14,32,1
-6499,-1.586670,-3305,15,14,32,1
-6498,-1.586426,-3305,15,14,32,1
-6497,-1.586182,-3305,15,14,32,1
-6496,-1.585938,-3305,15,14,32,1
-6495,-1.585693,-3305,15,14,32,1
-6494,-1.585449,-3305,15,14,32,1
-6493,-1.585205,-3305,15,14,32,1
-6492,-1.584961,-3305,15,14,32,1
-6491,-1.584717,-3305,15,14,32,1
-6490,-1.584473,-3305,15,14,32,1
-6489,-1.584229,-3305,15,14,32,1
-6488,-1.583984,-3305,15,14,32,1
-6487,-1.583740,-3305,15,14,32,1
-6486,-1.583496,-3305,15,14,32,1
-6485,-1.583252,-3305,15,14,32,1
-6484,-1.583008,-3305,15,14,32,1
-6483,-1.582764,-3305,15,14,32,1
-6482,-1.582520,-3305,15,14,32,1
-6481,-1.582275,-3305,15,14,32,1
-6480,-1.582031,-3305,15,14,32,1
-6479,-1.581787,-3305,15,14,32,1
-6478,-1.581543,-3305,15,14,32,1
-6477,-1.581299,-3305,15,14,32,1
-6476,-1.581055,-3305,15,14,32,1
-6475,-1.580811,-3305,15,14,32,1
-6474,-1.580566,-3305,15,14,32,1
-6473,-1.580322,-3305,15,14,32,1
-6472,-1.580078,-3305,15,14,32,1
-6471,-1.579834,-3305,15,14,32,1
-6470,-1.579590,-3305,15,14,32,1
-6469,-1.579346,-3305,15,14,32,1
-6468,-1.579102,-3305,15,14,32,1
-6467,-1.578857,-3305,15,14,32,1
-6466,-1.578613,-3305,15,14,32,1
-6465,-1.578369,-3305,15,14,32,1
-6464,-1.578125,-3305,15,14,32,1
-6463,-1.577881,-3305,15,14,32,1
-6462,-1.577637,-3305,15,14,32,1
-6461,-1.577393,-3305,15,14,32,1
-6460,-1.577148,-3305,15,14,32,1
-6459,-1.576904,-3305,15,14,32,1
-6458,-1.576660,-3305,15,14,32,1
-6457,-1.576416,-3305,15,14,32,1
-6456,-1.576172,-3305,15,14,32,1
-6455,-1.575928,-3305,15,14,32,1
-6454,-1.575684,-3305,15,14,32,1
-6453,-1.575439,-3305,15,14,32,1
-6452,-1.575195,-3305,15,14,32,1
-6451,-1.574951,-3305,15,14,32,1
-6450,-1.574707,-3305,15,14,32,1
-6449,-1.574463,-3305,15,14,32,1
-6448,-1.574219,-3305,15,14,32,1
-6447,-1.573975,-3305,15,14,32,1
-6446,-1.573730,-3305,15,14,32,1
-6445,-1.573486,-3305,15,14,32,1
-6444,-1.573242,-3305,15,14,32,1
-6443,-1.572998,-3305,15,14,32,1
-6442,-1.572754,-3305,15,14,32,1
-6441,-1.572510,-3305,15,14,32,1
-6440,-1.572266,-3305,15,14,32,1
-6439,-1.572021,-3305,15,14,32,1
-6438,-1.571777,-3305,15,14,32,1
-6437,-1.571533,-3305,15,14,32,1
-6436,-1.571289,-3305,15,14,32,1
-6435,-1.571045,-3305,15,14,32,1
-6434,-1.570801,-3305,15,14,32,1
-6433,-1.570557,-3305,15,14,32,1
-6432,-1.570312,-3305,15,14,32,1
-6431,-1.570068,-3305,15,14,32,1
-6430,-1.569824,-3305,15,14,32,1
-6429,-1.569580,-3305,15,14,32,1
-6428,-1.569336,-3305,15,14,32,1
-6427,-1.569092,-3305,15,14,32,1
-6426,-1.568848,-3305,15,14,32,1
-6425,-1.568604,-3305,15,14,32,1
-6424,-1.568359,-3305,15,14,32,1
-6423,-1.568115,-3305,15,14,32,1
-6422,-1.567871,-3305,15,14,32,1
-6421,-1.567627,-3305,15,14,32,1
-6420,-1.567383,-3305,15,14,32,1
-6419,-1.567139,-3305,15,14,32,1
-6418,-1.566895,-3305,15,14,32,1
-6417,-1.566650,-3305,15,14,32,1
-6416,-1.566406,-3305,15,14,32,1
-6415,-1.566162,-3305,15,14,32,1
-6414,-1.565918,-3305,15,14,32,1
-6413,-1.565674,-3305,15,14,32,1
-6412,-1.565430,-3305,15,14,32,1
-6411,-1.565186,-3305,15,14,32,1
-6410,-1.564941,-3305,15,14,32,1
-6409,-1.564697,-3305,15,14,32,1
-6408,-1.564453,-3305,15,14,32,1
-6407,-1.564209,-3305,15,14,32,1
-6406,-1.563965,-3305,15,14,32,1
-6405,-1.563721,-3305,15,14,32,1
-6404,-1.563477,-3305,15,14,32,1
-6403,-1.563232,-3305,15,14,32,1
-6402,-1.562988,-3305,15,14,32,1
-6401,-1.562744,-3305,15,14,32,1
-6400,-1.562500,-3305,15,14,32,1
-6399,-1.562256,-3305,15,14,32,1
-6398,-1.562012,-3305,15,14,32,1
-6397,-1.561768,-3305,15,14,32,1
-6396,-1.561523,-3305,15,14,32,1
-6395,-1.561279,-3305,15,14,32,1
-6394,-1.561035,-3305,15,14,32,1
-6393,-1.560791,-3305,15,14,32,1
-6392,-1.560547,-3305,15,14,32,1
-6391,-1.560303,-3305,15,14,32,1
-6390,-1.560059,-3305,15,14,32,1
-6389,-1.559814,-3305,15,14,32,1
-6388,-1.559570,-3305,15,14,32,1
-6387,-1.559326,-3305,15,14,32,1
-6386,-1.559082,-3305,15,14,32,1
-6385,-1.558838,-3305,15,14,32,1
-6384,-1.558594,-3305,15,14,32,1
-6383,-1.558350,-3305,15,14,32,1
-6382,-1.558105,-3305,15,14,32,1
-6381,-1.557861,-3305,15,14,32,1
-6380,-1.557617,-3305,15,14,32,1
-6379,-1.557373,-3305,15,14,32,1
-6378,-1.557129,-3305,15,14,32,1
-6377,-1.556885,-3305,15,14,32,1
-6376,-1.556641,-3305,15,14,32,1
-6375,-1.556396,-3305,15,14,32,1
-6374,-1.556152,-3305,15,14,32,1
-6373,-1.555908,-3305,15,14,32,1
-6372,-1.555664,-3305,15,14,32,1
-6371,-1.555420,-3305,15,14,32,1
-6370,-1.555176,-3305,15,14,32,1
-6369,-1.554932,-3305,15,14,32,1
-6368,-1.554688,-3305,15,14,32,1
-6367,-1.554443,-3305,15,14,32,1
-6366,-1.554199,-3305,15,14,32,1
-6365,-1.553955,-3305,15,14,32,1
-6364,-1.553711,-3305,15,14,32,1
-6363,-1.553467,-3305,15,14,32,1
-6362,-1.553223,-3305,15,14,32,1
-6361,-1.552979,-3305,15,14,32,1
-6360,-1.552734,-3305,15,14,32,1
-6359,-1.552490,-3305,15,14,32,1
-6358,-1.552246,-3305,15,14,32,1
-6357,-1.552002,-3305,15,14,32,1
-6356,-1.551758,-3305,15,14,32,1
-6355,-1.551514,-3305,15,14,32,1
-6354,-1.551270,-3305,15,14,32,1
-6353,-1.551025,-3305,15,14,32,1
-6352,-1.550781,-3305,15,14,32,1
-6351,-1.550537,-3305,15,14,32,1
-6350,-1.550293,-3305,15,14,32,1
-6349,-1.550049,-3305,15,14,32,1
-6348,-1.549805,-3305,15,14,32,1
-6347,-1.549561,-3305,15,14,32,1
-6346,-1.549316,-3305,15,14,32,1
-6345,-1.549072,-3305,15,14,32,1
-6344,-1.548828,-3305,15,14,32,1
-6343,-1.548584,-3305,15,14,32,1
-6342,-1.548340,-3305,15,14,32,1
-6341,-1.548096,-3305,15,14,32,1
-6340,-1.547852,-3305,15,14,32,1
-6339,-1.547607,-3305,15,14,32,1
-6338,-1.547363,-3305,15,14,32,1
-6337,-1.547119,-3305,15,14,32,1
-6336,-1.546875,-3305,15,14,32,1
-6335,-1.546631,-3305,15,14,32,1
-6334,-1.546387,-3305,15,14,32,1
-6333,-1.546143,-3305,15,14,32,1
-6332,-1.545898,-3305,15,14,32,1
-6331,-1.545654,-3305,15,14,32,1
-6330,-1.545410,-3305,15,14,32,1
-6329,-1.545166,-3305,15,14,32,1
-6328,-1.544922,-3305,15,14,32,1
-6327,-1.544678,-3305,15,14,32,1
-6326,-1.544434,-3305,15,14,32,1
-6325,-1.544189,-3305,15,14,32,1
-6324,-1.543945,-3305,15,14,32,1
-6323,-1.543701,-3305,15,14,32,1
-6322,-1.543457,-3305,15,14,32,1
-6321,-1.543213,-3305,15,14,32,1
-6320,-1.542969,-3305,15,14,32,1
-6319,-1.542725,-3305,15,14,32,1
-6318,-1.542480,-3305,15,14,32,1
-6317,-1.542236,-3305,15,14,32,1
-6316,-1.541992,-3305,15,14,32,1
-6315,-1.541748,-3305,15,14,32,1
-6314,-1.541504,-3305,15,14,32,1
-6313,-1.541260,-3305,15,14,32,1
-6312,-1.541016,-3305,15,14,32,1
-6311,-1.540771,-3305,15,14,32,1
-6310,-1.540527,-3305,15,14,32,1
-6309,-1.540283,-3305,15,14,32,1
-6308,-1.540039,-3305,15,14,32,1
-6307,-1.539795,-3305,15,14,32,1
-6306,-1.539551,-3305,15,14,32,1
-6305,-1.539307,-3305,15,14,32,1
-6304,-1.539062,-3305,15,14,32,1
-6303,-1.538818,-3305,15,14,32,1
-6302,-1.538574,-3305,15,14,32,1
-6301,-1.538330,-3305,15,14,32,1
-6300,-1.538086,-3305,15,14,32,1
-6299,-1.537842,-3305,15,14,32,1
-6298,-1.537598,-3305,15,14,32,1
-6297,-1.537354,-3305,15,14,32,1
-6296,-1.537109,-3305,15,14,32,1
-6295,-1.536865,-3305,15,14,32,1
-6294,-1.536621,-3305,15,14,32,1
-6293,-1.536377,-3305,15,14,32,1
-6292,-1.536133,-3305,15,14,32,1
-6291,-1.535889,-3305,15,14,32,1
-6290,-1.535645,-3305,15,14,32,1
-6289,-1.535400,-3305,15,14,32,1
-6288,-1.535156,-3305,15,14,32,1
-6287,-1.534912,-3305,15,14,32,1
-6286,-1.534668,-3305,15,14,32,1
-6285,-1.534424,-3305,15,14,32,1
-6284,-1.534180,-3305,15,14,32,1
-6283,-1.533936,-3305,15,14,32,1
-6282,-1.533691,-3305,15,14,32,1
-6281,-1.533447,-3305,15,14,32,1
-6280,-1.533203,-3305,15,14,32,1
-6279,-1.532959,-3305,15,14,32,1
-6278,-1.532715,-3305,15,14,32,1
-6277,-1.532471,-3305,15,14,32,1
-6276,-1.532227,-3305,15,14,32,1
-6275,-1.531982,-3305,15,14,32,1
-6274,-1.531738,-3305,15,14,32,1
-6273,-1.531494,-3305,15,14,32,1
-6272,-1.531250,-3305,15,14,32,1
-6271,-1.531006,-3305,15,14,32,1
-6270,-1.530762,-3305,15,14,32,1
-6269,-1.530518,-3305,15,14,32,1
-6268,-1.530273,-3305,15,14,32,1
-6267,-1.530029,-3305,15,14,32,1
-6266,-1.529785,-3305,15,14,32,1
-6265,-1.529541,-3305,15,14,32,1
-6264,-1.529297,-3305,15,14,32,1
-6263,-1.529053,-3305,15,14,32,1
-6262,-1.528809,-3305,15,14,32,1
-6261,-1.528564,-3305,15,14,32,1
-6260,-1.528320,-3305,15,14,32,1
-6259,-1.528076,-3305,15,14,32,1
-6258,-1.527832,-3305,15,14,32,1
-6257,-1.527588,-3305,15,14,32,1
-6256,-1.527344,-3305,15,14,32,1
-6255,-1.527100,-3305,15,14,32,1
-6254,-1.526855,-3305,15,14,32,1
-6253,-1.526611,-3305,15,14,32,1
-6252,-1.526367,-3305,15,14,32,1
-6251,-1.526123,-3305,15,14,32,1
-6250,-1.525879,-3305,15,14,32,1
-6249,-1.525635,-3305,15,14,32,1
-6248,-1.525391,-3305,15,14,32,1
-6247,-1.525146,-3305,15,14,32,1
-6246,-1.524902,-3305,15,14,32,1
-6245,-1.524658,-3305,15,14,32,1
-6244,-1.524414,-3305,15,14,32,1
-6243,-1.524170,-3305,15,14,32,1
-6242,-1.523926,-3305,15,14,32,1
-6241,-1.523682,-3305,15,14,32,1
-6240,-1.523438,-3305,15,14,32,1
-6239,-1.523193,-3305,15,14,32,1
-6238,-1.522949,-3305,15,14,32,1
-6237,-1.522705,-3305,15,14,32,1
-6236,-1.522461,-3305,15,14,32,1
-6235,-1.522217,-3305,15,14,32,1
-6234,-1.521973,-3305,15,14,32,1
-6233,-1.521729,-3305,15,14,32,1
-6232,-1.521484,-3305,15,14,32,1
-6231,-1.521240,-3305,15,14,32,1
-6230,-1.520996,-3305,15,14,32,1
-6229,-1.520752,-3305,15,14,32,1
-6228,-1.520508,-3305,15,14,32,1
-6227,-1.520264,-3305,15,14,32,1
-6226,-1.520020,-3305,15,14,32,1
-6225,-1.519775,-3305,15,14,32,1
-6224,-1.519531,-3305,15,14,32,1
-6223,-1.519287,-3305,15,14,32,1
-6222,-1.519043,-3305,15,14,32,1
-6221,-1.518799,-3305,15,14,32,1
-6220,-1.518555,-3305,15,14,32,1
-6219,-1.518311,-3305,15,14,32,1
-6218,-1.518066,-3305,15,14,32,1
-6217,-1.517822,-3305,15,14,32,1
-6216,-1.517578,-3305,15,14,32,1
-6215,-1.517334,-3305,15,14,32,1
-6214,-1.517090,-3305,15,14,32,1
-6213,-1.516846,-3305,15,14,32,1
-6212,-1.516602,-3305,15,14,32,1
-6211,-1.516357,-3305,15,14,32,1
-6210,-1.516113,-3305,15,14,32,1
-6209,-1.515869,-3305,15,14,32,1
-6208,-1.515625,-3305,15,14,32,1
-6207,-1.515381,-3305,15,14,32,1
-6206,-1.515137,-3305,15,14,32,1
-6205,-1.514893,-3305,15,14,32,1
-6204,-1.514648,-3305,15,14,32,1
-6203,-1.514404,-3305,15,14,32,1
-6202,-1.514160,-3305,15,14,32,1
-6201,-1.513916,-3305,15,14,32,1
-6200,-1.513672,-3305,15,14,32,1
-6199,-1.513428,-3305,15,14,32,1
-6198,-1.513184,-3305,15,14,32,1
-6197,-1.512939,-3305,15,14,32,1
-6196,-1.512695,-3305,15,14,32,1
-6195,-1.512451,-3305,15,14,32,1
-6194,-1.512207,-3305,15,14,32,1
-6193,-1.511963,-3305,15,14,32,1
-6192,-1.511719,-3305,15,14,32,1
-6191,-1.511475,-3305,15,14,32,1
-6190,-1.511230,-3305,15,14,32,1
-6189,-1.510986,-3305,15,14,32,1
-6188,-1.510742,-3305,15,14,32,1
-6187,-1.510498,-3305,15,14,32,1
-6186,-1.510254,-3305,15,14,32,1
-6185,-1.510010,-3305,15,14,32,1
-6184,-1.509766,-3305,15,14,32,1
-6183,-1.509521,-3305,15,14,32,1
-6182,-1.509277,-3305,15,14,32,1
-6181,-1.509033,-3305,15,14,32,1
-6180,-1.508789,-3305,15,14,32,1
-6179,-1.508545,-3305,15,14,32,1
-6178,-1.508301,-3305,15,14,32,1
-6177,-1.508057,-3305,15,14,32,1
-6176,-1.507812,-3305,15,14,32,1
-6175,-1.507568,-3305,15,14,32,1
-6174,-1.507324,-3305,15,14,32,1
-6173,-1.507080,-3305,15,14,32,1
-6172,-1.506836,-3305,15,14,32,1
-6171,-1.506592,-3305,15,14,32,1
-6170,-1.506348,-3305,15,14,32,1
-6169,-1.506104,-3305,15,14,32,1
-6168,-1.505859,-3305,15,14,32,1
-6167,-1.505615,-3305,15,14,32,1
-6166,-1.505371,-3305,15,14,32,1
-6165,-1.505127,-3305,15,14,32,1
-6164,-1.504883,-3305,15,14,32,1
-6163,-1.504639,-3305,15,14,32,1
-6162,-1.504395,-3305,15,14,32,1
-6161,-1.504150,-3305,15,14,32,1
-6160,-1.503906,-3305,15,14,32,1
-6159,-1.503662,-3305,15,14,32,1
-6158,-1.503418,-3305,15,14,32,1
-6157,-1.503174,-3305,15,14,32,1
-6156,-1.502930,-3305,15,14,32,1
-6155,-1.502686,-3305,15,14,32,1
-6154,-1.502441,-3305,15,14,32,1
-6153,-1.502197,-3305,15,14,32,1
-6152,-1.501953,-3305,15,14,32,1
-6151,-1.501709,-3305,15,14,32,1
-6150,-1.501465,-3305,15,14,32,1
-6149,-1.501221,-3305,15,14,32,1
-6148,-1.500977,-3305,15,14,32,1
-6147,-1.500732,-3305,15,14,32,1
-6146,-1.500488,-3305,15,14,32,1
-6145,-1.500244,-3305,15,14,32,1
-6144,-1.500000,-3305,15,14,32,1
-6143,-1.499756,-3305,15,14,32,1
-6142,-1.499512,-3305,15,14,32,1
-6141,-1.499268,-3305,15,14,32,1
-6140,-1.499023,-3305,15,14,32,1
-6139,-1.498779,-3305,15,14,32,1
-6138,-1.498535,-3305,15,14,32,1
-6137,-1.498291,-3305,15,14,32,1
-6136,-1.498047,-3305,15,14,32,1
-6135,-1.497803,-3305,15,14,32,1
-6134,-1.497559,-3305,15,14,32,1
-6133,-1.497314,-3305,15,14,32,1
-6132,-1.497070,-3305,15,14,32,1
-6131,-1.496826,-3305,15,14,32,1
-6130,-1.496582,-3305,15,14,32,1
-6129,-1.496338,-3305,15,14,32,1
-6128,-1.496094,-3305,15,14,32,1
-6127,-1.495850,-3305,15,14,32,1
-6126,-1.495605,-3305,15,14,32,1
-6125,-1.495361,-3305,15,14,32,1
-6124,-1.495117,-3305,15,14,32,1
-6123,-1.494873,-3305,15,14,32,1
-6122,-1.494629,-3305,15,14,32,1
-6121,-1.494385,-3305,15,14,32,1
-6120,-1.494141,-3305,15,14,32,1
-6119,-1.493896,-3305,15,14,32,1
-6118,-1.493652,-3305,15,14,32,1
-6117,-1.493408,-3305,15,14,32,1
-6116,-1.493164,-3305,15,14,32,1
-6115,-1.492920,-3305,15,14,32,1
-6114,-1.492676,-3305,15,14,32,1
-6113,-1.492432,-3305,15,14,32,1
-6112,-1.492188,-3305,15,14,32,1
-6111,-1.491943,-3305,15,14,32,1
-6110,-1.491699,-3305,15,14,32,1
-6109,-1.491455,-3305,15,14,32,1
-6108,-1.491211,-3305,15,14,32,1
-6107,-1.490967,-3305,15,14,32,1
-6106,-1.490723,-3305,15,14,32,1
-6105,-1.490479,-3305,15,14,32,1
-6104,-1.490234,-3305,15,14,32,1
-6103,-1.489990,-3305,15,14,32,1
-6102,-1.489746,-3305,15,14,32,1
-6101,-1.489502,-3305,15,14,32,1
-6100,-1.489258,-3305,15,14,32,1
-6099,-1.489014,-3305,15,14,32,1
-6098,-1.488770,-3305,15,14,32,1
-6097,-1.488525,-3305,15,14,32,1
-6096,-1.488281,-3305,15,14,32,1
-6095,-1.488037,-3305,15,14,32,1
-6094,-1.487793,-3305,15,14,32,1
-6093,-1.487549,-3305,15,14,32,1
-6092,-1.487305,-3305,15,14,32,1
-6091,-1.487061,-3305,15,14,32,1
-6090,-1.486816,-3305,15,14,32,1
-6089,-1.486572,-3305,15,14,32,1
-6088,-1.486328,-3305,15,14,32,1
-6087,-1.486084,-3305,15,14,32,1
-6086,-1.485840,-3305,15,14,32,1
-6085,-1.485596,-3305,15,14,32,1
-6084,-1.485352,-3305,15,14,32,1
-6083,-1.485107,-3305,15,14,32,1
-6082,-1.484863,-3305,15,14,32,1
-6081,-1.484619,-3305,15,14,32,1
-6080,-1.484375,-3305,15,14,32,1
-6079,-1.484131,-3305,15,14,32,1
-6078,-1.483887,-3305,15,14,32,1
-6077,-1.483643,-3305,15,14,32,1
-6076,-1.483398,-3305,15,14,32,1
-6075,-1.483154,-3305,15,14,32,1
-6074,-1.482910,-3305,15,14,32,1
-6073,-1.482666,-3305,15,14,32,1
-6072,-1.482422,-3305,15,14,32,1
-6071,-1.482178,-3305,15,14,32,1
-6070,-1.481934,-3305,15,14,32,1
-6069,-1.481689,-3305,15,14,32,1
-6068,-1.481445,-3305,15,14,32,1
-6067,-1.481201,-3305,15,14,32,1
-6066,-1.480957,-3305,15,14,32,1
-6065,-1.480713,-3305,15,14,32,1
-6064,-1.480469,-3305,15,14,32,1
-6063,-1.480225,-3305,15,14,32,1
-6062,-1.479980,-3305,15,14,32,1
-6061,-1.479736,-3305,15,14,32,1
-6060,-1.479492,-3305,15,14,32,1
-6059,-1.479248,-3305,15,14,32,1
-6058,-1.479004,-3305,15,14,32,1
-6057,-1.478760,-3305,15,14,32,1
-6056,-1.478516,-3305,15,14,32,1
-6055,-1.478271,-3305,15,14,32,1
-6054,-1.478027,-3305,15,14,32,1
-6053,-1.477783,-3305,15,14,32,1
-6052,-1.477539,-3305,15,14,32,1
-6051,-1.477295,-3305,15,14,32,1
-6050,-1.477051,-3305,15,14,32,1
-6049,-1.476807,-3305,15,14,32,1
-6048,-1.476562,-3305,15,14,32,1
-6047,-1.476318,-3305,15,14,32,1
-6046,-1.476074,-3305,15,14,32,1
-6045,-1.475830,-3305,15,14,32,1
-6044,-1.475586,-3305,15,14,32,1
-6043,-1.475342,-3305,15,14,32,1
-6042,-1.475098,-3305,15,14,32,1
-6041,-1.474854,-3305,15,14,32,1
-6040,-1.474609,-3305,15,14,32,1
-6039,-1.474365,-3305,15,14,32,1
-6038,-1.474121,-3305,15,14,32,1
-6037,-1.473877,-3305,15,14,32,1
-6036,-1.473633,-3305,15,14,32,1
-6035,-1.473389,-3305,15,14,32,1
-6034,-1.473145,-3305,15,14,32,1
-6033,-1.472900,-3305,15,14,32,1
-6032,-1.472656,-3305,15,14,32,1
-6031,-1.472412,-3305,15,14,32,1
-6030,-1.472168,-3305,15,14,32,1
-6029,-1.471924,-3305,15,14,32,1
-6028,-1.471680,-3305,15,14,32,1
-6027,-1.471436,-3305,15,14,32,1
-6026,-1.471191,-3305,15,14,32,1
-6025,-1.470947,-3305,15,14,32,1
-6024,-1.470703,-3305,15,14,32,1
-6023,-1.470459,-3305,15,14,32,1
-6022,-1.470215,-3305,15,14,32,1
-6021,-1.469971,-3305,15,14,32,1
-6020,-1.469727,-3305,15,14,32,1
-6019,-1.469482,-3305,15,14,32,1
-6018,-1.469238,-3305,15,14,32,1
-6017,-1.468994,-3305,15,14,32,1
-6016,-1.468750,-3305,15,14,32,1
-6015,-1.468506,-3305,15,14,32,1
-6014,-1.468262,-3305,15,14,32,1
-6013,-1.468018,-3305,15,14,32,1
-6012,-1.467773,-3305,15,14,32,1
-6011,-1.467529,-3305,15,14,32,1
-6010,-1.467285,-3305,15,14,32,1
-6009,-1.467041,-3305,15,14,32,1
-6008,-1.466797,-3305,15,14,32,1
-6007,-1.466553,-3305,15,14,32,1
-6006,-1.466309,-3305,15,14,32,1
-6005,-1.466064,-3305,15,14,32,1
-6004,-1.465820,-3305,15,14,32,1
-6003,-1.465576,-3305,15,14,32,1
-6002,-1.465332,-3305,15,14,32,1
-6001,-1.465088,-3305,15,14,32,1
-6000,-1.464844,-3305,15,14,32,1
-5999,-1.464600,-3305,15,14,32,1
-5998,-1.464355,-3305,15,14,32,1
-5997,-1.464111,-3305,15,14,32,1
-5996,-1.463867,-3305,15,14,32,1
-5995,-1.463623,-3305,15,14,32,1
-5994,-1.463379,-3305,15,14,32,1
-5993,-1.463135,-3305,15,14,32,1
-5992,-1.462891,-3305,15,14,32,1
-5991,-1.462646,-3305,15,14,32,1
-5990,-1.462402,-3305,15,14,32,1
-5989,-1.462158,-3305,15,14,32,1
-5988,-1.461914,-3305,15,14,32,1
-5987,-1.461670,-3305,15,14,32,1
-5986,-1.461426,-3305,15,14,32,1
-5985,-1.461182,-3305,15,14,32,1
-5984,-1.460938,-3305,15,14,32,1
-5983,-1.460693,-3305,15,14,32,1
-5982,-1.460449,-3305,15,14,32,1
-5981,-1.460205,-3305,15,14,32,1
-5980,-1.459961,-3305,15,14,32,1
-5979,-1.459717,-3305,15,14,32,1
-5978,-1.459473,-3305,15,14,32,1
-5977,-1.459229,-3305,15,14,32,1
-5976,-1.458984,-3305,15,14,32,1
-5975,-1.458740,-3305,15,14,32,1
-5974,-1.458496,-3305,15,14,32,1
-5973,-1.458252,-3305,15,14,32,1
-5972,-1.458008,-3305,15,14,32,1
-5971,-1.457764,-3305,15,14,32,1
-5970,-1.457520,-3305,15,14,32,1
-5969,-1.457275,-3305,15,14,32,1
-5968,-1.457031,-3305,15,14,32,1
-5967,-1.456787,-3305,15,14,32,1
-5966,-1.456543,-3305,15,14,32,1
-5965,-1.456299,-3305,15,14,32,1
-5964,-1.456055,-3305,15,14,32,1
-5963,-1.455811,-3305,15,14,32,1
-5962,-1.455566,-3305,15,14,32,1
-5961,-1.455322,-3305,15,14,32,1
-5960,-1.455078,-3305,15,14,32,1
-5959,-1.454834,-3305,15,14,32,1
-5958,-1.454590,-3305,15,14,32,1
-5957,-1.454346,-3305,15,14,32,1
-5956,-1.454102,-3305,15,14,32,1
-5955,-1.453857,-3305,15,14,32,1
-5954,-1.453613,-3305,15,14,32,1
-5953,-1.453369,-3305,15,14,32,1
-5952,-1.453125,-3305,15,14,32,1
-5951,-1.452881,-3305,15,14,32,1
-5950,-1.452637,-3305,15,14,32,1
-5949,-1.452393,-3305,15,14,32,1
-5948,-1.452148,-3305,15,14,32,1
-5947,-1.451904,-3305,15,14,32,1
-5946,-1.451660,-3305,15,14,32,1
-5945,-1.451416,-3305,15,14,32,1
-5944,-1.451172,-3305,15,14,32,1
-5943,-1.450928,-3305,15,14,32,1
-5942,-1.450684,-3305,15,14,32,1
-5941,-1.450439,-3305,15,14,32,1
-5940,-1.450195,-3305,15,14,32,1
-5939,-1.449951,-3305,15,14,32,1
-5938,-1.449707,-3305,15,14,32,1
-5937,-1.449463,-3305,15,14,32,1
-5936,-1.449219,-3305,15,14,32,1
-5935,-1.448975,-3305,15,14,32,1
-5934,-1.448730,-3305,15,14,32,1
-5933,-1.448486,-3305,15,14,32,1
-5932,-1.448242,-3305,15,14,32,1
-5931,-1.447998,-3305,15,14,32,1
-5930,-1.447754,-3305,15,14,32,1
-5929,-1.447510,-3305,15,14,32,1
-5928,-1.447266,-3305,15,14,32,1
-5927,-1.447021,-3305,15,14,32,1
-5926,-1.446777,-3305,15,14,32,1
-5925,-1.446533,-3305,15,14,32,1
-5924,-1.446289,-3305,15,14,32,1
-5923,-1.446045,-3305,15,14,32,1
-5922,-1.445801,-3305,15,14,32,1
-5921,-1.445557,-3305,15,14,32,1
-5920,-1.445312,-3305,15,14,32,1
-5919,-1.445068,-3305,15,14,32,1
-5918,-1.444824,-3305,15,14,32,1
-5917,-1.444580,-3305,15,14,32,1
-5916,-1.444336,-3305,15,14,32,1
-5915,-1.444092,-3305,15,14,32,1
-5914,-1.443848,-3305,15,14,32,1
-5913,-1.443604,-3305,15,14,32,1
-5912,-1.443359,-3305,15,14,32,1
-5911,-1.443115,-3305,15,14,32,1
-5910,-1.442871,-3305,15,14,32,1
-5909,-1.442627,-3305,15,14,32,1
-5908,-1.442383,-3305,15,14,32,1
-5907,-1.442139,-3305,15,14,32,1
-5906,-1.441895,-3305,15,14,32,1
-5905,-1.441650,-3305,15,14,32,1
-5904,-1.441406,-3305,15,14,32,1
-5903,-1.441162,-3305,15,14,32,1
-5902,-1.440918,-3305,15,14,32,1
-5901,-1.440674,-3305,15,14,32,1
-5900,-1.440430,-3305,15,14,32,1
-5899,-1.440186,-3305,15,14,32,1
-5898,-1.439941,-3305,15,14,32,1
-5897,-1.439697,-3305,15,14,32,1
-5896,-1.439453,-3305,15,14,32,1
-5895,-1.439209,-3305,15,14,32,1
-5894,-1.438965,-3305,15,14,32,1
-5893,-1.438721,-3305,15,14,32,1
-5892,-1.438477,-3305,15,14,32,1
-5891,-1.438232,-3305,15,14,32,1
-5890,-1.437988,-3305,15,14,32,1
-5889,-1.437744,-3305,15,14,32,1
-5888,-1.437500,-3305,15,14,32,1
-5887,-1.437256,-3305,15,14,32,1
-5886,-1.437012,-3305,15,14,32,1
-5885,-1.436768,-3305,15,14,32,1
-5884,-1.436523,-3305,15,14,32,1
-5883,-1.436279,-3305,15,14,32,1
-5882,-1.436035,-3305,15,14,32,1
-5881,-1.435791,-3305,15,14,32,1
-5880,-1.435547,-3305,15,14,32,1
-5879,-1.435303,-3305,15,14,32,1
-5878,-1.435059,-3305,15,14,32,1
-5877,-1.434814,-3305,15,14,32,1
-5876,-1.434570,-3305,15,14,32,1
-5875,-1.434326,-3305,15,14,32,1
-5874,-1.434082,-3305,15,14,32,1
-5873,-1.433838,-3305,15,14,32,1
-5872,-1.433594,-3305,15,14,32,1
-5871,-1.433350,-3305,15,14,32,1
-5870,-1.433105,-3305,15,14,32,1
-5869,-1.432861,-3305,15,14,32,1
-5868,-1.432617,-3305,15,14,32,1
-5867,-1.432373,-3305,15,14,32,1
-5866,-1.432129,-3305,15,14,32,1
-5865,-1.431885,-3305,15,14,32,1
-5864,-1.431641,-3305,15,14,32,1
-5863,-1.431396,-3305,15,14,32,1
-5862,-1.431152,-3305,15,14,32,1
-5861,-1.430908,-3305,15,14,32,1
-5860,-1.430664,-3305,15,14,32,1
-5859,-1.430420,-3305,15,14,32,1
-5858,-1.430176,-3305,15,14,32,1
-5857,-1.429932,-3305,15,14,32,1
-5856,-1.429688,-3305,15,14,32,1
-5855,-1.429443,-3305,15,14,32,1
-5854,-1.429199,-3305,15,14,32,1
-5853,-1.428955,-3305,15,14,32,1
-5852,-1.428711,-3305,15,14,32,1
-5851,-1.428467,-3305,15,14,32,1
-5850,-1.428223,-3305,15,14,32,1
-5849,-1.427979,-3305,15,14,32,1
-5848,-1.427734,-3305,15,14,32,1
-5847,-1.427490,-3305,15,14,32,1
-5846,-1.427246,-3305,15,14,32,1
-5845,-1.427002,-3305,15,14,32,1
-5844,-1.426758,-3305,15,14,32,1
-5843,-1.426514,-3305,15,14,32,1
-5842,-1.426270,-3305,15,14,32,1
-5841,-1.426025,-3305,15,14,32,1
-5840,-1.425781,-3305,15,14,32,1
-5839,-1.425537,-3305,15,14,32,1
-5838,-1.425293,-3305,15,14,32,1
-5837,-1.425049,-3305,15,14,32,1
-5836,-1.424805,-3305,15,14,32,1
-5835,-1.424561,-3305,15,14,32,1
-5834,-1.424316,-3305,15,14,32,1
-5833,-1.424072,-3305,15,14,32,1
-5832,-1.423828,-3305,15,14,32,1
-5831,-1.423584,-3305,15,14,32,1
-5830,-1.423340,-3305,15,14,32,1
-5829,-1.423096,-3305,15,14,32,1
-5828,-1.422852,-3305,15,14,32,1
-5827,-1.422607,-3305,15,14,32,1
-5826,-1.422363,-3305,15,14,32,1
-5825,-1.422119,-3305,15,14,32,1
-5824,-1.421875,-3305,15,14,32,1
-5823,-1.421631,-3305,15,14,32,1
-5822,-1.421387,-3305,15,14,32,1
-5821,-1.421143,-3305,15,14,32,1
-5820,-1.420898,-3305,15,14,32,1
-5819,-1.420654,-3305,15,14,32,1
-5818,-1.420410,-3305,15,14,32,1
-5817,-1.420166,-3305,15,14,32,1
-5816,-1.419922,-3305,15,14,32,1
-5815,-1.419678,-3305,15,14,32,1
-5814,-1.419434,-3305,15,14,32,1
-5813,-1.419189,-3305,15,14,32,1
-5812,-1.418945,-3305,15,14,32,1
-5811,-1.418701,-3305,15,14,32,1
-5810,-1.418457,-3305,15,14,32,1
-5809,-1.418213,-3305,15,14,32,1
-5808,-1.417969,-3305,15,14,32,1
-5807,-1.417725,-3305,15,14,32,1
-5806,-1.417480,-3305,15,14,32,1
-5805,-1.417236,-3305,15,14,32,1
-5804,-1.416992,-3305,15,14,32,1
-5803,-1.416748,-3305,15,14,32,1
-5802,-1.416504,-3305,15,14,32,1
-5801,-1.416260,-3305,15,14,32,1
-5800,-1.416016,-3305,15,14,32,1
-5799,-1.415771,-3305,15,14,32,1
-5798,-1.415527,-3305,15,14,32,1
-5797,-1.415283,-3305,15,14,32,1
-5796,-1.415039,-3305,15,14,32,1
-5795,-1.414795,-3305,15,14,32,1
-5794,-1.414551,-3305,15,14,32,1
-5793,-1.414307,-3305,15,14,32,1
-5792,-1.414062,-3305,15,14,32,1
-5791,-1.413818,-3305,15,14,32,1
-5790,-1.413574,-3305,15,14,32,1
-5789,-1.413330,-3305,15,14,32,1
-5788,-1.413086,-3305,15,14,32,1
-5787,-1.412842,-3305,15,14,32,1
-5786,-1.412598,-3305,15,14,32,1
-5785,-1.412354,-3305,15,14,32,1
-5784,-1.412109,-3305,15,14,32,1
-5783,-1.411865,-3305,15,14,32,1
-5782,-1.411621,-3305,15,14,32,1
-5781,-1.411377,-3305,15,14,32,1
-5780,-1.411133,-3305,15,14,32,1
-5779,-1.410889,-3305,15,14,32,1
-5778,-1.410645,-3305,15,14,32,1
-5777,-1.410400,-3305,15,14,32,1
-5776,-1.410156,-3305,15,14,32,1
-5775,-1.409912,-3305,15,14,32,1
-5774,-1.409668,-3305,15,14,32,1
-5773,-1.409424,-3305,15,14,32,1
-5772,-1.409180,-3305,15,14,32,1
-5771,-1.408936,-3305,15,14,32,1
-5770,-1.408691,-3305,15,14,32,1
-5769,-1.408447,-3305,15,14,32,1
-5768,-1.408203,-3305,15,14,32,1
-5767,-1.407959,-3305,15,14,32,1
-5766,-1.407715,-3305,15,14,32,1
-5765,-1.407471,-3305,15,14,32,1
-5764,-1.407227,-3305,15,14,32,1
-5763,-1.406982,-3305,15,14,32,1
-5762,-1.406738,-3305,15,14,32,1
-5761,-1.406494,-3305,15,14,32,1
-5760,-1.406250,-3305,15,14,32,1
-5759,-1.406006,-3305,15,14,32,1
-5758,-1.405762,-3305,15,14,32,1
-5757,-1.405518,-3305,15,14,32,1
-5756,-1.405273,-3305,15,14,32,1
-5755,-1.405029,-3305,15,14,32,1
-5754,-1.404785,-3305,15,14,32,1
-5753,-1.404541,-3305,15,14,32,1
-5752,-1.404297,-3305,15,14,32,1
-5751,-1.404053,-3305,15,14,32,1
-5750,-1.403809,-3305,15,14,32,1
-5749,-1.403564,-3305,15,14,32,1
-5748,-1.403320,-3305,15,14,32,1
-5747,-1.403076,-3305,15,14,32,1
-5746,-1.402832,-3305,15,14,32,1
-5745,-1.402588,-3305,15,14,32,1
-5744,-1.402344,-3305,15,14,32,1
-5743,-1.402100,-3305,15,14,32,1
-5742,-1.401855,-3305,15,14,32,1
-5741,-1.401611,-3305,15,14,32,1
-5740,-1.401367,-3305,15,14,32,1
-5739,-1.401123,-3305,15,14,32,1
-5738,-1.400879,-3305,15,14,32,1
-5737,-1.400635,-3305,15,14,32,1
-5736,-1.400391,-3305,15,14,32,1
-5735,-1.400146,-3305,15,14,32,1
-5734,-1.399902,-3305,15,14,32,1
-5733,-1.399658,-3305,15,14,32,1
-5732,-1.399414,-3305,15,14,32,1
-5731,-1.399170,-3305,15,14,32,1
-5730,-1.398926,-3305,15,14,32,1
-5729,-1.398682,-3305,15,14,32,1
-5728,-1.398438,-3305,15,14,32,1
-5727,-1.398193,-3305,15,14,32,1
-5726,-1.397949,-3305,15,14,32,1
-5725,-1.397705,-3305,15,14,32,1
-5724,-1.397461,-3305,15,14,32,1
-5723,-1.397217,-3305,15,14,32,1
-5722,-1.396973,-3305,15,14,32,1
-5721,-1.396729,-3305,15,14,32,1
-5720,-1.396484,-3305,15,14,32,1
-5719,-1.396240,-3305,15,14,32,1
-5718,-1.395996,-3305,15,14,32,1
-5717,-1.395752,-3305,15,14,32,1
-5716,-1.395508,-3305,15,14,32,1
-5715,-1.395264,-3305,15,14,32,1
-5714,-1.395020,-3305,15,14,32,1
-5713,-1.394775,-3305,15,14,32,1
-5712,-1.394531,-3305,15,14,32,1
-5711,-1.394287,-3305,15,14,32,1
-5710,-1.394043,-3305,15,14,32,1
-5709,-1.393799,-3305,15,14,32,1
-5708,-1.393555,-3305,15,14,32,1
-5707,-1.393311,-3305,15,14,32,1
-5706,-1.393066,-3305,15,14,32,1
-5705,-1.392822,-3305,15,14,32,1
-5704,-1.392578,-3305,15,14,32,1
-5703,-1.392334,-3305,15,14,32,1
-5702,-1.392090,-3305,15,14,32,1
-5701,-1.391846,-3305,15,14,32,1
-5700,-1.391602,-3305,15,14,32,1
-5699,-1.391357,-3305,15,14,32,1
-5698,-1.391113,-3305,15,14,32,1
-5697,-1.390869,-3305,15,14,32,1
-5696,-1.390625,-3305,15,14,32,1
-5695,-1.390381,-3305,15,14,32,1
-5694,-1.390137,-3305,15,14,32,1
-5693,-1.389893,-3305,15,14,32,1
-5692,-1.389648,-3305,15,14,32,1
-5691,-1.389404,-3305,15,14,32,1
-5690,-1.389160,-3305,15,14,32,1
-5689,-1.388916,-3305,15,14,32,1
-5688,-1.388672,-3305,15,14,32,1
-5687,-1.388428,-3305,15,14,32,1
-5686,-1.388184,-3305,15,14,32,1
-5685,-1.387939,-3305,15,14,32,1
-5684,-1.387695,-3305,15,14,32,1
-5683,-1.387451,-3305,15,14,32,1
-5682,-1.387207,-3305,15,14,32,1
-5681,-1.386963,-3305,15,14,32,1
-5680,-1.386719,-3305,15,14,32,1
-5679,-1.386475,-3305,15,14,32,1
-5678,-1.386230,-3305,15,14,32,1
-5677,-1.385986,-3305,15,14,32,1
-5676,-1.385742,-3305,15,14,32,1
-5675,-1.385498,-3305,15,14,32,1
-5674,-1.385254,-3305,15,14,32,1
-5673,-1.385010,-3305,15,14,32,1
-5672,-1.384766,-3305,15,14,32,1
-5671,-1.384521,-3305,15,14,32,1
-5670,-1.384277,-3305,15,14,32,1
-5669,-1.384033,-3305,15,14,32,1
-5668,-1.383789,-3305,15,14,32,1
-5667,-1.383545,-3305,15,14,32,1
-5666,-1.383301,-3305,15,14,32,1
-5665,-1.383057,-3305,15,14,32,1
-5664,-1.382812,-3305,15,14,32,1
-5663,-1.382568,-3305,15,14,32,1
-5662,-1.382324,-3305,15,14,32,1
-5661,-1.382080,-3305,15,14,32,1
-5660,-1.381836,-3305,15,14,32,1
-5659,-1.381592,-3305,15,14,32,1
-5658,-1.381348,-3305,15,14,32,1
-5657,-1.381104,-3305,15,14,32,1
-5656,-1.380859,-3305,15,14,32,1
-5655,-1.380615,-3305,15,14,32,1
-5654,-1.380371,-3305,15,14,32,1
-5653,-1.380127,-3305,15,14,32,1
-5652,-1.379883,-3305,15,14,32,1
-5651,-1.379639,-3305,15,14,32,1
-5650,-1.379395,-3305,15,14,32,1
-5649,-1.379150,-3305,15,14,32,1
-5648,-1.378906,-3305,15,14,32,1
-5647,-1.378662,-3305,15,14,32,1
-5646,-1.378418,-3305,15,14,32,1
-5645,-1.378174,-3305,15,14,32,1
-5644,-1.377930,-3305,15,14,32,1
-5643,-1.377686,-3305,15,14,32,1
-5642,-1.377441,-3305,15,14,32,1
-5641,-1.377197,-3305,15,14,32,1
-5640,-1.376953,-3305,15,14,32,1
-5639,-1.376709,-3305,15,14,32,1
-5638,-1.376465,-3305,15,14,32,1
-5637,-1.376221,-3305,15,14,32,1
-5636,-1.375977,-3305,15,14,32,1
-5635,-1.375732,-3305,15,14,32,1
-5634,-1.375488,-3305,15,14,32,1
-5633,-1.375244,-3305,15,14,32,1
-5632,-1.375000,-3305,15,14,32,1
-5631,-1.374756,-3305,15,14,32,1
-5630,-1.374512,-3305,15,14,32,1
-5629,-1.374268,-3305,15,14,32,1
-5628,-1.374023,-3305,15,14,32,1
-5627,-1.373779,-3305,15,14,32,1
-5626,-1.373535,-3305,15,14,32,1
-5625,-1.373291,-3305,15,14,32,1
-5624,-1.373047,-3305,15,14,32,1
-5623,-1.372803,-3305,15,14,32,1
-5622,-1.372559,-3305,15,14,32,1
-5621,-1.372314,-3305,15,14,32,1
-5620,-1.372070,-3305,15,14,32,1
-5619,-1.371826,-3305,15,14,32,1
-5618,-1.371582,-3305,15,14,32,1
-5617,-1.371338,-3305,15,14,32,1
-5616,-1.371094,-3305,15,14,32,1
-5615,-1.370850,-3305,15,14,32,1
-5614,-1.370605,-3305,15,14,32,1
-5613,-1.370361,-3305,15,14,32,1
-5612,-1.370117,-3305,15,14,32,1
-5611,-1.369873,-3305,15,14,32,1
-5610,-1.369629,-3305,15,14,32,1
-5609,-1.369385,-3305,15,14,32,1
-5608,-1.369141,-3305,15,14,32,1
-5607,-1.368896,-3305,15,14,32,1
-5606,-1.368652,-3305,15,14,32,1
-5605,-1.368408,-3305,15,14,32,1
-5604,-1.368164,-3305,15,14,32,1
-5603,-1.367920,-3305,15,14,32,1
-5602,-1.367676,-3305,15,14,32,1
-5601,-1.367432,-3305,15,14,32,1
-5600,-1.367188,-3305,15,14,32,1
-5599,-1.366943,-3305,15,14,32,1
-5598,-1.366699,-3305,15,14,32,1
-5597,-1.366455,-3305,15,14,32,1
-5596,-1.366211,-3305,15,14,32,1
-5595,-1.365967,-3305,15,14,32,1
-5594,-1.365723,-3305,15,14,32,1
-5593,-1.365479,-3305,15,14,32,1
-5592,-1.365234,-3305,15,14,32,1
-5591,-1.364990,-3305,15,14,32,1
-5590,-1.364746,-3305,15,14,32,1
-5589,-1.364502,-3305,15,14,32,1
-5588,-1.364258,-3305,15,14,32,1
-5587,-1.364014,-3305,15,14,32,1
-5586,-1.363770,-3305,15,14,32,1
-5585,-1.363525,-3305,15,14,32,1
-5584,-1.363281,-3305,15,14,32,1
-5583,-1.363037,-3305,15,14,32,1
-5582,-1.362793,-3305,15,14,32,1
-5581,-1.362549,-3305,15,14,32,1
-5580,-1.362305,-3305,15,14,32,1
-5579,-1.362061,-3305,15,14,32,1
-5578,-1.361816,-3305,15,14,32,1
-5577,-1.361572,-3305,15,14,32,1
-5576,-1.361328,-3305,15,14,32,1
-5575,-1.361084,-3305,15,14,32,1
-5574,-1.360840,-3305,15,14,32,1
-5573,-1.360596,-3305,15,14,32,1
-5572,-1.360352,-3305,15,14,32,1
-5571,-1.360107,-3305,15,14,32,1
-5570,-1.359863,-3305,15,14,32,1
-5569,-1.359619,-3305,15,14,32,1
-5568,-1.359375,-3305,15,14,32,1
-5567,-1.359131,-3305,15,14,32,1
-5566,-1.358887,-3305,15,14,32,1
-5565,-1.358643,-3305,15,14,32,1
-5564,-1.358398,-3305,15,14,32,1
-5563,-1.358154,-3305,15,14,32,1
-5562,-1.357910,-3305,15,14,32,1
-5561,-1.357666,-3305,15,14,32,1
-5560,-1.357422,-3305,15,14,32,1
-5559,-1.357178,-3305,15,14,32,1
-5558,-1.356934,-3305,15,14,32,1
-5557,-1.356689,-3305,15,14,32,1
-5556,-1.356445,-3305,15,14,32,1
-5555,-1.356201,-3305,15,14,32,1
-5554,-1.355957,-3305,15,14,32,1
-5553,-1.355713,-3305,15,14,32,1
-5552,-1.355469,-3305,15,14,32,1
-5551,-1.355225,-3305,15,14,32,1
-5550,-1.354980,-3305,15,14,32,1
-5549,-1.354736,-3305,15,14,32,1
-5548,-1.354492,-3305,15,14,32,1
-5547,-1.354248,-3305,15,14,32,1
-5546,-1.354004,-3305,15,14,32,1
-5545,-1.353760,-3305,15,14,32,1
-5544,-1.353516,-3305,15,14,32,1
-5543,-1.353271,-3305,15,14,32,1
-5542,-1.353027,-3305,15,14,32,1
-5541,-1.352783,-3305,15,14,32,1
-5540,-1.352539,-3305,15,14,32,1
-5539,-1.352295,-3305,15,14,32,1
-5538,-1.352051,-3305,15,14,32,1
-5537,-1.351807,-3305,15,14,32,1
-5536,-1.351562,-3305,15,14,32,1
-5535,-1.351318,-3305,15,14,32,1
-5534,-1.351074,-3305,15,14,32,1
-5533,-1.350830,-3305,15,14,32,1
-5532,-1.350586,-3305,15,14,32,1
-5531,-1.350342,-3305,15,14,32,1
-5530,-1.350098,-3305,15,14,32,1
-5529,-1.349854,-3305,15,14,32,1
-5528,-1.349609,-3305,15,14,32,1
-5527,-1.349365,-3305,15,14,32,1
-5526,-1.349121,-3305,15,14,32,1
-5525,-1.348877,-3305,15,14,32,1
-5524,-1.348633,-3305,15,14,32,1
-5523,-1.348389,-3305,15,14,32,1
-5522,-1.348145,-3305,15,14,32,1
-5521,-1.347900,-3305,15,14,32,1
-5520,-1.347656,-3305,15,14,32,1
-5519,-1.347412,-3305,15,14,32,1
-5518,-1.347168,-3305,15,14,32,1
-5517,-1.346924,-3305,15,14,32,1
-5516,-1.346680,-3305,15,14,32,1
-5515,-1.346436,-3305,15,14,32,1
-5514,-1.346191,-3305,15,14,32,1
-5513,-1.345947,-3305,15,14,32,1
-5512,-1.345703,-3305,15,14,32,1
-5511,-1.345459,-3305,15,14,32,1
-5510,-1.345215,-3305,15,14,32,1
-5509,-1.344971,-3305,15,14,32,1
-5508,-1.344727,-3305,15,14,32,1
-5507,-1.344482,-3305,15,14,32,1
-5506,-1.344238,-3305,15,14,32,1
-5505,-1.343994,-3305,15,14,32,1
-5504,-1.343750,-3305,15,14,32,1
-5503,-1.343506,-3305,15,14,32,1
-5502,-1.343262,-3305,15,14,32,1
-5501,-1.343018,-3305,15,14,32,1
-5500,-1.342773,-3305,15,14,32,1
-5499,-1.342529,-3305,15,14,32,1
-5498,-1.342285,-3305,15,14,32,1
-5497,-1.342041,-3305,15,14,32,1
-5496,-1.341797,-3305,15,14,32,1
-5495,-1.341553,-3305,15,14,32,1
-5494,-1.341309,-3305,15,14,32,1
-5493,-1.341064,-3305,15,14,32,1
-5492,-1.340820,-3305,15,14,32,1
-5491,-1.340576,-3305,15,14,32,1
-5490,-1.340332,-3305,15,14,32,1
-5489,-1.340088,-3305,15,14,32,1
-5488,-1.339844,-3305,15,14,32,1
-5487,-1.339600,-3305,15,14,32,1
-5486,-1.339355,-3305,15,14,32,1
-5485,-1.339111,-3305,15,14,32,1
-5484,-1.338867,-3305,15,14,32,1
-5483,-1.338623,-3305,15,14,32,1
-5482,-1.338379,-3305,15,14,32,1
-5481,-1.338135,-3305,15,14,32,1
-5480,-1.337891,-3305,15,14,32,1
-5479,-1.337646,-3305,15,14,32,1
-5478,-1.337402,-3305,15,14,32,1
-5477,-1.337158,-3305,15,14,32,1
-5476,-1.336914,-3305,15,14,32,1
-5475,-1.336670,-3305,15,14,32,1
-5474,-1.336426,-3305,15,14,32,1
-5473,-1.336182,-3305,15,14,32,1
-5472,-1.335938,-3305,15,14,32,1
-5471,-1.335693,-3305,15,14,32,1
-5470,-1.335449,-3305,15,14,32,1
-5469,-1.335205,-3305,15,14,32,1
-5468,-1.334961,-3305,15,14,32,1
-5467,-1.334717,-3305,15,14,32,1
-5466,-1.334473,-3305,15,14,32,1
-5465,-1.334229,-3305,15,14,32,1
-5464,-1.333984,-3305,15,14,32,1
-5463,-1.333740,-3305,15,14,32,1
-5462,-1.333496,-3305,15,14,32,1
-5461,-1.333252,-3305,15,14,32,1
-5460,-1.333008,-3305,15,14,32,1
-5459,-1.332764,-3305,15,14,32,1
-5458,-1.332520,-3305,15,14,32,1
-5457,-1.332275,-3305,15,14,32,1
-5456,-1.332031,-3305,15,14,32,1
-5455,-1.331787,-3305,15,14,32,1
-5454,-1.331543,-3305,15,14,32,1
-5453,-1.331299,-3305,15,14,32,1
-5452,-1.331055,-3305,15,14,32,1
-5451,-1.330811,-3305,15,14,32,1
-5450,-1.330566,-3305,15,14,32,1
-5449,-1.330322,-3305,15,14,32,1
-5448,-1.330078,-3305,15,14,32,1
-5447,-1.329834,-3305,15,14,32,1
-5446,-1.329590,-3305,15,14,32,1
-5445,-1.329346,-3305,15,14,32,1
-5444,-1.329102,-3305,15,14,32,1
-5443,-1.328857,-3305,15,14,32,1
-5442,-1.328613,-3305,15,14,32,1
-5441,-1.328369,-3305,15,14,32,1
-5440,-1.328125,-3305,15,14,32,1
-5439,-1.327881,-3305,15,14,32,1
-5438,-1.327637,-3305,15,14,32,1
-5437,-1.327393,-3305,15,14,32,1
-5436,-1.327148,-3305,15,14,32,1
-5435,-1.326904,-3305,15,14,32,1
-5434,-1.326660,-3305,15,14,32,1
-5433,-1.326416,-3305,15,14,32,1
-5432,-1.326172,-3305,15,14,32,1
-5431,-1.325928,-3305,15,14,32,1
-5430,-1.325684,-3305,15,14,32,1
-5429,-1.325439,-3305,15,14,32,1
-5428,-1.325195,-3305,15,14,32,1
-5427,-1.324951,-3305,15,14,32,1
-5426,-1.324707,-3305,15,14,32,1
-5425,-1.324463,-3305,15,14,32,1
-5424,-1.324219,-3305,15,14,32,1
-5423,-1.323975,-3305,15,14,32,1
-5422,-1.323730,-3305,15,14,32,1
-5421,-1.323486,-3305,15,14,32,1
-5420,-1.323242,-3305,15,14,32,1
-5419,-1.322998,-3305,15,14,32,1
-5418,-1.322754,-3305,15,14,32,1
-5417,-1.322510,-3305,15,14,32,1
-5416,-1.322266,-3305,15,14,32,1
-5415,-1.322021,-3305,15,14,32,1
-5414,-1.321777,-3305,15,14,32,1
-5413,-1.321533,-3305,15,14,32,1
-5412,-1.321289,-3305,15,14,32,1
-5411,-1.321045,-3305,15,14,32,1
-5410,-1.320801,-3305,15,14,32,1
-5409,-1.320557,-3305,15,14,32,1
-5408,-1.320312,-3305,15,14,32,1
-5407,-1.320068,-3305,15,14,32,1
-5406,-1.319824,-3305,15,14,32,1
-5405,-1.319580,-3305,15,14,32,1
-5404,-1.319336,-3305,15,14,32,1
-5403,-1.319092,-3305,15,14,32,1
-5402,-1.318848,-3305,15,14,32,1
-5401,-1.318604,-3305,15,14,32,1
-5400,-1.318359,-3305,15,14,32,1
-5399,-1.318115,-3305,15,14,32,1
-5398,-1.317871,-3305,15,14,32,1
-5397,-1.317627,-3305,15,14,32,1
-5396,-1.317383,-3305,15,14,32,1
-5395,-1.317139,-3305,15,14,32,1
-5394,-1.316895,-3305,15,14,32,1
-5393,-1.316650,-3305,15,14,32,1
-5392,-1.316406,-3305,15,14,32,1
-5391,-1.316162,-3305,15,14,32,1
-5390,-1.315918,-3305,15,14,32,1
-5389,-1.315674,-3305,15,14,32,1
-5388,-1.315430,-3305,15,14,32,1
-5387,-1.315186,-3305,15,14,32,1
-5386,-1.314941,-3305,15,14,32,1
-5385,-1.314697,-3305,15,14,32,1
-5384,-1.314453,-3305,15,14,32,1
-5383,-1.314209,-3305,15,14,32,1
-5382,-1.313965,-3305,15,14,32,1
-5381,-1.313721,-3305,15,14,32,1
-5380,-1.313477,-3305,15,14,32,1
-5379,-1.313232,-3305,15,14,32,1
-5378,-1.312988,-3305,15,14,32,1
-5377,-1.312744,-3305,15,14,32,1
-5376,-1.312500,-3305,15,14,32,1
-5375,-1.312256,-3305,15,14,32,1
-5374,-1.312012,-3305,15,14,32,1
-5373,-1.311768,-3305,15,14,32,1
-5372,-1.311523,-3305,15,14,32,1
-5371,-1.311279,-3305,15,14,32,1
-5370,-1.311035,-3305,15,14,32,1
-5369,-1.310791,-3305,15,14,32,1
-5368,-1.310547,-3305,15,14,32,1
-5367,-1.310303,-3305,15,14,32,1
-5366,-1.310059,-3305,15,14,32,1
-5365,-1.309814,-3305,15,14,32,1
-5364,-1.309570,-3305,15,14,32,1
-5363,-1.309326,-3305,15,14,32,1
-5362,-1.309082,-3305,15,14,32,1
-5361,-1.308838,-3305,15,14,32,1
-5360,-1.308594,-3305,15,14,32,1
-5359,-1.308350,-3305,15,14,32,1
-5358,-1.308105,-3305,15,14,32,1
-5357,-1.307861,-3305,15,14,32,1
-5356,-1.307617,-3305,15,14,32,1
-5355,-1.307373,-3305,15,14,32,1
-5354,-1.307129,-3305,15,14,32,1
-5353,-1.306885,-3305,15,14,32,1
-5352,-1.306641,-3305,15,14,32,1
-5351,-1.306396,-3305,15,14,32,1
-5350,-1.306152,-3305,15,14,32,1
-5349,-1.305908,-3305,15,14,32,1
-5348,-1.305664,-3305,15,14,32,1
-5347,-1.305420,-3305,15,14,32,1
-5346,-1.305176,-3305,15,14,32,1
-5345,-1.304932,-3305,15,14,32,1
-5344,-1.304688,-3305,15,14,32,1
-5343,-1.304443,-3305,15,14,32,1
-5342,-1.304199,-3305,15,14,32,1
-5341,-1.303955,-3305,15,14,32,1
-5340,-1.303711,-3305,15,14,32,1
-5339,-1.303467,-3305,15,14,32,1
-5338,-1.303223,-3305,15,14,32,1
-5337,-1.302979,-3305,15,14,32,1
-5336,-1.302734,-3305,15,14,32,1
-5335,-1.302490,-3305,15,14,32,1
-5334,-1.302246,-3305,15,14,32,1
-5333,-1.302002,-3305,15,14,32,1
-5332,-1.301758,-3305,15,14,32,1
-5331,-1.301514,-3305,15,14,32,1
-5330,-1.301270,-3305,15,14,32,1
-5329,-1.301025,-3305,15,14,32,1
-5328,-1.300781,-3305,15,14,32,1
-5327,-1.300537,-3305,15,14,32,1
-5326,-1.300293,-3305,15,14,32,1
-5325,-1.300049,-3305,15,14,32,1
-5324,-1.299805,-3305,15,14,32,1
-5323,-1.299561,-3305,15,14,32,1
-5322,-1.299316,-3305,15,14,32,1
-5321,-1.299072,-3305,15,14,32,1
-5320,-1.298828,-3305,15,14,32,1
-5319,-1.298584,-3305,15,14,32,1
-5318,-1.298340,-3305,15,14,32,1
-5317,-1.298096,-3305,15,14,32,1
-5316,-1.297852,-3305,15,14,32,1
-5315,-1.297607,-3305,15,14,32,1
-5314,-1.297363,-3305,15,14,32,1
-5313,-1.297119,-3305,15,14,32,1
-5312,-1.296875,-3305,15,14,32,1
-5311,-1.296631,-3305,15,14,32,1
-5310,-1.296387,-3305,15,14,32,1
-5309,-1.296143,-3305,15,14,32,1
-5308,-1.295898,-3305,15,14,32,1
-5307,-1.295654,-3305,15,14,32,1
-5306,-1.295410,-3305,15,14,32,1
-5305,-1.295166,-3305,15,14,32,1
-5304,-1.294922,-3305,15,14,32,1
-5303,-1.294678,-3305,15,14,32,1
-5302,-1.294434,-3305,15,14,32,1
-5301,-1.294189,-3305,15,14,32,1
-5300,-1.293945,-3305,15,14,32,1
-5299,-1.293701,-3305,15,14,32,1
-5298,-1.293457,-3305,15,14,32,1
-5297,-1.293213,-3305,15,14,32,1
-5296,-1.292969,-3305,15,14,32,1
-5295,-1.292725,-3305,15,14,32,1
-5294,-1.292480,-3305,15,14,32,1
-5293,-1.292236,-3305,15,14,32,1
-5292,-1.291992,-3305,15,14,32,1
-5291,-1.291748,-3305,15,14,32,1
-5290,-1.291504,-3305,15,14,32,1
-5289,-1.291260,-3305,15,14,32,1
-5288,-1.291016,-3305,15,14,32,1
-5287,-1.290771,-3305,15,14,32,1
-5286,-1.290527,-3305,15,14,32,1
-5285,-1.290283,-3305,15,14,32,1
-5284,-1.290039,-3305,15,14,32,1
-5283,-1.289795,-3305,15,14,32,1
-5282,-1.289551,-3305,15,14,32,1
-5281,-1.289307,-3305,15,14,32,1
-5280,-1.289062,-3305,15,14,32,1
-5279,-1.288818,-3305,15,14,32,1
-5278,-1.288574,-3305,15,14,32,1
-5277,-1.288330,-3305,15,14,32,1
-5276,-1.288086,-3305,15,14,32,1
-5275,-1.287842,-3305,15,14,32,1
-5274,-1.287598,-3305,15,14,32,1
-5273,-1.287354,-3305,15,14,32,1
-5272,-1.287109,-3305,15,14,32,1
-5271,-1.286865,-3305,15,14,32,1
-5270,-1.286621,-3305,15,14,32,1
-5269,-1.286377,-3305,15,14,32,1
-5268,-1.286133,-3305,15,14,32,1
-5267,-1.285889,-3305,15,14,32,1
-5266,-1.285645,-3305,15,14,32,1
-5265,-1.285400,-3305,15,14,32,1
-5264,-1.285156,-3305,15,14,32,1
-5263,-1.284912,-3305,15,14,32,1
-5262,-1.284668,-3305,15,14,32,1
-5261,-1.284424,-3305,15,14,32,1
-5260,-1.284180,-3305,15,14,32,1
-5259,-1.283936,-3305,15,14,32,1
-5258,-1.283691,-3305,15,14,32,1
-5257,-1.283447,-3305,15,14,32,1
-5256,-1.283203,-3305,15,14,32,1
-5255,-1.282959,-3305,15,14,32,1
-5254,-1.282715,-3305,15,14,32,1
-5253,-1.282471,-3305,15,14,32,1
-5252,-1.282227,-3305,15,14,32,1
-5251,-1.281982,-3305,15,14,32,1
-5250,-1.281738,-3305,15,14,32,1
-5249,-1.281494,-3305,15,14,32,1
-5248,-1.281250,-3305,15,14,32,1
-5247,-1.281006,-3305,15,14,32,1
-5246,-1.280762,-3305,15,14,32,1
-5245,-1.280518,-3305,15,14,32,1
-5244,-1.280273,-3305,15,14,32,1
-5243,-1.280029,-3305,15,14,32,1
-5242,-1.279785,-3305,15,14,32,1
-5241,-1.279541,-3305,15,14,32,1
-5240,-1.279297,-3305,15,14,32,1
-5239,-1.279053,-3305,15,14,32,1
-5238,-1.278809,-3305,15,14,32,1
-5237,-1.278564,-3305,15,14,32,1
-5236,-1.278320,-3305,15,14,32,1
-5235,-1.278076,-3305,15,14,32,1
-5234,-1.277832,-3305,15,14,32,1
-5233,-1.277588,-3305,15,14,32,1
-5232,-1.277344,-3305,15,14,32,1
-5231,-1.277100,-3305,15,14,32,1
-5230,-1.276855,-3305,15,14,32,1
-5229,-1.276611,-3305,15,14,32,1
-5228,-1.276367,-3305,15,14,32,1
-5227,-1.276123,-3305,15,14,32,1
-5226,-1.275879,-3305,15,14,32,1
-5225,-1.275635,-3305,15,14,32,1
-5224,-1.275391,-3305,15,14,32,1
-5223,-1.275146,-3305,15,14,32,1
-5222,-1.274902,-3305,15,14,32,1
-5221,-1.274658,-3305,15,14,32,1
-5220,-1.274414,-3305,15,14,32,1
-5219,-1.274170,-3305,15,14,32,1
-5218,-1.273926,-3305,15,14,32,1
-5217,-1.273682,-3305,15,14,32,1
-5216,-1.273438,-3305,15,14,32,1
-5215,-1.273193,-3305,15,14,32,1
-5214,-1.272949,-3305,15,14,32,1
-5213,-1.272705,-3305,15,14,32,1
-5212,-1.272461,-3305,15,14,32,1
-5211,-1.272217,-3305,15,14,32,1
-5210,-1.271973,-3305,15,14,32,1
-5209,-1.271729,-3305,15,14,32,1
-5208,-1.271484,-3305,15,14,32,1
-5207,-1.271240,-3305,15,14,32,1
-5206,-1.270996,-3305,15,14,32,1
-5205,-1.270752,-3305,15,14,32,1
-5204,-1.270508,-3305,15,14,32,1
-5203,-1.270264,-3305,15,14,32,1
-5202,-1.270020,-3305,15,14,32,1
-5201,-1.269775,-3305,15,14,32,1
-5200,-1.269531,-3305,15,14,32,1
-5199,-1.269287,-3305,15,14,32,1
-5198,-1.269043,-3305,15,14,32,1
-5197,-1.268799,-3305,15,14,32,1
-5196,-1.268555,-3305,15,14,32,1
-5195,-1.268311,-3305,15,14,32,1
-5194,-1.268066,-3305,15,14,32,1
-5193,-1.267822,-3305,15,14,32,1
-5192,-1.267578,-3305,15,14,32,1
-5191,-1.267334,-3305,15,14,32,1
-5190,-1.267090,-3305,15,14,32,1
-5189,-1.266846,-3305,15,14,32,1
-5188,-1.266602,-3305,15,14,32,1
-5187,-1.266357,-3305,15,14,32,1
-5186,-1.266113,-3305,15,14,32,1
-5185,-1.265869,-3305,15,14,32,1
-5184,-1.265625,-3305,15,14,32,1
-5183,-1.265381,-3305,15,14,32,1
-5182,-1.265137,-3305,15,14,32,1
-5181,-1.264893,-3305,15,14,32,1
-5180,-1.264648,-3305,15,14,32,1
-5179,-1.264404,-3305,15,14,32,1
-5178,-1.264160,-3305,15,14,32,1
-5177,-1.263916,-3305,15,14,32,1
-5176,-1.263672,-3305,15,14,32,1
-5175,-1.263428,-3305,15,14,32,1
-5174,-1.263184,-3305,15,14,32,1
-5173,-1.262939,-3305,15,14,32,1
-5172,-1.262695,-3305,15,14,32,1
-5171,-1.262451,-3305,15,14,32,1
-5170,-1.262207,-3305,15,14,32,1
-5169,-1.261963,-3305,15,14,32,1
-5168,-1.261719,-3305,15,14,32,1
-5167,-1.261475,-3305,15,14,32,1
-5166,-1.261230,-3305,15,14,32,1
-5165,-1.260986,-3305,15,14,32,1
-5164,-1.260742,-3305,15,14,32,1
-5163,-1.260498,-3305,15,14,32,1
-5162,-1.260254,-3305,15,14,32,1
-5161,-1.260010,-3305,15,14,32,1
-5160,-1.259766,-3305,15,14,32,1
-5159,-1.259521,-3305,15,14,32,1
-5158,-1.259277,-3305,15,14,32,1
-5157,-1.259033,-3305,15,14,32,1
-5156,-1.258789,-3305,15,14,32,1
-5155,-1.258545,-3305,15,14,32,1
-5154,-1.258301,-3305,15,14,32,1
-5153,-1.258057,-3305,15,14,32,1
-5152,-1.257812,-3305,15,14,32,1
-5151,-1.257568,-3305,15,14,32,1
-5150,-1.257324,-3305,15,14,32,1
-5149,-1.257080,-3305,15,14,32,1
-5148,-1.256836,-3305,15,14,32,1
-5147,-1.256592,-3305,15,14,32,1
-5146,-1.256348,-3305,15,14,32,1
-5145,-1.256104,-3305,15,14,32,1
-5144,-1.255859,-3305,15,14,32,1
-5143,-1.255615,-3305,15,14,32,1
-5142,-1.255371,-3305,15,14,32,1
-5141,-1.255127,-3305,15,14,32,1
-5140,-1.254883,-3305,15,14,32,1
-5139,-1.254639,-3305,15,14,32,1
-5138,-1.254395,-3305,15,14,32,1
-5137,-1.254150,-3305,15,14,32,1
-5136,-1.253906,-3305,15,14,32,1
-5135,-1.253662,-3305,15,14,32,1
-5134,-1.253418,-3305,15,14,32,1
-5133,-1.253174,-3305,15,14,32,1
-5132,-1.252930,-3305,15,14,32,1
-5131,-1.252686,-3305,15,14,32,1
-5130,-1.252441,-3305,15,14,32,1
-5129,-1.252197,-3305,15,14,32,1
-5128,-1.251953,-3305,15,14,32,1
-5127,-1.251709,-3305,15,14,32,1
-5126,-1.251465,-3305,15,14,32,1
-5125,-1.251221,-3305,15,14,32,1
-5124,-1.250977,-3305,15,14,32,1
-5123,-1.250732,-3305,15,14,32,1
-5122,-1.250488,-3305,15,14,32,1
-5121,-1.250244,-3305,15,14,32,1
-5120,-1.250000,-3305,15,14,32,1
-5119,-1.249756,-3305,15,14,32,1
-5118,-1.249512,-3305,15,14,32,1
-5117,-1.249268,-3305,15,14,32,1
-5116,-1.249023,-3305,15,14,32,1
-5115,-1.248779,-3305,15,14,32,1
-5114,-1.248535,-3305,15,14,32,1
-5113,-1.248291,-3305,15,14,32,1
-5112,-1.248047,-3305,15,14,32,1
-5111,-1.247803,-3305,15,14,32,1
-5110,-1.247559,-3305,15,14,32,1
-5109,-1.247314,-3305,15,14,32,1
-5108,-1.247070,-3305,15,14,32,1
-5107,-1.246826,-3305,15,14,32,1
-5106,-1.246582,-3305,15,14,32,1
-5105,-1.246338,-3305,15,14,32,1
-5104,-1.246094,-3305,15,14,32,1
-5103,-1.245850,-3305,15,14,32,1
-5102,-1.245605,-3305,15,14,32,1
-5101,-1.245361,-3305,15,14,32,1
-5100,-1.245117,-3305,15,14,32,1
-5099,-1.244873,-3305,15,14,32,1
-5098,-1.244629,-3305,15,14,32,1
-5097,-1.244385,-3305,15,14,32,1
-5096,-1.244141,-3305,15,14,32,1
-5095,-1.243896,-3305,15,14,32,1
-5094,-1.243652,-3305,15,14,32,1
-5093,-1.243408,-3305,15,14,32,1
-5092,-1.243164,-3305,15,14,32,1
-5091,-1.242920,-3305,15,14,32,1
-5090,-1.242676,-3305,15,14,32,1
-5089,-1.242432,-3305,15,14,32,1
-5088,-1.242188,-3305,15,14,32,1
-5087,-1.241943,-3305,15,14,32,1
-5086,-1.241699,-3305,15,14,32,1
-5085,-1.241455,-3305,15,14,32,1
-5084,-1.241211,-3305,15,14,32,1
-5083,-1.240967,-3305,15,14,32,1
-5082,-1.240723,-3305,15,14,32,1
-5081,-1.240479,-3305,15,14,32,1
-5080,-1.240234,-3305,15,14,32,1
-5079,-1.239990,-3305,15,14,32,1
-5078,-1.239746,-3305,15,14,32,1
-5077,-1.239502,-3305,15,14,32,1
-5076,-1.239258,-3305,15,14,32,1
-5075,-1.239014,-3305,15,14,32,1
-5074,-1.238770,-3305,15,14,32,1
-5073,-1.238525,-3305,15,14,32,1
-5072,-1.238281,-3305,15,14,32,1
-5071,-1.238037,-3305,15,14,32,1
-5070,-1.237793,-3305,15,14,32,1
-5069,-1.237549,-3305,15,14,32,1
-5068,-1.237305,-3305,15,14,32,1
-5067,-1.237061,-3305,15,14,32,1
-5066,-1.236816,-3305,15,14,32,1
-5065,-1.236572,-3305,15,14,32,1
-5064,-1.236328,-3305,15,14,32,1
-5063,-1.236084,-3305,15,14,32,1
-5062,-1.235840,-3305,15,14,32,1
-5061,-1.235596,-3305,15,14,32,1
-5060,-1.235352,-3305,15,14,32,1
-5059,-1.235107,-3305,15,14,32,1
-5058,-1.234863,-3305,15,14,32,1
-5057,-1.234619,-3305,15,14,32,1
-5056,-1.234375,-3305,15,14,32,1
-5055,-1.234131,-3305,15,14,32,1
-5054,-1.233887,-3305,15,14,32,1
-5053,-1.233643,-3305,15,14,32,1
-5052,-1.233398,-3305,15,14,32,1
-5051,-1.233154,-3305,15,14,32,1
-5050,-1.232910,-3305,15,14,32,1
-5049,-1.232666,-3305,15,14,32,1
-5048,-1.232422,-3305,15,14,32,1
-5047,-1.232178,-3305,15,14,32,1
-5046,-1.231934,-3305,15,14,32,1
-5045,-1.231689,-3305,15,14,32,1
-5044,-1.231445,-3305,15,14,32,1
-5043,-1.231201,-3305,15,14,32,1
-5042,-1.230957,-3305,15,14,32,1
-5041,-1.230713,-3305,15,14,32,1
-5040,-1.230469,-3305,15,14,32,1
-5039,-1.230225,-3305,15,14,32,1
-5038,-1.229980,-3305,15,14,32,1
-5037,-1.229736,-3305,15,14,32,1
-5036,-1.229492,-3305,15,14,32,1
-5035,-1.229248,-3305,15,14,32,1
-5034,-1.229004,-3305,15,14,32,1
-5033,-1.228760,-3305,15,14,32,1
-5032,-1.228516,-3305,15,14,32,1
-5031,-1.228271,-3305,15,14,32,1
-5030,-1.228027,-3305,15,14,32,1
-5029,-1.227783,-3305,15,14,32,1
-5028,-1.227539,-3305,15,14,32,1
-5027,-1.227295,-3305,15,14,32,1
-5026,-1.227051,-3305,15,14,32,1
-5025,-1.226807,-3305,15,14,32,1
-5024,-1.226562,-3305,15,14,32,1
-5023,-1.226318,-3305,15,14,32,1
-5022,-1.226074,-3305,15,14,32,1
-5021,-1.225830,-3305,15,14,32,1
-5020,-1.225586,-3305,15,14,32,1
-5019,-1.225342,-3305,15,14,32,1
-5018,-1.225098,-3305,15,14,32,1
-5017,-1.224854,-3305,15,14,32,1
-5016,-1.224609,-3305,15,14,32,1
-5015,-1.224365,-3305,15,14,32,1
-5014,-1.224121,-3305,15,14,32,1
-5013,-1.223877,-3305,15,14,32,1
-5012,-1.223633,-3305,15,14,32,1
-5011,-1.223389,-3305,15,14,32,1
-5010,-1.223145,-3305,15,14,32,1
-5009,-1.222900,-3305,15,14,32,1
-5008,-1.222656,-3305,15,14,32,1
-5007,-1.222412,-3305,15,14,32,1
-5006,-1.222168,-3305,15,14,32,1
-5005,-1.221924,-3305,15,14,32,1
-5004,-1.221680,-3305,15,14,32,1
-5003,-1.221436,-3305,15,14,32,1
-5002,-1.221191,-3305,15,14,32,1
-5001,-1.220947,-3305,15,14,32,1
-5000,-1.220703,-3305,15,14,32,1
-4999,-1.220459,-3305,15,14,32,1
-4998,-1.220215,-3305,15,14,32,1
-4997,-1.219971,-3305,15,14,32,1
-4996,-1.219727,-3305,15,14,32,1
-4995,-1.219482,-3305,15,14,32,1
-4994,-1.219238,-3305,15,14,32,1
-4993,-1.218994,-3305,15,14,32,1
-4992,-1.218750,-3305,15,14,32,1
-4991,-1.218506,-3305,15,14,32,1
-4990,-1.218262,-3305,15,14,32,1
-4989,-1.218018,-3305,15,14,32,1
-4988,-1.217773,-3305,15,14,32,1
-4987,-1.217529,-3305,15,14,32,1
-4986,-1.217285,-3305,15,14,32,1
-4985,-1.217041,-3305,15,14,32,1
-4984,-1.216797,-3305,15,14,32,1
-4983,-1.216553,-3305,15,14,32,1
-4982,-1.216309,-3305,15,14,32,1
-4981,-1.216064,-3305,15,14,32,1
-4980,-1.215820,-3305,15,14,32,1
-4979,-1.215576,-3305,15,14,32,1
-4978,-1.215332,-3305,15,14,32,1
-4977,-1.215088,-3305,15,14,32,1
-4976,-1.214844,-3305,15,14,32,1
-4975,-1.214600,-3305,15,14,32,1
-4974,-1.214355,-3305,15,14,32,1
-4973,-1.214111,-3305,15,14,32,1
-4972,-1.213867,-3305,15,14,32,1
-4971,-1.213623,-3305,15,14,32,1
-4970,-1.213379,-3305,15,14,32,1
-4969,-1.213135,-3305,15,14,32,1
-4968,-1.212891,-3305,15,14,32,1
-4967,-1.212646,-3305,15,14,32,1
-4966,-1.212402,-3305,15,14,32,1
-4965,-1.212158,-3305,15,14,32,1
-4964,-1.211914,-3305,15,14,32,1
-4963,-1.211670,-3305,15,14,32,1
-4962,-1.211426,-3305,15,14,32,1
-4961,-1.211182,-3305,15,14,32,1
-4960,-1.210938,-3305,15,14,32,1
-4959,-1.210693,-3305,15,14,32,1
-4958,-1.210449,-3305,15,14,32,1
-4957,-1.210205,-3305,15,14,32,1
-4956,-1.209961,-3305,15,14,32,1
-4955,-1.209717,-3305,15,14,32,1
-4954,-1.209473,-3305,15,14,32,1
-4953,-1.209229,-3305,15,14,32,1
-4952,-1.208984,-3305,15,14,32,1
-4951,-1.208740,-3305,15,14,32,1
-4950,-1.208496,-3305,15,14,32,1
-4949,-1.208252,-3305,15,14,32,1
-4948,-1.208008,-3305,15,14,32,1
-4947,-1.207764,-3305,15,14,32,1
-4946,-1.207520,-3305,15,14,32,1
-4945,-1.207275,-3305,15,14,32,1
-4944,-1.207031,-3305,15,14,32,1
-4943,-1.206787,-3305,15,14,32,1
-4942,-1.206543,-3305,15,14,32,1
-4941,-1.206299,-3305,15,14,32,1
-4940,-1.206055,-3305,15,14,32,1
-4939,-1.205811,-3305,15,14,32,1
-4938,-1.205566,-3305,15,14,32,1
-4937,-1.205322,-3305,15,14,32,1
-4936,-1.205078,-3305,15,14,32,1
-4935,-1.204834,-3305,15,14,32,1
-4934,-1.204590,-3305,15,14,32,1
-4933,-1.204346,-3305,15,14,32,1
-4932,-1.204102,-3305,15,14,32,1
-4931,-1.203857,-3305,15,14,32,1
-4930,-1.203613,-3305,15,14,32,1
-4929,-1.203369,-3305,15,14,32,1
-4928,-1.203125,-3305,15,14,32,1
-4927,-1.202881,-3305,15,14,32,1
-4926,-1.202637,-3305,15,14,32,1
-4925,-1.202393,-3305,15,14,32,1
-4924,-1.202148,-3305,15,14,32,1
-4923,-1.201904,-3305,15,14,32,1
-4922,-1.201660,-3305,15,14,32,1
-4921,-1.201416,-3305,15,14,32,1
-4920,-1.201172,-3305,15,14,32,1
-4919,-1.200928,-3305,15,14,32,1
-4918,-1.200684,-3305,15,14,32,1
-4917,-1.200439,-3305,15,14,32,1
-4916,-1.200195,-3305,15,14,32,1
-4915,-1.199951,-3305,15,14,32,1
-4914,-1.199707,-3305,15,14,32,1
-4913,-1.199463,-3305,15,14,32,1
-4912,-1.199219,-3305,15,14,32,1
-4911,-1.198975,-3305,15,14,32,1
-4910,-1.198730,-3305,15,14,32,1
-4909,-1.198486,-3305,15,14,32,1
-4908,-1.198242,-3305,15,14,32,1
-4907,-1.197998,-3305,15,14,32,1
-4906,-1.197754,-3305,15,14,32,1
-4905,-1.197510,-3305,15,14,32,1
-4904,-1.197266,-3305,15,14,32,1
-4903,-1.197021,-3305,15,14,32,1
-4902,-1.196777,-3305,15,14,32,1
-4901,-1.196533,-3305,15,14,32,1
-4900,-1.196289,-3305,15,14,32,1
-4899,-1.196045,-3305,15,14,32,1
-4898,-1.195801,-3305,15,14,32,1
-4897,-1.195557,-3305,15,14,32,1
-4896,-1.195312,-3305,15,14,32,1
-4895,-1.195068,-3305,15,14,32,1
-4894,-1.194824,-3305,15,14,32,1
-4893,-1.194580,-3305,15,14,32,1
-4892,-1.194336,-3305,15,14,32,1
-4891,-1.194092,-3305,15,14,32,1
-4890,-1.193848,-3305,15,14,32,1
-4889,-1.193604,-3305,15,14,32,1
-4888,-1.193359,-3305,15,14,32,1
-4887,-1.193115,-3305,15,14,32,1
-4886,-1.192871,-3305,15,14,32,1
-4885,-1.192627,-3305,15,14,32,1
-4884,-1.192383,-3305,15,14,32,1
-4883,-1.192139,-3305,15,14,32,1
-4882,-1.191895,-3305,15,14,32,1
-4881,-1.191650,-3305,15,14,32,1
-4880,-1.191406,-3305,15,14,32,1
-4879,-1.191162,-3305,15,14,32,1
-4878,-1.190918,-3305,15,14,32,1
-4877,-1.190674,-3305,15,14,32,1
-4876,-1.190430,-3305,15,14,32,1
-4875,-1.190186,-3305,15,14,32,1
-4874,-1.189941,-3305,15,14,32,1
-4873,-1.189697,-3305,15,14,32,1
-4872,-1.189453,-3305,15,14,32,1
-4871,-1.189209,-3305,15,14,32,1
-4870,-1.188965,-3305,15,14,32,1
-4869,-1.188721,-3305,15,14,32,1
-4868,-1.188477,-3305,15,14,32,1
-4867,-1.188232,-3305,15,14,32,1
-4866,-1.187988,-3305,15,14,32,1
-4865,-1.187744,-3305,15,14,32,1
-4864,-1.187500,-3305,15,14,32,1
-4863,-1.187256,-3305,15,14,32,1
-4862,-1.187012,-3305,15,14,32,1
-4861,-1.186768,-3305,15,14,32,1
-4860,-1.186523,-3305,15,14,32,1
-4859,-1.186279,-3305,15,14,32,1
-4858,-1.186035,-3305,15,14,32,1
-4857,-1.185791,-3305,15,14,32,1
-4856,-1.185547,-3305,15,14,32,1
-4855,-1.185303,-3305,15,14,32,1
-4854,-1.185059,-3305,15,14,32,1
-4853,-1.184814,-3305,15,14,32,1
-4852,-1.184570,-3305,15,14,32,1
-4851,-1.184326,-3305,15,14,32,1
-4850,-1.184082,-3305,15,14,32,1
-4849,-1.183838,-3305,15,14,32,1
-4848,-1.183594,-3305,15,14,32,1
-4847,-1.183350,-3305,15,14,32,1
-4846,-1.183105,-3305,15,14,32,1
-4845,-1.182861,-3305,15,14,32,1
-4844,-1.182617,-3305,15,14,32,1
-4843,-1.182373,-3305,15,14,32,1
-4842,-1.182129,-3305,15,14,32,1
-4841,-1.181885,-3305,15,14,32,1
-4840,-1.181641,-3305,15,14,32,1
-4839,-1.181396,-3305,15,14,32,1
-4838,-1.181152,-3305,15,14,32,1
-4837,-1.180908,-3305,15,14,32,1
-4836,-1.180664,-3305,15,14,32,1
-4835,-1.180420,-3305,15,14,32,1
-4834,-1.180176,-3305,15,14,32,1
-4833,-1.179932,-3305,15,14,32,1
-4832,-1.179688,-3305,15,14,32,1
-4831,-1.179443,-3305,15,14,32,1
-4830,-1.179199,-3305,15,14,32,1
-4829,-1.178955,-3305,15,14,32,1
-4828,-1.178711,-3305,15,14,32,1
-4827,-1.178467,-3305,15,14,32,1
-4826,-1.178223,-3305,15,14,32,1
-4825,-1.177979,-3305,15,14,32,1
-4824,-1.177734,-3305,15,14,32,1
-4823,-1.177490,-3305,15,14,32,1
-4822,-1.177246,-3305,15,14,32,1
-4821,-1.177002,-3305,15,14,32,1
-4820,-1.176758,-3305,15,14,32,1
-4819,-1.176514,-3305,15,14,32,1
-4818,-1.176270,-3305,15,14,32,1
-4817,-1.176025,-3305,15,14,32,1
-4816,-1.175781,-3305,15,14,32,1
-4815,-1.175537,-3305,15,14,32,1
-4814,-1.175293,-3305,15,14,32,1
-4813,-1.175049,-3305,15,14,32,1
-4812,-1.174805,-3305,15,14,32,1
-4811,-1.174561,-3305,15,14,32,1
-4810,-1.174316,-3305,15,14,32,1
-4809,-1.174072,-3305,15,14,32,1
-4808,-1.173828,-3305,15,14,32,1
-4807,-1.173584,-3305,15,14,32,1
-4806,-1.173340,-3305,15,14,32,1
-4805,-1.173096,-3305,15,14,32,1
-4804,-1.172852,-3305,15,14,32,1
-4803,-1.172607,-3305,15,14,32,1
-4802,-1.172363,-3305,15,14,32,1
-4801,-1.172119,-3305,15,14,32,1
-4800,-1.171875,-3305,15,14,32,1
-4799,-1.171631,-3305,15,14,32,1
-4798,-1.171387,-3305,15,14,32,1
-4797,-1.171143,-3305,15,14,32,1
-4796,-1.170898,-3305,15,14,32,1
-4795,-1.170654,-3305,15,14,32,1
-4794,-1.170410,-3305,15,14,32,1
-4793,-1.170166,-3305,15,14,32,1
-4792,-1.169922,-3305,15,14,32,1
-4791,-1.169678,-3305,15,14,32,1
-4790,-1.169434,-3305,15,14,32,1
-4789,-1.169189,-3305,15,14,32,1
-4788,-1.168945,-3305,15,14,32,1
-4787,-1.168701,-3305,15,14,32,1
-4786,-1.168457,-3305,15,14,32,1
-4785,-1.168213,-3305,15,14,32,1
-4784,-1.167969,-3305,15,14,32,1
-4783,-1.167725,-3305,15,14,32,1
-4782,-1.167480,-3305,15,14,32,1
-4781,-1.167236,-3305,15,14,32,1
-4780,-1.166992,-3305,15,14,32,1
-4779,-1.166748,-3305,15,14,32,1
-4778,-1.166504,-3305,15,14,32,1
-4777,-1.166260,-3305,15,14,32,1
-4776,-1.166016,-3305,15,14,32,1
-4775,-1.165771,-3305,15,14,32,1
-4774,-1.165527,-3305,15,14,32,1
-4773,-1.165283,-3305,15,14,32,1
-4772,-1.165039,-3305,15,14,32,1
-4771,-1.164795,-3305,15,14,32,1
-4770,-1.164551,-3305,15,14,32,1
-4769,-1.164307,-3305,15,14,32,1
-4768,-1.164062,-3305,15,14,32,1
-4767,-1.163818,-3305,15,14,32,1
-4766,-1.163574,-3305,15,14,32,1
-4765,-1.163330,-3305,15,14,32,1
-4764,-1.163086,-3305,15,14,32,1
-4763,-1.162842,-3305,15,14,32,1
-4762,-1.162598,-3305,15,14,32,1
-4761,-1.162354,-3305,15,14,32,1
-4760,-1.162109,-3305,15,14,32,1
-4759,-1.161865,-3305,15,14,32,1
-4758,-1.161621,-3305,15,14,32,1
-4757,-1.161377,-3305,15,14,32,1
-4756,-1.161133,-3305,15,14,32,1
-4755,-1.160889,-3305,15,14,32,1
-4754,-1.160645,-3305,15,14,32,1
-4753,-1.160400,-3305,15,14,32,1
-4752,-1.160156,-3305,15,14,32,1
-4751,-1.159912,-3305,15,14,32,1
-4750,-1.159668,-3305,15,14,32,1
-4749,-1.159424,-3305,15,14,32,1
-4748,-1.159180,-3305,15,14,32,1
-4747,-1.158936,-3305,15,14,32,1
-4746,-1.158691,-3305,15,14,32,1
-4745,-1.158447,-3305,15,14,32,1
-4744,-1.158203,-3305,15,14,32,1
-4743,-1.157959,-3305,15,14,32,1
-4742,-1.157715,-3305,15,14,32,1
-4741,-1.157471,-3305,15,14,32,1
-4740,-1.157227,-3305,15,14,32,1
-4739,-1.156982,-3305,15,14,32,1
-4738,-1.156738,-3305,15,14,32,1
-4737,-1.156494,-3305,15,14,32,1
-4736,-1.156250,-3305,15,14,32,1
-4735,-1.156006,-3305,15,14,32,1
-4734,-1.155762,-3305,15,14,32,1
-4733,-1.155518,-3305,15,14,32,1
-4732,-1.155273,-3305,15,14,32,1
-4731,-1.155029,-3305,15,14,32,1
-4730,-1.154785,-3305,15,14,32,1
-4729,-1.154541,-3305,15,14,32,1
-4728,-1.154297,-3305,15,14,32,1
-4727,-1.154053,-3305,15,14,32,1
-4726,-1.153809,-3305,15,14,32,1
-4725,-1.153564,-3305,15,14,32,1
-4724,-1.153320,-3305,15,14,32,1
-4723,-1.153076,-3305,15,14,32,1
-4722,-1.152832,-3305,15,14,32,1
-4721,-1.152588,-3305,15,14,32,1
-4720,-1.152344,-3305,15,14,32,1
-4719,-1.152100,-3305,15,14,32,1
-4718,-1.151855,-3305,15,14,32,1
-4717,-1.151611,-3305,15,14,32,1
-4716,-1.151367,-3305,15,14,32,1
-4715,-1.151123,-3305,15,14,32,1
-4714,-1.150879,-3305,15,14,32,1
-4713,-1.150635,-3305,15,14,32,1
-4712,-1.150391,-3305,15,14,32,1
-4711,-1.150146,-3305,15,14,32,1
-4710,-1.149902,-3305,15,14,32,1
-4709,-1.149658,-3305,15,14,32,1
-4708,-1.149414,-3305,15,14,32,1
-4707,-1.149170,-3305,15,14,32,1
-4706,-1.148926,-3305,15,14,32,1
-4705,-1.148682,-3305,15,14,32,1
-4704,-1.148438,-3305,15,14,32,1
-4703,-1.148193,-3305,15,14,32,1
-4702,-1.147949,-3305,15,14,32,1
-4701,-1.147705,-3305,15,14,32,1
-4700,-1.147461,-3305,15,14,32,1
-4699,-1.147217,-3305,15,14,32,1
-4698,-1.146973,-3305,15,14,32,1
-4697,-1.146729,-3305,15,14,32,1
-4696,-1.146484,-3305,15,14,32,1
-4695,-1.146240,-3305,15,14,32,1
-4694,-1.145996,-3305,15,14,32,1
-4693,-1.145752,-3305,15,14,32,1
-4692,-1.145508,-3305,15,14,32,1
-4691,-1.145264,-3305,15,14,32,1
-4690,-1.145020,-3305,15,14,32,1
-4689,-1.144775,-3305,15,14,32,1
-4688,-1.144531,-3305,15,14,32,1
-4687,-1.144287,-3305,15,14,32,1
-4686,-1.144043,-3305,15,14,32,1
-4685,-1.143799,-3305,15,14,32,1
-4684,-1.143555,-3305,15,14,32,1
-4683,-1.143311,-3305,15,14,32,1
-4682,-1.143066,-3305,15,14,32,1
-4681,-1.142822,-3305,15,14,32,1
-4680,-1.142578,-3305,15,14,32,1
-4679,-1.142334,-3305,15,14,32,1
-4678,-1.142090,-3305,15,14,32,1
-4677,-1.141846,-3305,15,14,32,1
-4676,-1.141602,-3305,15,14,32,1
-4675,-1.141357,-3305,15,14,32,1
-4674,-1.141113,-3305,15,14,32,1
-4673,-1.140869,-3305,15,14,32,1
-4672,-1.140625,-3305,15,14,32,1
-4671,-1.140381,-3305,15,14,32,1
-4670,-1.140137,-3305,15,14,32,1
-4669,-1.139893,-3305,15,14,32,1
-4668,-1.139648,-3305,15,14,32,1
-4667,-1.139404,-3305,15,14,32,1
-4666,-1.139160,-3305,15,14,32,1
-4665,-1.138916,-3305,15,14,32,1
-4664,-1.138672,-3305,15,14,32,1
-4663,-1.138428,-3305,15,14,32,1
-4662,-1.138184,-3305,15,14,32,1
-4661,-1.137939,-3305,15,14,32,1
-4660,-1.137695,-3305,15,14,32,1
-4659,-1.137451,-3305,15,14,32,1
-4658,-1.137207,-3305,15,14,32,1
-4657,-1.136963,-3305,15,14,32,1
-4656,-1.136719,-3305,15,14,32,1
-4655,-1.136475,-3305,15,14,32,1
-4654,-1.136230,-3305,15,14,32,1
-4653,-1.135986,-3305,15,14,32,1
-4652,-1.135742,-3305,15,14,32,1
-4651,-1.135498,-3305,15,14,32,1
-4650,-1.135254,-3305,15,14,32,1
-4649,-1.135010,-3305,15,14,32,1
-4648,-1.134766,-3305,15,14,32,1
-4647,-1.134521,-3305,15,14,32,1
-4646,-1.134277,-3305,15,14,32,1
-4645,-1.134033,-3305,15,14,32,1
-4644,-1.133789,-3305,15,14,32,1
-4643,-1.133545,-3305,15,14,32,1
-4642,-1.133301,-3305,15,14,32,1
-4641,-1.133057,-3305,15,14,32,1
-4640,-1.132812,-3305,15,14,32,1
-4639,-1.132568,-3305,15,14,32,1
-4638,-1.132324,-3305,15,14,32,1
-4637,-1.132080,-3305,15,14,32,1
-4636,-1.131836,-3305,15,14,32,1
-4635,-1.131592,-3305,15,14,32,1
-4634,-1.131348,-3305,15,14,32,1
-4633,-1.131104,-3305,15,14,32,1
-4632,-1.130859,-3305,15,14,32,1
-4631,-1.130615,-3305,15,14,32,1
-4630,-1.130371,-3305,15,14,32,1
-4629,-1.130127,-3305,15,14,32,1
-4628,-1.129883,-3305,15,14,32,1
-4627,-1.129639,-3305,15,14,32,1
-4626,-1.129395,-3305,15,14,32,1
-4625,-1.129150,-3305,15,14,32,1
-4624,-1.128906,-3305,15,14,32,1
-4623,-1.128662,-3305,15,14,32,1
-4622,-1.128418,-3305,15,14,32,1
-4621,-1.128174,-3305,15,14,32,1
-4620,-1.127930,-3305,15,14,32,1
-4619,-1.127686,-3305,15,14,32,1
-4618,-1.127441,-3305,15,14,32,1
-4617,-1.127197,-3305,15,14,32,1
-4616,-1.126953,-3305,15,14,32,1
-4615,-1.126709,-3305,15,14,32,1
-4614,-1.126465,-3305,15,14,32,1
-4613,-1.126221,-3305,15,14,32,1
-4612,-1.125977,-3305,15,14,32,1
-4611,-1.125732,-3305,15,14,32,1
-4610,-1.125488,-3305,15,14,32,1
-4609,-1.125244,-3305,15,14,32,1
-4608,-1.125000,-3305,15,14,32,1
-4607,-1.124756,-3305,15,14,32,1
-4606,-1.124512,-3305,15,14,32,1
-4605,-1.124268,-3305,15,14,32,1
-4604,-1.124023,-3305,15,14,32,1
-4603,-1.123779,-3305,15,14,32,1
-4602,-1.123535,-3305,15,14,32,1
-4601,-1.123291,-3305,15,14,32,1
-4600,-1.123047,-3305,15,14,32,1
-4599,-1.122803,-3305,15,14,32,1
-4598,-1.122559,-3305,15,14,32,1
-4597,-1.122314,-3305,15,14,32,1
-4596,-1.122070,-3305,15,14,32,1
-4595,-1.121826,-3305,15,14,32,1
-4594,-1.121582,-3305,15,14,32,1
-4593,-1.121338,-3305,15,14,32,1
-4592,-1.121094,-3305,15,14,32,1
-4591,-1.120850,-3305,15,14,32,1
-4590,-1.120605,-3305,15,14,32,1
-4589,-1.120361,-3305,15,14,32,1
-4588,-1.120117,-3305,15,14,32,1
-4587,-1.119873,-3305,15,14,32,1
-4586,-1.119629,-3305,15,14,32,1
-4585,-1.119385,-3305,15,14,32,1
-4584,-1.119141,-3305,15,14,32,1
-4583,-1.118896,-3305,15,14,32,1
-4582,-1.118652,-3305,15,14,32,1
-4581,-1.118408,-3305,15,14,32,1
-4580,-1.118164,-3305,15,14,32,1
-4579,-1.117920,-3304,12,13,31,0
-4578,-1.117676,-3304,12,13,31,0
-4577,-1.117432,-3304,12,14,29,0
-4576,-1.117188,-3303,15,12,30,0
-4575,-1.116943,-3303,11,14,28,0
-4574,-1.116699,-3303,11,14,28,0
-4573,-1.116455,-3302,15,13,31,0
-4572,-1.116211,-3302,13,13,29,0
-4571,-1.115967,-3302,13,14,30,0
-4570,-1.115723,-3301,14,12,29,0
-4569,-1.115479,-3301,11,14,28,0
-4568,-1.115234,-3301,11,14,28,0
-4567,-1.114990,-3300,12,13,31,0
-4566,-1.114746,-3300,12,13,31,0
-4565,-1.114502,-3300,12,14,29,0
-4564,-1.114258,-3299,15,12,30,0
-4563,-1.114014,-3299,12,14,29,0
-4562,-1.113770,-3299,12,14,29,0
-4561,-1.113525,-3298,13,13,29,0
-4560,-1.113281,-3298,13,14,30,0
-4559,-1.113037,-3297,17,12,32,0
-4558,-1.112793,-3297,12,12,27,0
-4557,-1.112549,-3297,12,14,29,0
-4556,-1.112305,-3296,17,13,33,0
-4555,-1.112061,-3296,12,13,31,0
-4554,-1.111816,-3296,12,14,29,0
-4553,-1.111572,-3295,17,12,32,0
-4552,-1.111328,-3295,13,12,28,0
-4551,-1.111084,-3295,13,14,30,0
-4550,-1.110840,-3294,17,13,33,0
-4549,-1.110596,-3294,12,13,28,0
-4548,-1.110352,-3294,12,14,29,0
-4547,-1.110107,-3293,12,12,27,0
-4546,-1.109863,-3293,12,14,29,0
-4545,-1.109619,-3292,18,13,34,0
-4544,-1.109375,-3292,14,13,30,0
-4543,-1.109131,-3292,13,14,30,0
-4542,-1.108887,-3291,17,12,32,0
-4541,-1.108643,-3291,12,12,27,0
-4540,-1.108398,-3291,12,14,29,0
-4539,-1.108154,-3290,15,13,31,0
-4538,-1.107910,-3290,12,13,28,0
-4537,-1.107666,-3290,12,14,29,0
-4536,-1.107422,-3289,15,12,30,0
-4535,-1.107178,-3289,11,12,26,0
-4534,-1.106934,-3289,11,14,28,0
-4533,-1.106689,-3288,15,13,31,0
-4532,-1.106445,-3288,13,13,29,0
-4531,-1.106201,-3288,13,14,30,0
-4530,-1.105957,-3287,14,12,29,0
-4529,-1.105713,-3287,11,14,28,0
-4528,-1.105469,-3287,11,14,28,0
-4527,-1.105225,-3286,12,13,31,0
-4526,-1.104980,-3286,12,14,29,0
-4525,-1.104736,-3285,17,12,32,0
-4524,-1.104492,-3285,13,12,28,0
-4523,-1.104248,-3285,13,14,30,0
-4522,-1.104004,-3284,18,13,34,0
-4521,-1.103760,-3284,11,13,30,0
-4520,-1.103516,-3284,11,14,28,0
-4519,-1.103271,-3283,15,12,30,0
-4518,-1.103027,-3283,12,12,27,0
-4517,-1.102783,-3283,12,14,29,0
-4516,-1.102539,-3282,17,13,33,0
-4515,-1.102295,-3282,13,14,30,0
-4514,-1.102051,-3282,16,14,33,0
-4513,-1.101807,-3281,11,12,26,0
-4512,-1.101562,-3281,11,14,28,0
-4511,-1.101318,-3280,15,13,31,0
-4510,-1.101074,-3280,12,13,28,0
-4509,-1.100830,-3280,12,14,29,0
-4508,-1.100586,-3279,17,12,32,0
-4507,-1.100342,-3279,12,12,27,0
-4506,-1.100098,-3279,12,14,29,0
-4505,-1.099854,-3278,15,13,31,0
-4504,-1.099609,-3278,13,13,29,0
-4503,-1.099365,-3278,13,14,30,0
-4502,-1.099121,-3277,14,12,29,0
-4501,-1.098877,-3277,12,12,27,0
-4500,-1.098633,-3277,12,14,29,0
-4499,-1.098389,-3276,12,13,31,0
-4498,-1.098145,-3276,12,14,29,0
-4497,-1.097900,-3276,12,14,29,0
-4496,-1.097656,-3275,14,12,29,0
-4495,-1.097412,-3275,13,14,30,0
-4494,-1.097168,-3275,16,14,33,0
-4493,-1.096924,-3274,12,13,28,0
-4492,-1.096680,-3274,12,14,29,0
-4491,-1.096436,-3273,15,12,30,0
-4490,-1.096191,-3273,12,12,27,0
-4489,-1.095947,-3273,12,14,29,0
-4488,-1.095703,-3272,14,13,30,0
-4487,-1.095459,-3272,11,13,27,0
-4486,-1.095215,-3272,11,14,28,0
-4485,-1.094971,-3271,13,12,28,0
-4484,-1.094727,-3271,13,14,30,0
-4483,-1.094482,-3270,15,13,31,0
-4482,-1.094238,-3270,12,13,28,0
-4481,-1.093994,-3270,12,14,29,0
-4480,-1.093750,-3269,14,12,29,0
-4479,-1.093506,-3269,11,14,28,0
-4478,-1.093262,-3269,11,14,28,0
-4477,-1.093018,-3268,13,13,29,0
-4476,-1.092773,-3268,13,13,29,0
-4475,-1.092529,-3268,16,14,33,0
-4474,-1.092285,-3267,11,12,26,0
-4473,-1.092041,-3267,11,14,28,0
-4472,-1.091797,-3267,11,14,28,0
-4471,-1.091553,-3266,12,13,31,0
-4470,-1.091309,-3266,12,14,29,0
-4469,-1.091064,-3266,12,14,29,0
-4468,-1.090820,-3265,14,12,29,0
-4467,-1.090576,-3264,11,13,30,0
-4466,-1.090332,-3264,11,13,30,0
-4465,-1.090088,-3264,11,13,30,0
-4464,-1.089844,-3264,11,14,28,0
-4463,-1.089600,-3263,15,12,30,0
-4462,-1.089355,-3263,12,12,27,0
-4461,-1.089111,-3263,12,14,29,0
-4460,-1.088867,-3262,15,13,31,0
-4459,-1.088623,-3262,12,14,29,0
-4458,-1.088379,-3262,12,14,29,0
-4457,-1.088135,-3261,13,12,28,0
-4456,-1.087891,-3261,13,14,30,0
-4455,-1.087646,-3260,12,13,28,0
-4454,-1.087402,-3260,12,13,28,0
-4453,-1.087158,-3260,12,14,29,0
-4452,-1.086914,-3260,12,14,29,0
-4451,-1.086670,-3259,13,14,30,0
-4450,-1.086426,-3258,14,13,30,0
-4449,-1.086182,-3258,11,14,28,0
-4448,-1.085938,-3258,11,14,28,0
-4447,-1.085693,-3257,12,12,27,0
-4446,-1.085449,-3257,12,14,29,0
-4445,-1.085205,-3256,17,13,33,0
-4444,-1.084961,-3256,13,13,29,0
-4443,-1.084717,-3256,13,14,30,0
-4442,-1.084473,-3256,16,14,33,0
-4441,-1.084229,-3255,11,12,26,0
-4440,-1.083984,-3255,11,14,28,0
-4439,-1.083740,-3254,12,13,28,0
-4438,-1.083496,-3254,12,13,28,0
-4437,-1.083252,-3254,12,14,29,0
-4436,-1.083008,-3253,17,12,32,0
-4435,-1.082764,-3253,13,14,30,0
-4434,-1.082520,-3252,17,13,33,0
-4433,-1.082275,-3252,11,13,30,0
-4432,-1.082031,-3252,11,14,28,0
-4431,-1.081787,-3251,17,12,32,0
-4430,-1.081543,-3251,12,12,27,0
-4429,-1.081299,-3251,12,14,29,0
-4428,-1.081055,-3250,15,13,31,0
-4427,-1.080811,-3250,12,14,29,0
-4426,-1.080566,-3250,12,14,29,0
-4425,-1.080322,-3249,13,12,28,0
-4424,-1.080078,-3249,13,14,30,0
-4423,-1.079834,-3248,12,13,28,0
-4422,-1.079590,-3248,12,13,28,0
-4421,-1.079346,-3248,12,14,29,0
-4420,-1.079102,-3248,12,14,29,0
-4419,-1.078857,-3247,12,14,29,0
-4418,-1.078613,-3247,12,14,29,0
-4417,-1.078369,-3246,13,13,29,0
-4416,-1.078125,-3246,13,14,30,0
-4415,-1.077881,-3245,17,12,32,0
-4414,-1.077637,-3245,12,12,27,0
-4413,-1.077393,-3245,12,14,29,0
-4412,-1.077148,-3244,15,13,31,0
-4411,-1.076904,-3244,12,14,29,0
-4410,-1.076660,-3244,12,14,29,0
-4409,-1.076416,-3243,15,12,30,0
-4408,-1.076172,-3243,13,12,28,0
-4407,-1.075928,-3242,17,13,33,0
-4406,-1.075684,-3242,12,13,28,0
-4405,-1.075439,-3242,12,14,29,0
-4404,-1.075195,-3242,12,14,29,0
-4403,-1.074951,-3241,12,14,29,0
-4402,-1.074707,-3241,12,14,29,0
-4401,-1.074463,-3240,13,13,29,0
-4400,-1.074219,-3240,13,13,29,0
-4399,-1.073975,-3240,13,14,30,0
-4398,-1.073730,-3239,14,12,29,0
-4397,-1.073486,-3239,12,14,29,0
-4396,-1.073242,-3239,12,14,29,0
-4395,-1.072998,-3238,12,14,29,0
-4394,-1.072754,-3238,12,14,29,0
-4393,-1.072510,-3237,15,12,30,0
-4392,-1.072266,-3237,13,12,28,0
-4391,-1.072021,-3237,16,14,33,0
-4390,-1.071777,-3236,12,13,28,0
-4389,-1.071533,-3236,12,14,29,0
-4388,-1.071289,-3236,12,14,29,0
-4387,-1.071045,-3235,13,14,30,0
-4386,-1.070801,-3235,13,14,30,0
-4385,-1.070557,-3234,11,13,30,0
-4384,-1.070312,-3234,11,14,28,0
-4383,-1.070068,-3233,15,12,30,0
-4382,-1.069824,-3233,12,12,27,0
-4381,-1.069580,-3233,12,14,29,0
-4380,-1.069336,-3232,18,13,34,0
-4379,-1.069092,-3232,12,14,29,0
-4378,-1.068848,-3232,12,14,29,0
-4377,-1.068604,-3231,15,12,30,0
-4376,-1.068359,-3231,13,12,28,0
-4375,-1.068115,-3231,16,14,33,0
-4374,-1.067871,-3230,12,13,28,0
-4373,-1.067627,-3230,12,14,29,0
-4372,-1.067383,-3230,12,14,29,0
-4371,-1.067139,-3229,12,14,29,0
-4370,-1.066895,-3229,12,14,29,0
-4369,-1.066650,-3228,13,13,29,0
-4368,-1.066406,-3228,13,14,30,0
-4367,-1.066162,-3227,17,12,32,0
-4366,-1.065918,-3227,12,12,27,0
-4365,-1.065674,-3227,12,14,29,0
-4364,-1.065430,-3226,17,13,33,0
-4363,-1.065186,-3226,12,14,29,0
-4362,-1.064941,-3226,12,14,29,0
-4361,-1.064697,-3225,13,12,28,0
-4360,-1.064453,-3225,13,14,30,0
-4359,-1.064209,-3224,15,13,31,0
-4358,-1.063965,-3224,12,13,28,0
-4357,-1.063721,-3224,12,14,29,0
-4356,-1.063477,-3224,12,14,29,0
-4355,-1.063232,-3223,13,14,30,0
-4354,-1.062988,-3223,13,14,30,0
-4353,-1.062744,-3222,11,13,30,0
-4352,-1.062500,-3222,11,14,28,0
-4351,-1.062256,-3221,15,12,30,0
-4350,-1.062012,-3221,12,12,27,0
-4349,-1.061768,-3221,12,14,29,0
-4348,-1.061523,-3220,15,13,31,0
-4347,-1.061279,-3220,13,14,30,0
-4346,-1.061035,-3220,13,14,30,0
-4345,-1.060791,-3219,11,12,26,0
-4344,-1.060547,-3219,11,14,28,0
-4343,-1.060303,-3218,15,13,31,0
-4342,-1.060059,-3218,12,13,28,0
-4341,-1.059814,-3218,12,14,29,0
-4340,-1.059570,-3217,15,12,30,0
-4339,-1.059326,-3217,13,14,30,0
-4338,-1.059082,-3216,15,13,31,0
-4337,-1.058838,-3216,11,13,30,0
-4336,-1.058594,-3216,11,14,28,0
-4335,-1.058350,-3215,18,12,33,0
-4334,-1.058105,-3215,14,12,29,0
-4333,-1.057861,-3215,12,14,29,0
-4332,-1.057617,-3214,15,13,31,0
-4331,-1.057373,-3214,13,14,30,0
-4330,-1.057129,-3214,13,14,30,0
-4329,-1.056885,-3213,11,12,26,0
-4328,-1.056641,-3213,11,14,28,0
-4327,-1.056396,-3212,12,13,31,0
-4326,-1.056152,-3212,12,13,31,0
-4325,-1.055908,-3212,12,14,29,0
-4324,-1.055664,-3211,15,12,30,0
-4323,-1.055420,-3211,15,14,32,0
-4322,-1.055176,-3210,12,13,28,0
-4321,-1.054932,-3210,12,14,29,0
-4320,-1.054688,-3210,12,14,29,0
-4319,-1.054443,-3209,11,12,26,0
-4318,-1.054199,-3209,11,14,28,0
-4317,-1.053955,-3208,13,13,29,0
-4316,-1.053711,-3208,13,13,29,0
-4315,-1.053467,-3208,14,14,31,0
-4314,-1.053223,-3207,12,12,27,0
-4313,-1.052979,-3207,12,14,29,0
-4312,-1.052734,-3207,12,14,29,0
-4311,-1.052490,-3206,11,13,27,0
-4310,-1.052246,-3206,11,14,28,0
-4309,-1.052002,-3205,16,12,31,0
-4308,-1.051758,-3205,13,12,28,0
-4307,-1.051514,-3204,16,13,32,0
-4306,-1.051270,-3204,12,13,31,0
-4305,-1.051025,-3204,12,14,29,0
-4304,-1.050781,-3204,15,14,32,0
-4303,-1.050537,-3203,13,12,28,0
-4302,-1.050293,-3203,13,14,30,0
-4301,-1.050049,-3202,12,13,28,0
-4300,-1.049805,-3202,12,14,29,0
-4299,-1.049561,-3201,12,12,27,0
-4298,-1.049316,-3201,12,12,27,0
-4297,-1.049072,-3201,14,14,31,0
-4296,-1.048828,-3200,13,13,29,0
-4295,-1.048584,-3200,11,13,27,0
-4294,-1.048340,-3200,11,14,28,0
-4293,-1.048096,-3200,15,14,32,0
-4292,-1.047852,-3199,13,12,28,0
-4291,-1.047607,-3199,18,14,35,0
-4290,-1.047363,-3198,12,13,31,0
-4289,-1.047119,-3198,14,14,31,0
-4288,-1.046875,-3197,13,12,28,0
-4287,-1.046631,-3197,13,14,30,0
-4286,-1.046387,-3197,13,14,30,0
-4285,-1.046143,-3196,12,13,28,0
-4284,-1.045898,-3196,12,13,28,0
-4283,-1.045654,-3195,17,12,32,0
-4282,-1.045410,-3195,12,12,27,0
-4281,-1.045166,-3195,14,14,31,0
-4280,-1.044922,-3194,13,13,29,0
-4279,-1.044678,-3194,13,14,30,0
-4278,-1.044434,-3194,13,14,30,0
-4277,-1.044189,-3193,12,12,27,0
-4276,-1.043945,-3193,12,14,29,0
-4275,-1.043701,-3192,12,13,31,0
-4274,-1.043457,-3192,12,13,31,0
-4273,-1.043213,-3192,18,14,35,0
-4272,-1.042969,-3191,13,12,28,0
-4271,-1.042725,-3191,14,14,31,0
-4270,-1.042480,-3190,12,13,28,0
-4269,-1.042236,-3190,12,13,28,0
-4268,-1.041992,-3190,12,14,29,0
-4267,-1.041748,-3189,12,12,27,0
-4266,-1.041504,-3189,12,14,29,0
-4265,-1.041260,-3188,13,13,29,0
-4264,-1.041016,-3188,13,13,29,0
-4263,-1.040771,-3188,14,14,31,0
-4262,-1.040527,-3187,12,12,27,0
-4261,-1.040283,-3187,12,14,29,0
-4260,-1.040039,-3187,15,14,32,0
-4259,-1.039795,-3186,13,14,30,0
-4258,-1.039551,-3186,13,14,30,0
-4257,-1.039307,-3185,12,12,27,0
-4256,-1.039062,-3185,12,14,29,0
-4255,-1.038818,-3184,11,13,27,0
-4254,-1.038574,-3184,11,13,27,0
-4253,-1.038330,-3184,14,14,31,0
-4252,-1.038086,-3183,13,12,28,0
-4251,-1.037842,-3183,13,14,30,0
-4250,-1.037598,-3182,17,13,33,0
-4249,-1.037354,-3182,12,13,28,0
-4248,-1.037109,-3182,12,14,29,0
-4247,-1.036865,-3181,11,12,26,0
-4246,-1.036621,-3181,11,14,28,0
-4245,-1.036377,-3181,18,14,35,0
-4244,-1.036133,-3180,13,13,29,0
-4243,-1.035889,-3180,15,14,32,0
-4242,-1.035645,-3179,12,12,27,0
-4241,-1.035400,-3179,12,14,29,0
-4240,-1.035156,-3178,16,13,32,0
-4239,-1.034912,-3178,13,14,30,0
-4238,-1.034668,-3178,15,14,32,0
-4237,-1.034424,-3177,12,12,27,0
-4236,-1.034180,-3177,12,12,27,0
-4235,-1.033936,-3176,12,13,31,0
-4234,-1.033691,-3176,12,13,31,0
-4233,-1.033447,-3176,12,14,29,0
-4232,-1.033203,-3176,17,14,34,0
-4231,-1.032959,-3175,13,12,28,0
-4230,-1.032715,-3175,13,14,30,0
-4229,-1.032471,-3174,12,13,28,0
-4228,-1.032227,-3174,12,13,28,0
-4227,-1.031982,-3173,13,12,28,0
-4226,-1.031738,-3173,13,14,30,0
-4225,-1.031494,-3172,11,13,30,0
-4224,-1.031250,-3172,11,13,30,0
-4223,-1.031006,-3172,15,14,32,0
-4222,-1.030762,-3171,12,12,27,0
-4221,-1.030518,-3171,12,12,27,0
-4220,-1.030273,-3171,12,14,29,0
-4219,-1.030029,-3170,13,13,32,0
-4218,-1.029785,-3170,15,14,32,0
-4217,-1.029541,-3169,11,12,26,0
-4216,-1.029297,-3169,11,14,28,0
-4215,-1.029053,-3168,12,13,31,0
-4214,-1.028809,-3168,12,13,31,0
-4213,-1.028564,-3168,12,14,29,0
-4212,-1.028320,-3168,12,14,29,0
-4211,-1.028076,-3167,13,14,30,0
-4210,-1.027832,-3167,17,14,34,0
-4209,-1.027588,-3166,12,13,28,0
-4208,-1.027344,-3166,12,14,29,0
-4207,-1.027100,-3165,11,12,26,0
-4206,-1.026855,-3165,11,12,26,0
-4205,-1.026611,-3165,14,14,31,0
-4204,-1.026367,-3164,13,13,29,0
-4203,-1.026123,-3164,14,14,31,0
-4202,-1.025879,-3163,12,12,27,0
-4201,-1.025635,-3163,12,12,27,0
-4200,-1.025391,-3163,12,14,29,0
-4199,-1.025146,-3162,13,13,32,0
-4198,-1.024902,-3162,13,14,30,0
-4197,-1.024658,-3161,12,12,27,0
-4196,-1.024414,-3161,12,12,27,0
-4195,-1.024170,-3160,12,13,31,0
-4194,-1.023926,-3160,12,14,29,0
-4193,-1.023682,-3160,15,14,32,0
-4192,-1.023438,-3159,13,12,28,0
-4191,-1.023193,-3159,14,14,31,0
-4190,-1.022949,-3158,12,13,28,0
-4189,-1.022705,-3158,12,13,28,0
-4188,-1.022461,-3158,12,14,29,0
-4187,-1.022217,-3157,13,14,30,0
-4186,-1.021973,-3157,13,14,30,0
-4185,-1.021729,-3156,11,13,30,0
-4184,-1.021484,-3156,11,14,28,0
-4183,-1.021240,-3156,18,14,35,0
-4182,-1.020996,-3155,12,12,27,0
-4181,-1.020752,-3155,14,14,31,0
-4180,-1.020508,-3154,13,13,29,0
-4179,-1.020264,-3154,14,14,31,0
-4178,-1.020020,-3153,12,12,27,0
-4177,-1.019775,-3153,12,14,29,0
-4176,-1.019531,-3152,18,13,34,0
-4175,-1.019287,-3152,11,13,27,0
-4174,-1.019043,-3152,11,14,28,0
-4173,-1.018799,-3151,17,12,32,0
-4172,-1.018555,-3151,13,12,28,0
-4171,-1.018311,-3151,14,14,31,0
-4170,-1.018066,-3150,12,13,31,0
-4169,-1.017822,-3150,12,14,29,0
-4168,-1.017578,-3149,16,12,31,0
-4167,-1.017334,-3149,13,14,30,0
-4166,-1.017090,-3149,13,14,30,0
-4165,-1.016846,-3148,12,13,28,0
-4164,-1.016602,-3148,12,14,29,0
-4163,-1.016357,-3147,12,12,27,0
-4162,-1.016113,-3147,12,14,29,0
-4161,-1.015869,-3146,16,13,32,0
-4160,-1.015625,-3146,13,13,29,0
-4159,-1.015381,-3146,14,14,31,0
-4158,-1.015137,-3145,12,12,27,0
-4157,-1.014893,-3145,14,14,31,0
-4156,-1.014648,-3144,13,13,29,0
-4155,-1.014404,-3144,13,13,32,0
-4154,-1.014160,-3144,13,14,30,0
-4153,-1.013916,-3143,11,12,26,0
-4152,-1.013672,-3143,11,14,28,0
-4151,-1.013428,-3142,12,13,31,0
-4150,-1.013184,-3142,12,13,31,0
-4149,-1.012939,-3142,14,14,31,0
-4148,-1.012695,-3141,13,12,28,0
-4147,-1.012451,-3141,14,14,31,0
-4146,-1.012207,-3140,12,13,31,0
-4145,-1.011963,-3140,12,14,29,0
-4144,-1.011719,-3140,18,14,35,0
-4143,-1.011475,-3139,13,12,28,0
-4142,-1.011230,-3139,13,14,30,0
-4141,-1.010986,-3138,12,13,28,0
-4140,-1.010742,-3138,12,14,29,0
-4139,-1.010498,-3137,12,12,27,0
-4138,-1.010254,-3137,12,14,29,0
-4137,-1.010010,-3137,14,14,31,0
-4136,-1.009766,-3136,13,13,29,0
-4135,-1.009521,-3136,13,14,30,0
-4134,-1.009277,-3136,18,14,35,0
-4133,-1.009033,-3135,12,12,27,0
-4132,-1.008789,-3135,12,14,29,0
-4131,-1.008545,-3134,13,13,32,0
-4130,-1.008301,-3134,13,14,30,0
-4129,-1.008057,-3133,11,12,26,0
-4128,-1.007812,-3133,11,14,28,0
-4127,-1.007568,-3132,18,13,34,0
-4126,-1.007324,-3132,12,13,31,0
-4125,-1.007080,-3132,12,14,29,0
-4124,-1.006836,-3131,16,12,31,0
-4123,-1.006592,-3131,13,14,30,0
-4122,-1.006348,-3130,16,13,32,0
-4121,-1.006104,-3130,12,13,28,0
-4120,-1.005859,-3130,12,14,29,0
-4119,-1.005615,-3129,11,12,26,0
-4118,-1.005371,-3129,11,14,28,0
-4117,-1.005127,-3128,16,13,32,0
-4116,-1.004883,-3128,13,14,30,0
-4115,-1.004639,-3127,18,12,33,0
-4114,-1.004395,-3127,12,12,27,0
-4113,-1.004150,-3127,14,14,31,0
-4112,-1.003906,-3126,13,13,29,0
-4111,-1.003662,-3126,13,14,30,0
-4110,-1.003418,-3125,17,12,32,0
-4109,-1.003174,-3125,12,12,27,0
-4108,-1.002930,-3125,12,14,29,0
-4107,-1.002686,-3124,12,13,31,0
-4106,-1.002441,-3124,12,14,29,0
-4105,-1.002197,-3123,16,12,31,0
-4104,-1.001953,-3123,13,12,28,0
-4103,-1.001709,-3123,14,14,31,0
-4102,-1.001465,-3122,12,13,31,0
-4101,-1.001221,-3122,12,14,29,0
-4100,-1.000977,-3121,17,12,32,0
-4099,-1.000732,-3121,14,14,31,0
-4098,-1.000488,-3120,12,13,31,0
-4097,-1.000244,-3120,12,14,29,0
-4096,-1.000000,-3120,12,14,29,0
-4095,-0.999756,-3119,11,12,26,0
-4094,-0.999512,-3119,11,14,28,0
-4093,-0.999268,-3118,16,13,32,0
-4092,-0.999023,-3118,13,13,29,0
-4091,-0.998779,-3118,18,14,35,0
-4090,-0.998535,-3117,12,12,27,0
-4089,-0.998291,-3117,14,14,31,0
-4088,-0.998047,-3116,13,13,29,0
-4087,-0.997803,-3116,13,13,32,0
-4086,-0.997559,-3116,13,14,30,0
-4085,-0.997314,-3115,12,12,27,0
-4084,-0.997070,-3115,12,14,29,0
-4083,-0.996826,-3114,13,13,32,0
-4082,-0.996582,-3114,13,14,30,0
-4081,-0.996338,-3113,11,12,26,0
-4080,-0.996094,-3113,11,14,28,0
-4079,-0.995850,-3112,16,13,32,0
-4078,-0.995605,-3112,12,13,31,0
-4077,-0.995361,-3112,14,14,31,0
-4076,-0.995117,-3111,13,12,28,0
-4075,-0.994873,-3111,13,14,30,0
-4074,-0.994629,-3110,16,13,32,0
-4073,-0.994385,-3110,12,14,29,0
-4072,-0.994141,-3110,12,14,29,0
-4071,-0.993896,-3109,11,12,26,0
-4070,-0.993652,-3109,11,14,28,0
-4069,-0.993408,-3108,16,13,32,0
-4068,-0.993164,-3108,13,14,30,0
-4067,-0.992920,-3107,14,14,31,0
-4066,-0.992676,-3106,15,13,31,0
-4065,-0.992432,-3106,12,13,28,0
-4064,-0.992188,-3106,12,14,29,0
-4063,-0.991943,-3105,14,12,29,0
-4062,-0.991699,-3105,13,14,30,0
-4061,-0.991455,-3104,15,13,31,0
-4060,-0.991211,-3104,12,13,28,0
-4059,-0.990967,-3104,12,14,29,0
-4058,-0.990723,-3103,12,12,27,0
-4057,-0.990479,-3103,12,14,29,0
-4056,-0.990234,-3102,15,13,31,0
-4055,-0.989990,-3102,13,13,29,0
-4054,-0.989746,-3102,16,14,33,0
-4053,-0.989502,-3101,12,12,27,0
-4052,-0.989258,-3101,12,14,29,0
-4051,-0.989014,-3100,14,13,30,0
-4050,-0.988770,-3100,13,14,30,0
-4049,-0.988525,-3099,14,12,29,0
-4048,-0.988281,-3099,12,14,29,0
-4047,-0.988037,-3098,15,13,31,0
-4046,-0.987793,-3098,11,13,27,0
-4045,-0.987549,-3098,11,14,28,0
-4044,-0.987305,-3097,13,12,28,0
-4043,-0.987061,-3097,13,14,30,0
-4042,-0.986816,-3096,12,13,31,0
-4041,-0.986572,-3096,12,13,31,0
-4040,-0.986328,-3096,12,14,29,0
-4039,-0.986084,-3095,14,12,29,0
-4038,-0.985840,-3095,13,14,30,0
-4037,-0.985596,-3094,14,13,30,0
-4036,-0.985352,-3094,12,13,28,0
-4035,-0.985107,-3094,18,14,35,0
-4034,-0.984863,-3093,13,14,30,0
-4033,-0.984619,-3092,15,13,31,0
-4032,-0.984375,-3092,11,13,30,0
-4031,-0.984131,-3092,11,14,28,0
-4030,-0.983887,-3091,12,12,27,0
-4029,-0.983643,-3091,12,14,29,0
-4028,-0.983398,-3090,15,13,31,0
-4027,-0.983154,-3090,13,14,30,0
-4026,-0.982910,-3089,12,12,27,0
-4025,-0.982666,-3089,12,12,27,0
-4024,-0.982422,-3089,12,14,29,0
-4023,-0.982178,-3088,14,13,30,0
-4022,-0.981934,-3088,13,14,30,0
-4021,-0.981689,-3088,16,14,33,0
-4020,-0.981445,-3087,12,12,27,0
-4019,-0.981201,-3087,12,14,29,0
-4018,-0.980957,-3086,12,13,31,0
-4017,-0.980713,-3086,12,14,29,0
-4016,-0.980469,-3085,13,12,28,0
-4015,-0.980225,-3085,13,14,30,0
-4014,-0.979980,-3084,15,13,31,0
-4013,-0.979736,-3084,12,13,31,0
-4012,-0.979492,-3084,12,14,29,0
-4011,-0.979248,-3083,14,12,29,0
-4010,-0.979004,-3083,16,14,33,0
-4009,-0.978760,-3082,12,13,28,0
-4008,-0.978516,-3082,12,14,29,0
-4007,-0.978271,-3081,15,12,30,0
-4006,-0.978027,-3081,13,14,30,0
-4005,-0.977783,-3081,16,14,33,0
-4004,-0.977539,-3080,12,13,28,0
-4003,-0.977295,-3080,12,14,29,0
-4002,-0.977051,-3079,13,12,28,0
-4001,-0.976807,-3079,18,14,35,0
-4000,-0.976562,-3078,11,13,30,0
-3999,-0.976318,-3078,11,14,28,0
-3998,-0.976074,-3077,12,12,27,0
-3997,-0.975830,-3077,12,14,29,0
-3996,-0.975586,-3076,15,13,31,0
-3995,-0.975342,-3076,13,13,29,0
-3994,-0.975098,-3076,16,14,33,0
-3993,-0.974854,-3075,12,12,27,0
-3992,-0.974609,-3075,12,14,29,0
-3991,-0.974365,-3074,14,13,30,0
-3990,-0.974121,-3074,13,14,30,0
-3989,-0.973877,-3073,17,12,32,0
-3988,-0.973633,-3073,12,12,27,0
-3987,-0.973389,-3073,12,14,29,0
-3986,-0.973145,-3072,12,13,31,0
-3985,-0.972900,-3072,12,14,29,0
-3984,-0.972656,-3072,12,14,29,0
-3983,-0.972412,-3071,14,12,29,0
-3982,-0.972168,-3071,13,14,30,0
-3981,-0.971924,-3070,14,13,30,0
-3980,-0.971680,-3070,12,14,29,0
-3979,-0.971436,-3069,15,12,30,0
-3978,-0.971191,-3069,13,14,30,0
-3977,-0.970947,-3068,15,13,31,0
-3976,-0.970703,-3068,11,13,30,0
-3975,-0.970459,-3068,11,14,28,0
-3974,-0.970215,-3067,12,12,27,0
-3973,-0.969971,-3067,12,14,29,0
-3972,-0.969727,-3066,13,13,29,0
-3971,-0.969482,-3066,13,13,29,0
-3970,-0.969238,-3065,12,12,27,0
-3969,-0.968994,-3065,12,14,29,0
-3968,-0.968750,-3064,13,13,29,0
-3967,-0.968506,-3064,13,13,29,0
-3966,-0.968262,-3064,13,14,30,0
-3965,-0.968018,-3063,15,12,30,0
-3964,-0.967773,-3063,12,14,29,0
-3963,-0.967529,-3063,16,14,33,0
-3962,-0.967285,-3062,13,14,30,0
-3961,-0.967041,-3062,18,14,35,0
-3960,-0.966797,-3061,11,14,28,0
-3959,-0.966553,-3061,11,14,28,0
-3958,-0.966309,-3060,12,13,31,0
-3957,-0.966064,-3060,12,14,29,0
-3956,-0.965820,-3059,15,12,30,0
-3955,-0.965576,-3059,13,14,30,0
-3954,-0.965332,-3058,12,13,31,0
-3953,-0.965088,-3058,12,14,29,0
-3952,-0.964844,-3057,15,12,30,0
-3951,-0.964600,-3057,13,14,30,0
-3950,-0.964355,-3056,17,13,33,0
-3949,-0.964111,-3056,12,13,28,0
-3948,-0.963867,-3056,12,14,29,0
-3947,-0.963623,-3056,12,14,29,0
-3946,-0.963379,-3055,13,14,30,0
-3945,-0.963135,-3055,13,14,30,0
-3944,-0.962891,-3054,11,13,30,0
-3943,-0.962646,-3054,11,14,28,0
-3942,-0.962402,-3053,12,12,27,0
-3941,-0.962158,-3053,12,14,29,0
-3940,-0.961914,-3052,13,13,29,0
-3939,-0.961670,-3052,13,13,29,0
-3938,-0.961426,-3051,12,14,29,0
-3937,-0.961182,-3051,12,14,29,0
-3936,-0.960938,-3050,13,13,29,0
-3935,-0.960693,-3050,13,14,30,0
-3934,-0.960449,-3049,12,12,27,0
-3933,-0.960205,-3049,12,14,29,0
-3932,-0.959961,-3048,15,13,31,0
-3931,-0.959717,-3048,13,13,29,0
-3930,-0.959473,-3048,13,14,30,0
-3929,-0.959229,-3047,14,12,29,0
-3928,-0.958984,-3047,12,14,29,0
-3927,-0.958740,-3046,15,13,31,0
-3926,-0.958496,-3046,13,14,30,0
-3925,-0.958252,-3045,15,12,30,0
-3924,-0.958008,-3045,12,12,27,0
-3923,-0.957764,-3045,12,14,29,0
-3922,-0.957520,-3044,12,14,29,0
-3921,-0.957275,-3044,12,14,29,0
-3920,-0.957031,-3043,13,12,28,0
-3919,-0.956787,-3043,13,14,30,0
-3918,-0.956543,-3042,12,13,31,0
-3917,-0.956299,-3042,12,14,29,0
-3916,-0.956055,-3041,13,12,28,0
-3915,-0.955811,-3041,13,12,28,0
-3914,-0.955566,-3040,12,13,31,0
-3913,-0.955322,-3040,12,13,31,0
-3912,-0.955078,-3040,12,14,29,0
-3911,-0.954834,-3039,15,12,30,0
-3910,-0.954590,-3039,13,14,30,0
-3909,-0.954346,-3038,14,13,30,0
-3908,-0.954102,-3038,12,14,29,0
-3907,-0.953857,-3038,12,14,29,0
-3906,-0.953613,-3037,13,14,30,0
-3905,-0.953369,-3036,15,13,31,0
-3904,-0.953125,-3036,11,14,28,0
-3903,-0.952881,-3036,11,14,28,0
-3902,-0.952637,-3035,12,12,27,0
-3901,-0.952393,-3035,12,14,29,0
-3900,-0.952148,-3034,13,13,29,0
-3899,-0.951904,-3034,13,14,30,0
-3898,-0.951660,-3033,12,12,27,0
-3897,-0.951416,-3033,12,14,29,0
-3896,-0.951172,-3032,17,13,33,0
-3895,-0.950928,-3032,13,13,29,0
-3894,-0.950684,-3032,13,14,30,0
-3893,-0.950439,-3031,14,12,29,0
-3892,-0.950195,-3031,12,14,29,0
-3891,-0.949951,-3030,15,13,31,0
-3890,-0.949707,-3030,13,14,30,0
-3889,-0.949463,-3029,14,12,29,0
-3888,-0.949219,-3029,12,14,29,0
-3887,-0.948975,-3028,15,13,31,0
-3886,-0.948730,-3028,11,14,28,0
-3885,-0.948486,-3028,11,14,28,0
-3884,-0.948242,-3027,13,12,28,0
-3883,-0.947998,-3027,13,14,30,0
-3882,-0.947754,-3026,12,14,29,0
-3881,-0.947510,-3026,12,14,29,0
-3880,-0.947266,-3025,13,12,28,0
-3879,-0.947021,-3025,13,14,30,0
-3878,-0.946777,-3024,12,13,31,0
-3877,-0.946533,-3024,12,14,29,0
-3876,-0.946289,-3024,12,14,29,0
-3875,-0.946045,-3023,15,12,30,0
-3874,-0.945801,-3022,12,13,31,0
-3873,-0.945557,-3022,12,14,29,0
-3872,-0.945312,-3021,15,12,30,0
-3871,-0.945068,-3021,13,12,28,0
-3870,-0.944824,-3020,15,13,31,0
-3869,-0.944580,-3020,12,13,31,0
-3868,-0.944336,-3020,12,14,29,0
-3867,-0.944092,-3019,15,12,30,0
-3866,-0.943848,-3019,13,14,30,0
-3865,-0.943604,-3018,14,13,30,0
-3864,-0.943359,-3018,12,14,29,0
-3863,-0.943115,-3018,12,14,29,0
-3862,-0.942871,-3017,13,14,30,0
-3861,-0.942627,-3016,15,13,31,0
-3860,-0.942383,-3016,12,14,29,0
-3859,-0.942139,-3016,12,14,29,0
-3858,-0.941895,-3015,12,12,27,0
-3857,-0.941650,-3015,12,14,29,0
-3856,-0.941406,-3014,13,13,29,0
-3855,-0.941162,-3014,13,14,30,0
-3854,-0.940918,-3013,12,12,27,0
-3853,-0.940674,-3013,12,14,29,0
-3852,-0.940430,-3012,13,13,29,0
-3851,-0.940186,-3012,13,13,29,0
-3850,-0.939941,-3011,15,12,30,0
-3849,-0.939697,-3011,12,12,27,0
-3848,-0.939453,-3010,18,13,34,0
-3847,-0.939209,-3010,14,13,30,0
-3846,-0.938965,-3010,13,14,30,0
-3845,-0.938721,-3009,15,12,30,0
-3844,-0.938477,-3009,12,14,29,0
-3843,-0.938232,-3008,15,13,31,0
-3842,-0.937988,-3008,13,14,30,0
-3841,-0.937744,-3007,14,12,29,0
-3840,-0.937500,-3007,12,14,29,0
-3839,-0.937256,-3006,15,13,31,0
-3838,-0.937012,-3006,13,14,30,0
-3837,-0.936768,-3005,15,12,30,0
-3836,-0.936523,-3005,12,12,27,0
-3835,-0.936279,-3005,12,14,29,0
-3834,-0.936035,-3004,12,13,31,0
-3833,-0.935791,-3004,12,14,29,0
-3832,-0.935547,-3003,13,12,28,0
-3831,-0.935303,-3003,13,14,30,0
-3830,-0.935059,-3002,12,13,31,0
-3829,-0.934814,-3002,12,13,31,0
-3828,-0.934570,-3001,17,12,32,0
-3827,-0.934326,-3001,13,12,28,0
-3826,-0.934082,-3000,12,13,31,0
-3825,-0.933838,-3000,12,13,31,0
-3824,-0.933594,-3000,12,14,29,0
-3823,-0.933350,-2999,14,12,29,0
-3822,-0.933105,-2999,13,14,30,0
-3821,-0.932861,-2998,14,13,30,0
-3820,-0.932617,-2998,12,14,29,0
-3819,-0.932373,-2997,15,12,30,0
-3818,-0.932129,-2997,13,14,30,0
-3817,-0.931885,-2996,15,13,31,0
-3816,-0.931641,-2996,12,14,29,0
-3815,-0.931396,-2996,12,14,29,0
-3814,-0.931152,-2995,13,14,30,0
-3813,-0.930908,-2995,13,14,30,0
-3812,-0.930664,-2994,12,13,28,0
-3811,-0.930420,-2994,12,14,29,0
-3810,-0.930176,-2992,15,13,31,0
-3809,-0.929932,-2992,12,13,28,0
-3808,-0.929688,-2992,12,14,29,0
-3807,-0.929443,-2991,17,12,32,0
-3806,-0.929199,-2991,13,14,30,0
-3805,-0.928955,-2990,16,13,32,0
-3804,-0.928711,-2990,12,14,29,0
-3803,-0.928467,-2990,12,14,29,0
-3802,-0.928223,-2989,13,14,30,0
-3801,-0.927979,-2989,16,14,33,0
-3800,-0.927734,-2988,11,13,30,0
-3799,-0.927490,-2988,11,14,28,0
-3798,-0.927246,-2987,12,12,27,0
-3797,-0.927002,-2987,12,14,29,0
-3796,-0.926758,-2986,13,13,29,0
-3795,-0.926514,-2986,13,14,30,0
-3794,-0.926270,-2985,12,12,27,0
-3793,-0.926025,-2985,12,14,29,0
-3792,-0.925781,-2984,13,13,29,0
-3791,-0.925537,-2984,13,14,30,0
-3790,-0.925293,-2983,15,12,30,0
-3789,-0.925049,-2983,12,14,29,0
-3788,-0.924805,-2982,17,13,33,0
-3787,-0.924561,-2982,13,13,29,0
-3786,-0.924316,-2981,17,12,32,0
-3785,-0.924072,-2981,12,12,27,0
-3784,-0.923828,-2981,12,14,29,0
-3783,-0.923584,-2980,14,13,30,0
-3782,-0.923340,-2980,13,14,30,0
-3781,-0.923096,-2979,15,12,30,0
-3780,-0.922852,-2979,12,14,29,0
-3779,-0.922607,-2978,15,13,31,0
-3778,-0.922363,-2978,13,14,30,0
-3777,-0.922119,-2977,14,12,29,0
-3776,-0.921875,-2977,12,14,29,0
-3775,-0.921631,-2976,15,13,31,0
-3774,-0.921387,-2976,13,14,30,0
-3773,-0.921143,-2976,13,14,30,0
-3772,-0.920898,-2975,12,12,27,0
-3771,-0.920654,-2975,12,14,29,0
-3770,-0.920410,-2974,13,14,30,0
-3769,-0.920166,-2974,16,14,33,0
-3768,-0.919922,-2973,11,12,26,0
-3767,-0.919678,-2973,11,14,28,0
-3766,-0.919434,-2972,12,13,31,0
-3765,-0.919189,-2972,12,14,29,0
-3764,-0.918945,-2971,13,12,28,0
-3763,-0.918701,-2971,13,14,30,0
-3762,-0.918457,-2970,12,13,31,0
-3761,-0.918213,-2970,12,14,29,0
-3760,-0.917969,-2969,13,12,28,0
-3759,-0.917725,-2969,13,14,30,0
-3758,-0.917480,-2968,15,13,31,0
-3757,-0.917236,-2968,12,14,29,0
-3756,-0.916992,-2967,17,12,32,0
-3755,-0.916748,-2967,13,14,30,0
-3754,-0.916504,-2966,17,13,33,0
-3753,-0.916260,-2966,12,13,31,0
-3752,-0.916016,-2966,12,14,29,0
-3751,-0.915771,-2965,14,12,29,0
-3750,-0.915527,-2965,13,14,30,0
-3749,-0.915283,-2964,14,13,30,0
-3748,-0.915039,-2964,12,14,29,0
-3747,-0.914795,-2963,15,12,30,0
-3746,-0.914551,-2962,15,13,31,0
-3745,-0.914307,-2962,12,13,31,0
-3744,-0.914062,-2961,18,12,33,0
-3743,-0.913818,-2961,13,12,28,0
-3742,-0.913574,-2960,18,13,34,0
-3741,-0.913330,-2960,12,13,28,0
-3740,-0.913086,-2960,12,14,29,0
-3739,-0.912842,-2959,15,12,30,0
-3738,-0.912598,-2959,13,14,30,0
-3737,-0.912354,-2958,15,13,31,0
-3736,-0.912109,-2958,12,14,29,0
-3735,-0.911865,-2957,17,12,32,0
-3734,-0.911621,-2957,13,14,30,0
-3733,-0.911377,-2956,17,13,33,0
-3732,-0.911133,-2956,12,14,29,0
-3731,-0.910889,-2956,12,14,29,0
-3730,-0.910645,-2955,13,14,30,0
-3729,-0.910400,-2954,18,13,34,0
-3728,-0.910156,-2954,12,14,29,0
-3727,-0.909912,-2954,16,14,33,0
-3726,-0.909668,-2953,13,14,30,0
-3725,-0.909424,-2952,15,13,31,0
-3724,-0.909180,-2952,12,14,29,0
-3723,-0.908936,-2952,12,14,29,0
-3722,-0.908691,-2951,12,12,27,0
-3721,-0.908447,-2951,12,14,29,0
-3720,-0.908203,-2950,13,13,29,0
-3719,-0.907959,-2950,13,14,30,0
-3718,-0.907715,-2949,12,12,27,0
-3717,-0.907471,-2949,12,14,29,0
-3716,-0.907227,-2948,13,13,29,0
-3715,-0.906982,-2948,13,14,30,0
-3714,-0.906738,-2947,12,12,27,0
-3713,-0.906494,-2947,12,14,29,0
-3712,-0.906250,-2946,13,13,29,0
-3711,-0.906006,-2946,13,14,30,0
-3710,-0.905762,-2945,15,12,30,0
-3709,-0.905518,-2945,12,14,29,0
-3708,-0.905273,-2944,13,13,29,0
-3707,-0.905029,-2944,13,14,30,0
-3706,-0.904785,-2943,18,12,33,0
-3705,-0.904541,-2943,14,12,29,0
-3704,-0.904297,-2942,18,13,34,0
-3703,-0.904053,-2942,13,13,29,0
-3702,-0.903809,-2942,13,14,30,0
-3701,-0.903564,-2941,14,12,29,0
-3700,-0.903320,-2941,12,14,29,0
-3699,-0.903076,-2940,14,13,30,0
-3698,-0.902832,-2940,13,14,30,0
-3697,-0.902588,-2939,14,12,29,0
-3696,-0.902344,-2939,12,14,29,0
-3695,-0.902100,-2938,14,13,30,0
-3694,-0.901855,-2938,13,14,30,0
-3693,-0.901611,-2937,14,12,29,0
-3692,-0.901367,-2937,12,14,29,0
-3691,-0.901123,-2936,14,13,30,0
-3690,-0.900879,-2936,13,14,30,0
-3689,-0.900635,-2935,15,12,30,0
-3688,-0.900391,-2935,12,14,29,0
-3687,-0.900146,-2935,16,14,33,0
-3686,-0.899902,-2934,13,14,30,0
-3685,-0.899658,-2933,17,12,32,0
-3684,-0.899414,-2933,12,14,29,0
-3683,-0.899170,-2933,12,14,29,0
-3682,-0.898926,-2932,16,14,33,0
-3681,-0.898682,-2931,12,12,27,0
-3680,-0.898438,-2931,12,14,29,0
-3679,-0.898193,-2930,14,13,30,0
-3678,-0.897949,-2930,13,14,30,0
-3677,-0.897705,-2929,14,12,29,0
-3676,-0.897461,-2929,12,14,29,0
-3675,-0.897217,-2928,14,13,30,0
-3674,-0.896973,-2928,13,14,30,0
-3673,-0.896729,-2927,15,12,30,0
-3672,-0.896484,-2927,12,14,29,0
-3671,-0.896240,-2927,18,14,35,0
-3670,-0.895996,-2926,13,13,32,0
-3669,-0.895752,-2926,16,14,33,0
-3668,-0.895508,-2925,12,12,27,0
-3667,-0.895264,-2925,12,14,29,0
-3666,-0.895020,-2924,13,14,30,0
-3665,-0.894775,-2923,15,12,30,0
-3664,-0.894531,-2923,12,12,27,0
-3663,-0.894287,-2923,12,14,29,0
-3662,-0.894043,-2922,13,14,30,0
-3661,-0.893799,-2922,16,14,33,0
-3660,-0.893555,-2921,12,12,27,0
-3659,-0.893311,-2921,12,14,29,0
-3658,-0.893066,-2920,12,13,31,0
-3657,-0.892822,-2920,12,14,29,0
-3656,-0.892578,-2919,13,12,28,0
-3655,-0.892334,-2919,13,14,30,0
-3654,-0.892090,-2918,12,13,31,0
-3653,-0.891846,-2918,12,14,29,0
-3652,-0.891602,-2917,13,12,28,0
-3651,-0.891357,-2917,13,14,30,0
-3650,-0.891113,-2916,12,14,29,0
-3649,-0.890869,-2916,12,14,29,0
-3648,-0.890625,-2915,13,12,28,0
-3647,-0.890381,-2915,13,14,30,0
-3646,-0.890137,-2914,13,13,32,0
-3645,-0.889893,-2914,18,14,35,0
-3644,-0.889648,-2913,12,12,27,0
-3643,-0.889404,-2913,12,14,29,0
-3642,-0.889160,-2912,12,13,31,0
-3641,-0.888916,-2912,12,14,29,0
-3640,-0.888672,-2911,15,12,30,0
-3639,-0.888428,-2911,13,14,30,0
-3638,-0.888184,-2910,15,13,31,0
-3637,-0.887939,-2910,12,14,29,0
-3636,-0.887695,-2909,15,12,30,0
-3635,-0.887451,-2909,13,14,30,0
-3634,-0.887207,-2908,12,13,31,0
-3633,-0.886963,-2908,12,14,29,0
-3632,-0.886719,-2907,15,12,30,0
-3631,-0.886475,-2907,13,14,30,0
-3630,-0.886230,-2906,12,13,31,0
-3629,-0.885986,-2906,12,14,29,0
-3628,-0.885742,-2905,13,12,28,0
-3627,-0.885498,-2905,13,14,30,0
-3626,-0.885254,-2904,12,13,31,0
-3625,-0.885010,-2904,12,14,29,0
-3624,-0.884766,-2903,15,12,30,0
-3623,-0.884521,-2903,13,12,28,0
-3622,-0.884277,-2902,15,13,31,0
-3621,-0.884033,-2902,12,14,29,0
-3620,-0.883789,-2901,15,12,30,0
-3619,-0.883545,-2901,13,12,28,0
-3618,-0.883301,-2900,12,13,31,0
-3617,-0.883057,-2900,12,14,29,0
-3616,-0.882812,-2899,13,12,28,0
-3615,-0.882568,-2899,13,14,30,0
-3614,-0.882324,-2898,12,13,31,0
-3613,-0.882080,-2898,12,14,29,0
-3612,-0.881836,-2897,13,12,28,0
-3611,-0.881592,-2897,13,14,30,0
-3610,-0.881348,-2896,12,13,31,0
-3609,-0.881104,-2896,12,14,29,0
-3608,-0.880859,-2895,15,12,30,0
-3607,-0.880615,-2895,13,14,30,0
-3606,-0.880371,-2894,12,13,31,0
-3605,-0.880127,-2894,12,14,29,0
-3604,-0.879883,-2893,15,12,30,0
-3603,-0.879639,-2893,13,14,30,0
-3602,-0.879395,-2892,12,13,31,0
-3601,-0.879150,-2892,12,14,29,0
-3600,-0.878906,-2891,15,12,30,0
-3599,-0.878662,-2891,13,14,30,0
-3598,-0.878418,-2890,12,13,31,0
-3597,-0.878174,-2890,12,14,29,0
-3596,-0.877930,-2889,15,12,30,0
-3595,-0.877686,-2889,13,14,30,0
-3594,-0.877441,-2888,12,13,31,0
-3593,-0.877197,-2888,12,14,29,0
-3592,-0.876953,-2887,15,12,30,0
-3591,-0.876709,-2887,13,14,30,0
-3590,-0.876465,-2886,12,13,31,0
-3589,-0.876221,-2886,12,14,29,0
-3588,-0.875977,-2885,15,12,30,0
-3587,-0.875732,-2885,13,14,30,0
-3586,-0.875488,-2884,12,13,31,0
-3585,-0.875244,-2884,12,14,29,0
-3584,-0.875000,-2883,13,12,28,0
-3583,-0.874756,-2883,13,14,30,0
-3582,-0.874512,-2882,12,13,31,0
-3581,-0.874268,-2882,12,14,29,0
-3580,-0.874023,-2881,13,12,28,0
-3579,-0.873779,-2881,13,14,30,0
-3578,-0.873535,-2880,12,13,31,0
-3577,-0.873291,-2880,12,14,29,0
-3576,-0.873047,-2879,15,12,30,0
-3575,-0.872803,-2879,13,14,30,0
-3574,-0.872559,-2878,15,13,31,0
-3573,-0.872314,-2878,12,14,29,0
-3572,-0.872070,-2877,17,12,32,0
-3571,-0.871826,-2877,13,14,30,0
-3570,-0.871582,-2876,12,13,31,0
-3569,-0.871338,-2876,12,14,29,0
-3568,-0.871094,-2875,15,12,30,0
-3567,-0.870850,-2875,13,14,30,0
-3566,-0.870605,-2874,12,13,31,0
-3565,-0.870361,-2874,12,14,29,0
-3564,-0.870117,-2873,13,12,28,0
-3563,-0.869873,-2873,13,14,30,0
-3562,-0.869629,-2872,12,13,31,0
-3561,-0.869385,-2872,12,14,29,0
-3560,-0.869141,-2871,15,12,30,0
-3559,-0.868896,-2871,13,14,30,0
-3558,-0.868652,-2870,12,13,31,0
-3557,-0.868408,-2870,12,14,29,0
-3556,-0.868164,-2869,15,12,30,0
-3555,-0.867920,-2869,13,14,30,0
-3554,-0.867676,-2868,14,14,31,0
-3553,-0.867432,-2867,12,12,27,0
-3552,-0.867188,-2867,14,14,31,0
-3551,-0.866943,-2866,13,13,29,0
-3550,-0.866699,-2866,14,14,31,0
-3549,-0.866455,-2865,12,12,27,0
-3548,-0.866211,-2865,15,14,32,0
-3547,-0.865967,-2864,13,13,29,0
-3546,-0.865723,-2864,14,14,31,0
-3545,-0.865479,-2863,12,12,27,0
-3544,-0.865234,-2863,15,14,32,0
-3543,-0.864990,-2862,13,13,29,0
-3542,-0.864746,-2862,15,14,32,0
-3541,-0.864502,-2861,12,12,27,0
-3540,-0.864258,-2861,15,14,32,0
-3539,-0.864014,-2860,13,13,29,0
-3538,-0.863770,-2859,16,12,31,0
-3537,-0.863525,-2859,12,12,27,0
-3536,-0.863281,-2859,18,14,35,0
-3535,-0.863037,-2858,13,14,30,0
-3534,-0.862793,-2857,12,12,27,0
-3533,-0.862549,-2857,12,14,29,0
-3532,-0.862305,-2856,16,13,32,0
-3531,-0.862061,-2856,13,13,29,0
-3530,-0.861816,-2855,16,12,31,0
-3529,-0.861572,-2855,12,12,27,0
-3528,-0.861328,-2854,16,13,32,0
-3527,-0.861084,-2854,13,13,29,0
-3526,-0.860840,-2854,18,14,35,0
-3525,-0.860596,-2853,12,12,27,0
-3524,-0.860352,-2852,13,13,29,0
-3523,-0.860107,-2852,13,14,30,0
-3522,-0.859863,-2851,13,12,28,0
-3521,-0.859619,-2851,15,14,32,0
-3520,-0.859375,-2850,12,13,28,0
-3519,-0.859131,-2850,15,14,32,0
-3518,-0.858887,-2849,13,12,28,0
-3517,-0.858643,-2849,15,14,32,0
-3516,-0.858398,-2848,12,13,28,0
-3515,-0.858154,-2848,12,14,29,0
-3514,-0.857910,-2847,13,12,28,0
-3513,-0.857666,-2847,13,14,30,0
-3512,-0.857422,-2846,12,13,28,0
-3511,-0.857178,-2846,12,14,29,0
-3510,-0.856934,-2845,13,12,28,0
-3509,-0.856689,-2845,13,14,30,0
-3508,-0.856445,-2844,12,13,28,0
-3507,-0.856201,-2844,12,14,29,0
-3506,-0.855957,-2843,13,12,28,0
-3505,-0.855713,-2843,15,14,32,0
-3504,-0.855469,-2842,12,13,28,0
-3503,-0.855225,-2842,18,14,35,0
-3502,-0.854980,-2841,13,12,28,0
-3501,-0.854736,-2841,15,14,32,0
-3500,-0.854492,-2840,12,13,28,0
-3499,-0.854248,-2840,12,14,29,0
-3498,-0.854004,-2839,13,14,30,0
-3497,-0.853760,-2839,18,14,35,0
-3496,-0.853516,-2838,12,13,28,0
-3495,-0.853271,-2838,18,14,35,0
-3494,-0.853027,-2837,13,14,30,0
-3493,-0.852783,-2836,16,13,32,0
-3492,-0.852539,-2836,12,14,29,0
-3491,-0.852295,-2836,18,14,35,0
-3490,-0.852051,-2835,15,14,32,0
-3489,-0.851807,-2834,12,13,31,0
-3488,-0.851562,-2834,15,14,32,0
-3487,-0.851318,-2833,13,12,28,0
-3486,-0.851074,-2833,15,14,32,0
-3485,-0.850830,-2832,12,13,31,0
-3484,-0.850586,-2832,15,14,32,0
-3483,-0.850342,-2831,13,12,28,0
-3482,-0.850098,-2831,15,14,32,0
-3481,-0.849854,-2830,12,13,31,0
-3480,-0.849609,-2829,18,12,33,0
-3479,-0.849365,-2829,13,12,28,0
-3478,-0.849121,-2828,17,13,33,0
-3477,-0.848877,-2828,12,13,31,0
-3476,-0.848633,-2828,15,14,32,0
-3475,-0.848389,-2827,13,14,30,0
-3474,-0.848145,-2826,13,13,32,0
-3473,-0.847900,-2826,13,14,30,0
-3472,-0.847656,-2825,12,12,27,0
-3471,-0.847412,-2825,12,14,29,0
-3470,-0.847168,-2824,11,13,27,0
-3469,-0.846924,-2824,11,14,28,0
-3468,-0.846680,-2823,16,12,31,0
-3467,-0.846436,-2823,13,14,30,0
-3466,-0.846191,-2822,13,13,32,0
-3465,-0.845947,-2822,13,14,30,0
-3464,-0.845703,-2821,12,12,27,0
-3463,-0.845459,-2821,12,14,29,0
-3462,-0.845215,-2820,13,13,32,0
-3461,-0.844971,-2820,13,14,30,0
-3460,-0.844727,-2819,12,12,27,0
-3459,-0.844482,-2819,12,14,29,0
-3458,-0.844238,-2818,14,14,31,0
-3457,-0.843994,-2817,12,12,27,0
-3456,-0.843750,-2817,12,14,29,0
-3455,-0.843506,-2816,16,13,32,0
-3454,-0.843262,-2816,13,14,30,0
-3453,-0.843018,-2816,13,14,30,0
-3452,-0.842773,-2815,12,12,27,0
-3451,-0.842529,-2815,12,14,29,0
-3450,-0.842285,-2814,13,13,32,0
-3449,-0.842041,-2814,15,14,32,0
-3448,-0.841797,-2813,12,12,27,0
-3447,-0.841553,-2813,15,14,32,0
-3446,-0.841309,-2812,13,14,30,0
-3445,-0.841064,-2812,15,14,32,0
-3444,-0.840820,-2811,12,12,27,0
-3443,-0.840576,-2811,15,14,32,0
-3442,-0.840332,-2810,14,14,31,0
-3441,-0.840088,-2809,12,12,27,0
-3440,-0.839844,-2809,14,14,31,0
-3439,-0.839600,-2808,13,13,29,0
-3438,-0.839355,-2808,15,14,32,0
-3437,-0.839111,-2807,12,12,27,0
-3436,-0.838867,-2807,15,14,32,0
-3435,-0.838623,-2806,13,13,29,0
-3434,-0.838379,-2806,15,14,32,0
-3433,-0.838135,-2805,12,12,27,0
-3432,-0.837891,-2805,15,14,32,0
-3431,-0.837646,-2804,13,13,29,0
-3430,-0.837402,-2803,17,12,32,0
-3429,-0.837158,-2803,12,14,29,0
-3428,-0.836914,-2802,16,13,32,0
-3427,-0.836670,-2802,13,14,30,0
-3426,-0.836426,-2801,13,12,28,0
-3425,-0.836182,-2801,15,14,32,0
-3424,-0.835938,-2800,12,13,28,0
-3423,-0.835693,-2800,12,14,29,0
-3422,-0.835449,-2799,13,12,28,0
-3421,-0.835205,-2799,15,14,32,0
-3420,-0.834961,-2798,12,13,28,0
-3419,-0.834717,-2798,15,14,32,0
-3418,-0.834473,-2797,13,14,30,0
-3417,-0.834229,-2796,17,13,33,0
-3416,-0.833984,-2796,12,14,29,0
-3415,-0.833740,-2795,16,12,31,0
-3414,-0.833496,-2795,13,14,30,0
-3413,-0.833252,-2794,16,13,32,0
-3412,-0.833008,-2794,14,14,31,0
-3411,-0.832764,-2793,13,12,28,0
-3410,-0.832520,-2793,15,14,32,0
-3409,-0.832275,-2792,12,13,31,0
-3408,-0.832031,-2792,15,14,32,0
-3407,-0.831787,-2791,13,12,28,0
-3406,-0.831543,-2791,15,14,32,0
-3405,-0.831299,-2790,12,14,29,0
-3404,-0.831055,-2789,17,12,32,0
-3403,-0.830811,-2789,13,12,28,0
-3402,-0.830566,-2788,16,13,32,0
-3401,-0.830322,-2788,12,14,29,0
-3400,-0.830078,-2787,16,12,31,0
-3399,-0.829834,-2787,13,14,30,0
-3398,-0.829590,-2786,13,13,32,0
-3397,-0.829346,-2786,13,14,30,0
-3396,-0.829102,-2785,12,12,27,0
-3395,-0.828857,-2785,12,14,29,0
-3394,-0.828613,-2784,13,13,32,0
-3393,-0.828369,-2784,15,14,32,0
-3392,-0.828125,-2783,12,12,27,0
-3391,-0.827881,-2783,15,14,32,0
-3390,-0.827637,-2782,13,14,30,0
-3389,-0.827393,-2781,17,12,32,0
-3388,-0.827148,-2781,12,14,29,0
-3387,-0.826904,-2780,16,13,32,0
-3386,-0.826660,-2780,14,14,31,0
-3385,-0.826416,-2779,12,12,27,0
-3384,-0.826172,-2779,14,14,31,0
-3383,-0.825928,-2778,13,13,29,0
-3382,-0.825684,-2778,14,14,31,0
-3381,-0.825439,-2777,12,12,27,0
-3380,-0.825195,-2777,15,14,32,0
-3379,-0.824951,-2776,13,13,29,0
-3378,-0.824707,-2775,16,12,31,0
-3377,-0.824463,-2775,13,14,30,0
-3376,-0.824219,-2774,12,13,28,0
-3375,-0.823975,-2774,12,14,29,0
-3374,-0.823730,-2773,13,12,28,0
-3373,-0.823486,-2773,13,14,30,0
-3372,-0.823242,-2772,12,13,28,0
-3371,-0.822998,-2772,12,14,29,0
-3370,-0.822754,-2771,13,14,30,0
-3369,-0.822510,-2771,15,14,32,0
-3368,-0.822266,-2770,12,14,29,0
-3367,-0.822021,-2770,12,14,29,0
-3366,-0.821777,-2769,13,14,30,0
-3365,-0.821533,-2768,16,13,32,0
-3364,-0.821289,-2768,12,14,29,0
-3363,-0.821045,-2768,12,14,29,0
-3362,-0.820801,-2766,17,13,33,0
-3361,-0.820557,-2766,12,13,31,0
-3360,-0.820312,-2766,14,14,31,0
-3359,-0.820068,-2765,13,12,28,0
-3358,-0.819824,-2764,16,13,32,0
-3357,-0.819580,-2764,12,13,31,0
-3356,-0.819336,-2764,14,14,31,0
-3355,-0.819092,-2763,13,12,28,0
-3354,-0.818848,-2762,13,13,32,0
-3353,-0.818604,-2762,13,14,30,0
-3352,-0.818359,-2761,12,12,27,0
-3351,-0.818115,-2761,12,14,29,0
-3350,-0.817871,-2760,11,13,27,0
-3349,-0.817627,-2760,11,14,28,0
-3348,-0.817383,-2759,13,12,28,0
-3347,-0.817139,-2759,13,14,30,0
-3346,-0.816895,-2758,13,14,30,0
-3345,-0.816650,-2757,16,12,31,0
-3344,-0.816406,-2757,12,14,29,0
-3343,-0.816162,-2756,16,13,32,0
-3342,-0.815918,-2756,13,14,30,0
-3341,-0.815674,-2755,16,12,31,0
-3340,-0.815430,-2755,12,14,29,0
-3339,-0.815186,-2754,16,13,32,0
-3338,-0.814941,-2753,18,12,33,0
-3337,-0.814697,-2753,12,12,27,0
-3336,-0.814453,-2752,17,13,33,0
-3335,-0.814209,-2752,13,13,29,0
-3334,-0.813965,-2752,14,14,31,0
-3333,-0.813721,-2751,12,12,27,0
-3332,-0.813477,-2751,14,14,31,0
-3331,-0.813232,-2750,13,13,29,0
-3330,-0.812988,-2749,13,12,28,0
-3329,-0.812744,-2749,13,14,30,0
-3328,-0.812500,-2748,12,13,28,0
-3327,-0.812256,-2748,12,14,29,0
-3326,-0.812012,-2747,13,12,28,0
-3325,-0.811768,-2747,15,14,32,0
-3324,-0.811523,-2746,12,13,28,0
-3323,-0.811279,-2746,12,14,29,0
-3322,-0.811035,-2745,14,14,31,0
-3321,-0.810791,-2744,12,13,28,0
-3320,-0.810547,-2744,12,14,29,0
-3319,-0.810303,-2743,16,12,31,0
-3318,-0.810059,-2743,14,14,31,0
-3317,-0.809814,-2742,12,13,31,0
-3316,-0.809570,-2742,14,14,31,0
-3315,-0.809326,-2741,13,12,28,0
-3314,-0.809082,-2740,12,13,31,0
-3313,-0.808838,-2740,12,14,29,0
-3312,-0.808594,-2740,18,14,35,0
-3311,-0.808350,-2739,13,14,30,0
-3310,-0.808105,-2738,13,13,32,0
-3309,-0.807861,-2738,13,14,30,0
-3308,-0.807617,-2737,12,12,27,0
-3307,-0.807373,-2737,12,14,29,0
-3306,-0.807129,-2736,13,13,32,0
-3305,-0.806885,-2736,13,14,30,0
-3304,-0.806641,-2735,12,12,27,0
-3303,-0.806396,-2735,12,14,29,0
-3302,-0.806152,-2734,13,14,30,0
-3301,-0.805908,-2734,18,14,35,0
-3300,-0.805664,-2733,12,14,29,0
-3299,-0.805420,-2732,16,13,32,0
-3298,-0.805176,-2731,18,12,33,0
-3297,-0.804932,-2731,13,14,30,0
-3296,-0.804688,-2731,14,14,31,0
-3295,-0.804443,-2730,13,13,29,0
-3294,-0.804199,-2729,14,14,31,0
-3293,-0.803955,-2728,12,13,31,0
-3292,-0.803711,-2728,12,14,29,0
-3291,-0.803467,-2728,15,14,32,0
-3290,-0.803223,-2727,14,14,31,0
-3289,-0.802979,-2726,12,13,31,0
-3288,-0.802734,-2726,14,14,31,0
-3287,-0.802490,-2725,13,12,28,0
-3286,-0.802246,-2724,18,13,34,0
-3285,-0.802002,-2724,12,13,31,0
-3284,-0.801758,-2724,15,14,32,0
-3283,-0.801514,-2723,13,12,28,0
-3282,-0.801270,-2722,13,13,32,0
-3281,-0.801025,-2722,13,14,30,0
-3280,-0.800781,-2721,12,12,27,0
-3279,-0.800537,-2721,12,14,29,0
-3278,-0.800293,-2720,13,13,32,0
-3277,-0.800049,-2720,13,14,30,0
-3276,-0.799805,-2719,12,12,27,0
-3275,-0.799561,-2719,12,14,29,0
-3274,-0.799316,-2718,13,13,32,0
-3273,-0.799072,-2718,13,14,30,0
-3272,-0.798828,-2717,12,12,27,0
-3271,-0.798584,-2717,17,14,34,0
-3270,-0.798340,-2716,13,14,30,0
-3269,-0.798096,-2716,18,14,35,0
-3268,-0.797852,-2715,14,14,31,0
-3267,-0.797607,-2714,13,13,29,0
-3266,-0.797363,-2714,14,14,31,0
-3265,-0.797119,-2713,12,12,27,0
-3264,-0.796875,-2713,18,14,35,0
-3263,-0.796631,-2712,13,13,29,0
-3262,-0.796387,-2711,13,12,28,0
-3261,-0.796143,-2711,13,14,30,0
-3260,-0.795898,-2710,12,13,28,0
-3259,-0.795654,-2710,12,14,29,0
-3258,-0.795410,-2709,13,12,28,0
-3257,-0.795166,-2709,15,14,32,0
-3256,-0.794922,-2708,12,13,28,0
-3255,-0.794678,-2708,15,14,32,0
-3254,-0.794434,-2707,14,14,31,0
-3253,-0.794189,-2706,12,13,31,0
-3252,-0.793945,-2706,14,14,31,0
-3251,-0.793701,-2705,13,12,28,0
-3250,-0.793457,-2704,18,13,34,0
-3249,-0.793213,-2704,12,13,31,0
-3248,-0.792969,-2704,14,14,31,0
-3247,-0.792725,-2703,13,12,28,0
-3246,-0.792480,-2702,13,13,32,0
-3245,-0.792236,-2702,13,14,30,0
-3244,-0.791992,-2701,12,12,27,0
-3243,-0.791748,-2701,15,14,32,0
-3242,-0.791504,-2700,13,13,32,0
-3241,-0.791260,-2700,15,14,32,0
-3240,-0.791016,-2699,12,12,27,0
-3239,-0.790771,-2699,15,14,32,0
-3238,-0.790527,-2698,14,14,31,0
-3237,-0.790283,-2697,12,12,27,0
-3236,-0.790039,-2697,14,14,31,0
-3235,-0.789795,-2696,13,13,29,0
-3234,-0.789551,-2696,14,14,31,0
-3233,-0.789307,-2695,12,12,27,0
-3232,-0.789062,-2695,15,14,32,0
-3231,-0.788818,-2694,13,13,29,0
-3230,-0.788574,-2693,13,12,28,0
-3229,-0.788330,-2693,15,14,32,0
-3228,-0.788086,-2692,12,13,28,0
-3227,-0.787842,-2692,12,14,29,0
-3226,-0.787598,-2691,13,12,28,0
-3225,-0.787354,-2691,18,14,35,0
-3224,-0.787109,-2690,12,14,29,0
-3223,-0.786865,-2690,18,14,35,0
-3222,-0.786621,-2689,14,14,31,0
-3221,-0.786377,-2688,12,13,31,0
-3220,-0.786133,-2688,12,14,29,0
-3219,-0.785889,-2688,18,14,35,0
-3218,-0.785645,-2687,14,14,31,0
-3217,-0.785400,-2686,12,13,31,0
-3216,-0.785156,-2686,14,14,31,0
-3215,-0.784912,-2685,13,12,28,0
-3214,-0.784668,-2684,13,13,32,0
-3213,-0.784424,-2684,13,14,30,0
-3212,-0.784180,-2683,12,12,27,0
-3211,-0.783936,-2683,12,14,29,0
-3210,-0.783691,-2682,13,13,32,0
-3209,-0.783447,-2682,17,14,34,0
-3208,-0.783203,-2681,12,14,29,0
-3207,-0.782959,-2680,16,13,32,0
-3206,-0.782715,-2680,14,14,31,0
-3205,-0.782471,-2679,12,12,27,0
-3204,-0.782227,-2679,15,14,32,0
-3203,-0.781982,-2678,13,13,29,0
-3202,-0.781738,-2677,16,12,31,0
-3201,-0.781494,-2677,13,14,30,0
-3200,-0.781250,-2676,12,13,28,0
-3199,-0.781006,-2676,12,14,29,0
-3198,-0.780762,-2675,13,12,28,0
-3197,-0.780518,-2675,15,14,32,0
-3196,-0.780273,-2674,12,14,29,0
-3195,-0.780029,-2674,17,14,34,0
-3194,-0.779785,-2673,14,14,31,0
-3193,-0.779541,-2672,12,13,31,0
-3192,-0.779297,-2672,12,14,29,0
-3191,-0.779053,-2672,17,14,34,0
-3190,-0.778809,-2671,15,14,32,0
-3189,-0.778564,-2670,12,13,31,0
-3188,-0.778320,-2670,15,14,32,0
-3187,-0.778076,-2669,13,12,28,0
-3186,-0.777832,-2668,12,13,31,0
-3185,-0.777588,-2668,12,14,29,0
-3184,-0.777344,-2667,13,12,28,0
-3183,-0.777100,-2667,13,14,30,0
-3182,-0.776855,-2666,14,14,31,0
-3181,-0.776611,-2665,12,12,27,0
-3180,-0.776367,-2665,14,14,31,0
-3179,-0.776123,-2664,13,13,29,0
-3178,-0.775879,-2664,14,14,31,0
-3177,-0.775635,-2663,12,12,27,0
-3176,-0.775391,-2663,14,14,31,0
-3175,-0.775146,-2662,13,13,29,0
-3174,-0.774902,-2662,17,14,34,0
-3173,-0.774658,-2661,13,14,30,0
-3172,-0.774414,-2660,12,13,28,0
-3171,-0.774170,-2660,12,14,29,0
-3170,-0.773926,-2659,13,12,28,0
-3169,-0.773682,-2659,13,14,30,0
-3168,-0.773438,-2658,12,13,28,0
-3167,-0.773193,-2658,15,14,32,0
-3166,-0.772949,-2656,12,13,31,0
-3165,-0.772705,-2656,12,14,29,0
-3164,-0.772461,-2656,18,14,35,0
-3163,-0.772217,-2655,13,12,28,0
-3162,-0.771973,-2654,13,13,32,0
-3161,-0.771729,-2654,13,14,30,0
-3160,-0.771484,-2653,12,12,27,0
-3159,-0.771240,-2653,12,14,29,0
-3158,-0.770996,-2652,13,14,30,0
-3157,-0.770752,-2652,18,14,35,0
-3156,-0.770508,-2651,14,14,31,0
-3155,-0.770264,-2650,13,13,29,0
-3154,-0.770020,-2650,14,14,31,0
-3153,-0.769775,-2649,12,12,27,0
-3152,-0.769531,-2649,15,14,32,0
-3151,-0.769287,-2648,13,13,29,0
-3150,-0.769043,-2647,13,12,28,0
-3149,-0.768799,-2647,13,14,30,0
-3148,-0.768555,-2646,12,13,28,0
-3147,-0.768311,-2646,12,14,29,0
-3146,-0.768066,-2645,13,12,28,0
-3145,-0.767822,-2645,15,14,32,0
-3144,-0.767578,-2644,12,14,29,0
-3143,-0.767334,-2644,15,14,32,0
-3142,-0.767090,-2643,15,14,32,0
-3141,-0.766846,-2642,12,13,31,0
-3140,-0.766602,-2642,15,14,32,0
-3139,-0.766357,-2641,13,12,28,0
-3138,-0.766113,-2640,12,13,31,0
-3137,-0.765869,-2640,12,13,31,0
-3136,-0.765625,-2639,13,12,28,0
-3135,-0.765381,-2639,13,14,30,0
-3134,-0.765137,-2638,13,14,30,0
-3133,-0.764893,-2637,16,12,31,0
-3132,-0.764648,-2637,14,14,31,0
-3131,-0.764404,-2636,13,13,29,0
-3130,-0.764160,-2636,15,14,32,0
-3129,-0.763916,-2635,12,12,27,0
-3128,-0.763672,-2635,18,14,35,0
-3127,-0.763428,-2634,13,13,29,0
-3126,-0.763184,-2633,13,12,28,0
-3125,-0.762939,-2633,15,14,32,0
-3124,-0.762695,-2632,12,13,28,0
-3123,-0.762451,-2632,12,14,29,0
-3122,-0.762207,-2631,13,12,28,0
-3121,-0.761963,-2631,18,14,35,0
-3120,-0.761719,-2630,12,13,28,0
-3119,-0.761475,-2630,18,14,35,0
-3118,-0.761230,-2629,18,14,35,0
-3117,-0.760986,-2628,12,13,31,0
-3116,-0.760742,-2628,18,14,35,0
-3115,-0.760498,-2627,13,14,30,0
-3114,-0.760254,-2626,13,13,32,0
-3113,-0.760010,-2626,13,14,30,0
-3112,-0.759766,-2625,12,12,27,0
-3111,-0.759521,-2625,12,14,29,0
-3110,-0.759277,-2624,13,14,30,0
-3109,-0.759033,-2624,18,14,35,0
-3108,-0.758789,-2623,12,14,29,0
-3107,-0.758545,-2622,16,13,32,0
-3106,-0.758301,-2622,14,14,31,0
-3105,-0.758057,-2621,12,12,27,0
-3104,-0.757812,-2621,14,14,31,0
-3103,-0.757568,-2620,13,13,29,0
-3102,-0.757324,-2619,13,12,28,0
-3101,-0.757080,-2619,15,14,32,0
-3100,-0.756836,-2618,12,13,28,0
-3099,-0.756592,-2618,15,14,32,0
-3098,-0.756348,-2617,14,14,31,0
-3097,-0.756104,-2616,12,13,31,0
-3096,-0.755859,-2616,15,14,32,0
-3095,-0.755615,-2615,13,12,28,0
-3094,-0.755371,-2614,16,13,32,0
-3093,-0.755127,-2614,13,13,29,0
-3092,-0.754883,-2613,12,12,27,0
-3091,-0.754639,-2613,12,14,29,0
-3090,-0.754395,-2612,13,13,32,0
-3089,-0.754150,-2612,15,14,32,0
-3088,-0.753906,-2611,12,14,29,0
-3087,-0.753662,-2610,16,13,32,0
-3086,-0.753418,-2610,14,14,31,0
-3085,-0.753174,-2609,12,12,27,0
-3084,-0.752930,-2609,18,14,35,0
-3083,-0.752686,-2608,13,13,29,0
-3082,-0.752441,-2608,18,14,35,0
-3081,-0.752197,-2607,13,14,30,0
-3080,-0.751953,-2606,12,13,28,0
-3079,-0.751709,-2606,12,14,29,0
-3078,-0.751465,-2605,13,12,28,0
-3077,-0.751221,-2605,17,14,34,0
-3076,-0.750977,-2604,12,14,29,0
-3075,-0.750732,-2603,16,12,31,0
-3074,-0.750488,-2603,14,14,31,0
-3073,-0.750244,-2602,12,13,31,0
-3072,-0.750000,-2602,18,14,35,0
-3071,-0.749756,-2601,13,12,28,0
-3070,-0.749512,-2600,13,13,32,0
-3069,-0.749268,-2600,15,14,32,0
-3068,-0.749023,-2599,12,14,29,0
-3067,-0.748779,-2598,16,13,32,0
-3066,-0.748535,-2598,14,14,31,0
-3065,-0.748291,-2597,12,12,27,0
-3064,-0.748047,-2597,15,14,32,0
-3063,-0.747803,-2596,13,13,29,0
-3062,-0.747559,-2595,18,12,33,0
-3061,-0.747314,-2595,13,14,30,0
-3060,-0.747070,-2594,12,13,28,0
-3059,-0.746826,-2594,12,14,29,0
-3058,-0.746582,-2593,13,12,28,0
-3057,-0.746338,-2593,17,14,34,0
-3056,-0.746094,-2592,12,14,29,0
-3055,-0.745850,-2592,17,14,34,0
-3054,-0.745605,-2591,15,14,32,0
-3053,-0.745361,-2590,12,13,31,0
-3052,-0.745117,-2590,15,14,32,0
-3051,-0.744873,-2589,13,12,28,0
-3050,-0.744629,-2588,13,13,29,0
-3049,-0.744385,-2588,13,14,30,0
-3048,-0.744141,-2587,12,12,27,0
-3047,-0.743896,-2587,15,14,32,0
-3046,-0.743652,-2586,13,13,32,0
-3045,-0.743408,-2586,15,14,32,0
-3044,-0.743164,-2585,14,14,31,0
-3043,-0.742920,-2584,13,13,29,0
-3042,-0.742676,-2584,15,14,32,0
-3041,-0.742432,-2583,12,12,27,0
-3040,-0.742188,-2582,16,13,32,0
-3039,-0.741943,-2582,13,14,30,0
-3038,-0.741699,-2582,13,14,30,0
-3037,-0.741455,-2580,13,13,32,0
-3036,-0.741211,-2580,18,14,35,0
-3035,-0.740967,-2579,12,14,29,0
-3034,-0.740723,-2578,14,13,30,0
-3033,-0.740479,-2578,13,14,30,0
-3032,-0.740234,-2577,14,12,29,0
-3031,-0.739990,-2577,18,14,35,0
-3030,-0.739746,-2576,13,14,30,0
-3029,-0.739502,-2575,13,12,28,0
-3028,-0.739258,-2575,13,14,30,0
-3027,-0.739014,-2574,12,13,28,0
-3026,-0.738770,-2574,16,14,33,0
-3025,-0.738525,-2573,13,14,30,0
-3024,-0.738281,-2572,14,13,30,0
-3023,-0.738037,-2572,12,14,29,0
-3022,-0.737793,-2571,14,12,29,0
-3021,-0.737549,-2570,12,13,31,0
-3020,-0.737305,-2570,12,14,29,0
-3019,-0.737061,-2569,13,12,28,0
-3018,-0.736816,-2569,13,14,30,0
-3017,-0.736572,-2568,13,13,32,0
-3016,-0.736328,-2568,16,14,33,0
-3015,-0.736084,-2567,12,14,29,0
-3014,-0.735840,-2566,15,13,31,0
-3013,-0.735596,-2566,16,14,33,0
-3012,-0.735352,-2565,12,14,29,0
-3011,-0.735107,-2564,13,13,29,0
-3010,-0.734863,-2564,13,14,30,0
-3009,-0.734619,-2563,13,12,28,0
-3008,-0.734375,-2563,16,14,33,0
-3007,-0.734131,-2562,12,13,28,0
-3006,-0.733887,-2561,14,12,29,0
-3005,-0.733643,-2560,12,13,31,0
-3004,-0.733398,-2560,12,13,31,0
-3003,-0.733154,-2560,12,14,29,0
-3002,-0.732910,-2559,14,12,29,0
-3001,-0.732666,-2559,16,14,33,0
-3000,-0.732422,-2558,12,13,31,0
-2999,-0.732178,-2557,15,12,30,0
-2998,-0.731934,-2557,13,14,30,0
-2997,-0.731689,-2556,13,13,32,0
-2996,-0.731445,-2556,16,14,33,0
-2995,-0.731201,-2555,12,14,29,0
-2994,-0.730957,-2554,15,13,31,0
-2993,-0.730713,-2554,16,14,33,0
-2992,-0.730469,-2553,12,12,27,0
-2991,-0.730225,-2553,17,14,34,0
-2990,-0.729980,-2552,13,13,29,0
-2989,-0.729736,-2551,13,12,28,0
-2988,-0.729492,-2551,16,14,33,0
-2987,-0.729248,-2550,12,13,28,0
-2986,-0.729004,-2549,18,12,33,0
-2985,-0.728760,-2549,13,14,30,0
-2984,-0.728516,-2548,14,13,30,0
-2983,-0.728271,-2548,12,14,29,0
-2982,-0.728027,-2547,14,12,29,0
-2981,-0.727783,-2546,13,13,29,0
-2980,-0.727539,-2546,16,14,33,0
-2979,-0.727295,-2545,12,12,27,0
-2978,-0.727051,-2544,15,13,31,0
-2977,-0.726807,-2544,11,14,28,0
-2976,-0.726562,-2544,11,14,28,0
-2975,-0.726318,-2543,13,12,28,0
-2974,-0.726074,-2543,17,14,34,0
-2973,-0.725830,-2541,13,12,28,0
-2972,-0.725586,-2541,13,14,30,0
-2971,-0.725342,-2540,12,13,28,0
-2970,-0.725098,-2540,12,14,29,0
-2969,-0.724854,-2539,13,14,30,0
-2968,-0.724609,-2538,14,13,30,0
-2967,-0.724365,-2538,12,14,29,0
-2966,-0.724121,-2537,14,12,29,0
-2965,-0.723877,-2536,12,13,31,0
-2964,-0.723633,-2536,12,14,29,0
-2963,-0.723389,-2535,15,12,30,0
-2962,-0.723145,-2535,13,14,30,0
-2961,-0.722900,-2534,13,13,32,0
-2960,-0.722656,-2534,18,14,35,0
-2959,-0.722412,-2533,12,14,29,0
-2958,-0.722168,-2532,14,13,30,0
-2957,-0.721924,-2532,18,14,35,0
-2956,-0.721680,-2531,12,14,29,0
-2955,-0.721436,-2530,13,13,29,0
-2954,-0.721191,-2530,13,14,30,0
-2953,-0.720947,-2529,13,14,30,0
-2952,-0.720703,-2529,18,14,35,0
-2951,-0.720459,-2528,12,13,28,0
-2950,-0.720215,-2528,12,14,29,0
-2949,-0.719971,-2527,13,14,30,0
-2948,-0.719727,-2526,14,13,30,0
-2947,-0.719482,-2526,17,14,34,0
-2946,-0.719238,-2525,13,12,28,0
-2945,-0.718994,-2524,12,13,31,0
-2944,-0.718750,-2524,12,14,29,0
-2943,-0.718506,-2523,13,12,28,0
-2942,-0.718262,-2523,16,14,33,0
-2941,-0.718018,-2521,15,12,30,0
-2940,-0.717773,-2521,12,14,29,0
-2939,-0.717529,-2520,13,13,29,0
-2938,-0.717285,-2520,13,14,30,0
-2937,-0.717041,-2519,13,12,28,0
-2936,-0.716797,-2519,16,14,33,0
-2935,-0.716553,-2518,12,13,28,0
-2934,-0.716309,-2517,14,12,29,0
-2933,-0.716064,-2517,16,14,33,0
-2932,-0.715820,-2516,12,13,31,0
-2931,-0.715576,-2515,15,12,30,0
-2930,-0.715332,-2515,13,14,30,0
-2929,-0.715088,-2514,13,13,32,0
-2928,-0.714844,-2514,16,14,33,0
-2927,-0.714600,-2513,12,12,27,0
-2926,-0.714355,-2513,18,14,35,0
-2925,-0.714111,-2512,16,14,33,0
-2924,-0.713867,-2511,12,12,27,0
-2923,-0.713623,-2511,16,14,33,0
-2922,-0.713379,-2510,13,14,30,0
-2921,-0.713135,-2509,13,12,28,0
-2920,-0.712891,-2509,16,14,33,0
-2919,-0.712646,-2508,12,13,28,0
-2918,-0.712402,-2508,16,14,33,0
-2917,-0.712158,-2507,16,14,33,0
-2916,-0.711914,-2506,12,13,31,0
-2915,-0.711670,-2505,18,12,33,0
-2914,-0.711426,-2505,13,14,30,0
-2913,-0.711182,-2504,12,13,31,0
-2912,-0.710938,-2504,12,14,29,0
-2911,-0.710693,-2503,13,12,28,0
-2910,-0.710449,-2503,17,14,34,0
-2909,-0.710205,-2501,13,12,28,0
-2908,-0.709961,-2501,13,14,30,0
-2907,-0.709717,-2500,12,13,28,0
-2906,-0.709473,-2500,16,14,33,0
-2905,-0.709229,-2499,13,14,30,0
-2904,-0.708984,-2498,14,13,30,0
-2903,-0.708740,-2498,16,14,33,0
-2902,-0.708496,-2497,13,12,28,0
-2901,-0.708252,-2496,12,13,31,0
-2900,-0.708008,-2496,12,14,29,0
-2899,-0.707764,-2496,18,14,35,0
-2898,-0.707520,-2495,13,12,28,0
-2897,-0.707275,-2494,13,13,32,0
-2896,-0.707031,-2494,16,14,33,0
-2895,-0.706787,-2493,12,12,27,0
-2894,-0.706543,-2492,15,13,31,0
-2893,-0.706299,-2492,17,14,34,0
-2892,-0.706055,-2491,12,12,27,0
-2891,-0.705811,-2490,13,13,29,0
-2890,-0.705566,-2490,13,14,30,0
-2889,-0.705322,-2489,13,12,28,0
-2888,-0.705078,-2488,15,13,31,0
-2887,-0.704834,-2488,12,14,29,0
-2886,-0.704590,-2487,15,12,30,0
-2885,-0.704346,-2487,17,14,34,0
-2884,-0.704102,-2486,12,14,29,0
-2883,-0.703857,-2485,15,12,30,0
-2882,-0.703613,-2485,13,14,30,0
-2881,-0.703369,-2484,13,13,32,0
-2880,-0.703125,-2484,16,14,33,0
-2879,-0.702881,-2483,12,12,27,0
-2878,-0.702637,-2482,14,13,30,0
-2877,-0.702393,-2481,13,12,28,0
-2876,-0.702148,-2481,16,14,33,0
-2875,-0.701904,-2480,12,13,28,0
-2874,-0.701660,-2480,12,14,29,0
-2873,-0.701416,-2479,13,14,30,0
-2872,-0.701172,-2478,14,13,30,0
-2871,-0.700928,-2478,12,14,29,0
-2870,-0.700684,-2477,14,12,29,0
-2869,-0.700439,-2476,12,13,31,0
-2868,-0.700195,-2476,12,14,29,0
-2867,-0.699951,-2475,13,12,28,0
-2866,-0.699707,-2475,16,14,33,0
-2865,-0.699463,-2474,13,14,30,0
-2864,-0.699219,-2473,14,12,29,0
-2863,-0.698975,-2473,16,14,33,0
-2862,-0.698730,-2472,13,13,29,0
-2861,-0.698486,-2471,13,12,28,0
-2860,-0.698242,-2471,13,14,30,0
-2859,-0.697998,-2470,12,13,28,0
-2858,-0.697754,-2470,16,14,33,0
-2857,-0.697510,-2469,13,14,30,0
-2856,-0.697266,-2468,14,13,30,0
-2855,-0.697021,-2468,12,14,29,0
-2854,-0.696777,-2467,14,12,29,0
-2853,-0.696533,-2466,13,13,29,0
-2852,-0.696289,-2466,16,14,33,0
-2851,-0.696045,-2465,12,12,27,0
-2850,-0.695801,-2464,14,13,30,0
-2849,-0.695557,-2464,13,14,30,0
-2848,-0.695312,-2463,14,12,29,0
-2847,-0.695068,-2463,16,14,33,0
-2846,-0.694824,-2462,13,13,29,0
-2845,-0.694580,-2461,13,12,28,0
-2844,-0.694336,-2460,15,13,31,0
-2843,-0.694092,-2460,12,14,29,0
-2842,-0.693848,-2459,14,12,29,0
-2841,-0.693604,-2459,16,14,33,0
-2840,-0.693359,-2458,12,14,29,0
-2839,-0.693115,-2457,13,12,28,0
-2838,-0.692871,-2457,16,14,33,0
-2837,-0.692627,-2456,13,14,30,0
-2836,-0.692383,-2455,14,12,29,0
-2835,-0.692139,-2455,12,14,29,0
-2834,-0.691895,-2454,14,13,30,0
-2833,-0.691650,-2453,12,12,27,0
-2832,-0.691406,-2453,12,14,29,0
-2831,-0.691162,-2452,13,13,32,0
-2830,-0.690918,-2452,16,14,33,0
-2829,-0.690674,-2451,13,14,30,0
-2828,-0.690430,-2450,14,13,30,0
-2827,-0.690186,-2450,16,14,33,0
-2826,-0.689941,-2449,13,12,28,0
-2825,-0.689697,-2448,12,13,31,0
-2824,-0.689453,-2448,12,14,29,0
-2823,-0.689209,-2447,13,12,28,0
-2822,-0.688965,-2447,17,14,34,0
-2821,-0.688721,-2446,13,14,30,0
-2820,-0.688477,-2445,14,12,29,0
-2819,-0.688232,-2445,16,14,33,0
-2818,-0.687988,-2444,13,13,29,0
-2817,-0.687744,-2443,13,12,28,0
-2816,-0.687500,-2443,16,14,33,0
-2815,-0.687256,-2442,12,13,28,0
-2814,-0.687012,-2441,15,12,30,0
-2813,-0.686768,-2440,12,13,31,0
-2812,-0.686523,-2440,12,14,29,0
-2811,-0.686279,-2439,13,12,28,0
-2810,-0.686035,-2438,15,13,31,0
-2809,-0.685791,-2438,13,14,30,0
-2808,-0.685547,-2437,14,12,29,0
-2807,-0.685303,-2437,17,14,34,0
-2806,-0.685059,-2436,13,13,29,0
-2805,-0.684814,-2435,13,12,28,0
-2804,-0.684570,-2435,16,14,33,0
-2803,-0.684326,-2434,12,13,28,0
-2802,-0.684082,-2433,14,12,29,0
-2801,-0.683838,-2433,13,14,30,0
-2800,-0.683594,-2432,14,13,30,0
-2799,-0.683350,-2432,12,14,29,0
-2798,-0.683105,-2431,14,12,29,0
-2797,-0.682861,-2430,15,13,31,0
-2796,-0.682617,-2430,12,14,29,0
-2795,-0.682373,-2429,13,12,28,0
-2794,-0.682129,-2429,16,14,33,0
-2793,-0.681885,-2428,13,14,30,0
-2792,-0.681641,-2427,14,12,29,0
-2791,-0.681396,-2427,16,14,33,0
-2790,-0.681152,-2426,13,14,30,0
-2789,-0.680908,-2425,13,12,28,0
-2788,-0.680664,-2424,18,13,34,0
-2787,-0.680420,-2424,12,14,29,0
-2786,-0.680176,-2423,15,12,30,0
-2785,-0.679932,-2423,13,14,30,0
-2784,-0.679688,-2422,14,13,30,0
-2783,-0.679443,-2422,16,14,33,0
-2782,-0.679199,-2421,13,14,30,0
-2781,-0.678955,-2420,14,14,31,0
-2780,-0.678711,-2419,12,12,27,0
-2779,-0.678467,-2419,15,14,32,0
-2778,-0.678223,-2418,13,14,30,0
-2777,-0.677979,-2417,13,12,28,0
-2776,-0.677734,-2417,13,14,30,0
-2775,-0.677490,-2416,12,13,28,0
-2774,-0.677246,-2416,15,14,32,0
-2773,-0.677002,-2415,14,14,31,0
-2772,-0.676758,-2414,12,13,31,0
-2771,-0.676514,-2414,15,14,32,0
-2770,-0.676270,-2413,13,14,30,0
-2769,-0.676025,-2412,16,13,32,0
-2768,-0.675781,-2412,13,14,30,0
-2767,-0.675537,-2411,12,14,29,0
-2766,-0.675293,-2410,16,13,32,0
-2765,-0.675049,-2409,16,12,31,0
-2764,-0.674805,-2409,13,14,30,0
-2763,-0.674561,-2408,12,13,28,0
-2762,-0.674316,-2408,12,14,29,0
-2761,-0.674072,-2407,13,14,30,0
-2760,-0.673828,-2406,16,13,32,0
-2759,-0.673584,-2406,14,14,31,0
-2758,-0.673340,-2405,13,12,28,0
-2757,-0.673096,-2404,13,13,32,0
-2756,-0.672852,-2404,13,14,30,0
-2755,-0.672607,-2403,12,12,27,0
-2754,-0.672363,-2402,16,13,32,0
-2753,-0.672119,-2402,14,14,31,0
-2752,-0.671875,-2401,12,12,27,0
-2751,-0.671631,-2400,16,13,32,0
-2750,-0.671387,-2400,13,14,30,0
-2749,-0.671143,-2399,13,12,28,0
-2748,-0.670898,-2398,16,13,32,0
-2747,-0.670654,-2398,14,14,31,0
-2746,-0.670410,-2397,13,12,28,0
-2745,-0.670166,-2396,18,13,34,0
-2744,-0.669922,-2396,13,14,30,0
-2743,-0.669678,-2395,12,12,27,0
-2742,-0.669434,-2395,12,14,29,0
-2741,-0.669189,-2394,14,14,31,0
-2740,-0.668945,-2393,12,12,27,0
-2739,-0.668701,-2393,15,14,32,0
-2738,-0.668457,-2392,13,14,30,0
-2737,-0.668213,-2391,16,12,31,0
-2736,-0.667969,-2391,13,14,30,0
-2735,-0.667725,-2390,12,13,28,0
-2734,-0.667480,-2389,18,12,33,0
-2733,-0.667236,-2389,14,14,31,0
-2732,-0.666992,-2388,12,14,29,0
-2731,-0.666748,-2387,16,12,31,0
-2730,-0.666504,-2387,13,14,30,0
-2729,-0.666260,-2386,13,13,32,0
-2728,-0.666016,-2385,16,12,31,0
-2727,-0.665771,-2385,14,14,31,0
-2726,-0.665527,-2384,13,13,29,0
-2725,-0.665283,-2383,16,12,31,0
-2724,-0.665039,-2383,13,14,30,0
-2723,-0.664795,-2382,12,13,28,0
-2722,-0.664551,-2381,17,12,32,0
-2721,-0.664307,-2381,14,14,31,0
-2720,-0.664062,-2380,12,13,31,0
-2719,-0.663818,-2380,15,14,32,0
-2718,-0.663574,-2379,13,14,30,0
-2717,-0.663330,-2378,14,14,31,0
-2716,-0.663086,-2377,12,12,27,0
-2715,-0.662842,-2377,14,14,31,0
-2714,-0.662598,-2376,13,13,29,0
-2713,-0.662354,-2375,16,12,31,0
-2712,-0.662109,-2375,13,14,30,0
-2711,-0.661865,-2374,12,13,28,0
-2710,-0.661621,-2373,17,12,32,0
-2709,-0.661377,-2373,14,14,31,0
-2708,-0.661133,-2372,12,14,29,0
-2707,-0.660889,-2371,16,12,31,0
-2706,-0.660645,-2371,15,14,32,0
-2705,-0.660400,-2370,14,14,31,0
-2704,-0.660156,-2369,12,12,27,0
-2703,-0.659912,-2369,15,14,32,0
-2702,-0.659668,-2368,13,13,29,0
-2701,-0.659424,-2368,15,14,32,0
-2700,-0.659180,-2367,13,14,30,0
-2699,-0.658936,-2366,12,13,28,0
-2698,-0.658691,-2366,15,14,32,0
-2697,-0.658447,-2365,13,14,30,0
-2696,-0.658203,-2364,16,13,32,0
-2695,-0.657959,-2364,14,14,31,0
-2694,-0.657715,-2363,13,12,28,0
-2693,-0.657471,-2362,16,13,32,0
-2692,-0.657227,-2362,15,14,32,0
-2691,-0.656982,-2361,12,14,29,0
-2690,-0.656738,-2360,16,13,32,0
-2689,-0.656494,-2360,14,14,31,0
-2688,-0.656250,-2359,12,14,29,0
-2687,-0.656006,-2358,16,13,32,0
-2686,-0.655762,-2358,13,14,30,0
-2685,-0.655518,-2357,14,14,31,0
-2684,-0.655273,-2356,12,14,29,0
-2683,-0.655029,-2355,16,12,31,0
-2682,-0.654785,-2355,13,14,30,0
-2681,-0.654541,-2354,13,13,32,0
-2680,-0.654297,-2353,16,12,31,0
-2679,-0.654053,-2353,14,14,31,0
-2678,-0.653809,-2352,13,13,29,0
-2677,-0.653564,-2351,18,12,33,0
-2676,-0.653320,-2351,13,14,30,0
-2675,-0.653076,-2350,12,13,28,0
-2674,-0.652832,-2350,15,14,32,0
-2673,-0.652588,-2349,14,14,31,0
-2672,-0.652344,-2348,12,13,31,0
-2671,-0.652100,-2348,14,14,31,0
-2670,-0.651855,-2347,13,14,30,0
-2669,-0.651611,-2346,13,13,32,0
-2668,-0.651367,-2345,17,12,32,0
-2667,-0.651123,-2345,14,14,31,0
-2666,-0.650879,-2344,13,13,29,0
-2665,-0.650635,-2343,16,12,31,0
-2664,-0.650391,-2343,13,14,30,0
-2663,-0.650146,-2342,12,13,28,0
-2662,-0.649902,-2342,18,14,35,0
-2661,-0.649658,-2341,14,14,31,0
-2660,-0.649414,-2340,12,13,31,0
-2659,-0.649170,-2339,16,12,31,0
-2658,-0.648926,-2339,13,14,30,0
-2657,-0.648682,-2338,13,13,32,0
-2656,-0.648438,-2337,16,12,31,0
-2655,-0.648193,-2337,14,14,31,0
-2654,-0.647949,-2336,13,13,29,0
-2653,-0.647705,-2335,13,12,28,0
-2652,-0.647461,-2334,16,13,32,0
-2651,-0.647217,-2334,14,14,31,0
-2650,-0.646973,-2333,13,12,28,0
-2649,-0.646729,-2332,16,13,32,0
-2648,-0.646484,-2332,13,14,30,0
-2647,-0.646240,-2331,12,12,27,0
-2646,-0.645996,-2330,16,13,32,0
-2645,-0.645752,-2330,14,14,31,0
-2644,-0.645508,-2329,12,14,29,0
-2643,-0.645264,-2328,16,13,32,0
-2642,-0.645020,-2328,13,14,30,0
-2641,-0.644775,-2327,13,14,30,0
-2640,-0.644531,-2326,16,13,32,0
-2639,-0.644287,-2326,14,14,31,0
-2638,-0.644043,-2325,13,12,28,0
-2637,-0.643799,-2324,16,13,32,0
-2636,-0.643555,-2324,13,14,30,0
-2635,-0.643311,-2323,14,14,31,0
-2634,-0.643066,-2322,13,13,29,0
-2633,-0.642822,-2322,14,14,31,0
-2632,-0.642578,-2321,12,14,29,0
-2631,-0.642334,-2320,16,13,32,0
-2630,-0.642090,-2320,13,14,30,0
-2629,-0.641846,-2319,14,14,31,0
-2628,-0.641602,-2318,12,13,31,0
-2627,-0.641357,-2318,14,14,31,0
-2626,-0.641113,-2317,13,14,30,0
-2625,-0.640869,-2316,16,13,32,0
-2624,-0.640625,-2316,13,14,30,0
-2623,-0.640381,-2315,14,14,31,0
-2622,-0.640137,-2314,13,13,29,0
-2621,-0.639893,-2313,16,12,31,0
-2620,-0.639648,-2313,13,14,30,0
-2619,-0.639404,-2312,12,13,28,0
-2618,-0.639160,-2311,17,12,32,0
-2617,-0.638916,-2311,14,14,31,0
-2616,-0.638672,-2310,12,13,31,0
-2615,-0.638428,-2309,16,12,31,0
-2614,-0.638184,-2309,13,14,30,0
-2613,-0.637939,-2308,13,13,32,0
-2612,-0.637695,-2307,16,12,31,0
-2611,-0.637451,-2307,14,14,31,0
-2610,-0.637207,-2306,13,13,29,0
-2609,-0.636963,-2305,16,12,31,0
-2608,-0.636719,-2305,13,14,30,0
-2607,-0.636475,-2304,12,13,28,0
-2606,-0.636230,-2304,15,14,32,0
-2605,-0.635986,-2303,14,14,31,0
-2604,-0.635742,-2302,12,13,31,0
-2603,-0.635498,-2302,18,14,35,0
-2602,-0.635254,-2301,13,14,30,0
-2601,-0.635010,-2300,13,13,32,0
-2600,-0.634766,-2299,17,12,32,0
-2599,-0.634521,-2299,14,14,31,0
-2598,-0.634277,-2298,13,14,30,0
-2597,-0.634033,-2297,13,12,28,0
-2596,-0.633789,-2297,15,14,32,0
-2595,-0.633545,-2296,12,14,29,0
-2594,-0.633301,-2296,12,14,29,0
-2593,-0.633057,-2295,14,14,31,0
-2592,-0.632812,-2294,12,13,31,0
-2591,-0.632568,-2293,13,12,28,0
-2590,-0.632324,-2293,13,14,30,0
-2589,-0.632080,-2292,15,14,32,0
-2588,-0.631836,-2291,13,12,28,0
-2587,-0.631592,-2290,12,13,28,0
-2586,-0.631348,-2290,15,14,32,0
-2585,-0.631104,-2289,14,14,31,0
-2584,-0.630859,-2288,12,13,31,0
-2583,-0.630615,-2288,14,14,31,0
-2582,-0.630371,-2287,13,12,28,0
-2581,-0.630127,-2286,13,13,32,0
-2580,-0.629883,-2286,13,14,30,0
-2579,-0.629639,-2285,14,14,31,0
-2578,-0.629395,-2284,13,13,29,0
-2577,-0.629150,-2284,15,14,32,0
-2576,-0.628906,-2283,13,12,28,0
-2575,-0.628662,-2282,12,13,28,0
-2574,-0.628418,-2282,12,14,29,0
-2573,-0.628174,-2281,18,14,35,0
-2572,-0.627930,-2280,12,13,31,0
-2571,-0.627686,-2280,18,14,35,0
-2570,-0.627441,-2279,13,14,30,0
-2569,-0.627197,-2278,13,14,30,0
-2568,-0.626953,-2277,16,12,31,0
-2567,-0.626709,-2277,15,14,32,0
-2566,-0.626465,-2276,13,13,29,0
-2565,-0.626221,-2275,13,12,28,0
-2564,-0.625977,-2275,15,14,32,0
-2563,-0.625732,-2274,14,14,31,0
-2562,-0.625488,-2273,13,12,28,0
-2561,-0.625244,-2272,16,13,32,0
-2560,-0.625000,-2272,12,13,31,0
-2559,-0.624756,-2272,18,14,35,0
-2558,-0.624512,-2271,13,12,28,0
-2557,-0.624268,-2270,15,14,32,0
-2556,-0.624023,-2269,13,12,28,0
-2555,-0.623779,-2268,12,13,28,0
-2554,-0.623535,-2268,12,14,29,0
-2553,-0.623291,-2267,14,14,31,0
-2552,-0.623047,-2266,12,13,31,0
-2551,-0.622803,-2266,14,14,31,0
-2550,-0.622559,-2265,13,12,28,0
-2549,-0.622314,-2264,13,13,32,0
-2548,-0.622070,-2264,13,14,30,0
-2547,-0.621826,-2263,14,12,29,0
-2546,-0.621582,-2262,13,13,29,0
-2545,-0.621338,-2262,15,14,32,0
-2544,-0.621094,-2261,13,14,30,0
-2543,-0.620850,-2260,12,13,28,0
-2542,-0.620605,-2260,12,14,29,0
-2541,-0.620361,-2258,17,13,33,0
-2540,-0.620117,-2258,13,13,29,0
-2539,-0.619873,-2257,12,12,27,0
-2538,-0.619629,-2257,15,14,32,0
-2537,-0.619385,-2256,13,14,30,0
-2536,-0.619141,-2256,15,14,32,0
-2535,-0.618896,-2255,15,14,32,0
-2534,-0.618652,-2254,13,13,29,0
-2533,-0.618408,-2253,13,12,28,0
-2532,-0.618164,-2252,16,13,32,0
-2531,-0.617920,-2252,14,14,31,0
-2530,-0.617676,-2251,13,12,28,0
-2529,-0.617432,-2250,13,13,32,0
-2528,-0.617188,-2250,13,14,30,0
-2527,-0.616943,-2249,14,12,29,0
-2526,-0.616699,-2248,13,13,29,0
-2525,-0.616455,-2247,17,14,34,0
-2524,-0.616211,-2246,13,13,32,0
-2523,-0.615967,-2245,15,12,30,0
-2522,-0.615723,-2245,12,14,29,0
-2521,-0.615479,-2244,14,13,30,0
-2520,-0.615234,-2243,15,12,30,0
-2519,-0.614990,-2243,12,14,29,0
-2518,-0.614746,-2242,13,13,32,0
-2517,-0.614502,-2242,16,14,33,0
-2516,-0.614258,-2240,12,13,31,0
-2515,-0.614014,-2240,12,13,31,0
-2514,-0.613770,-2239,15,12,30,0
-2513,-0.613525,-2239,13,14,30,0
-2512,-0.613281,-2238,13,14,30,0
-2511,-0.613037,-2237,15,12,30,0
-2510,-0.612793,-2237,16,14,33,0
-2509,-0.612549,-2236,13,13,29,0
-2508,-0.612305,-2235,13,12,28,0
-2507,-0.612061,-2234,15,13,31,0
-2506,-0.611816,-2234,12,14,29,0
-2505,-0.611572,-2233,14,12,29,0
-2504,-0.611328,-2232,12,13,31,0
-2503,-0.611084,-2232,12,14,29,0
-2502,-0.610840,-2231,13,12,28,0
-2501,-0.610596,-2231,16,14,33,0
-2500,-0.610352,-2229,17,12,32,0
-2499,-0.610107,-2229,12,14,29,0
-2498,-0.609863,-2228,13,13,29,0
-2497,-0.609619,-2228,13,14,30,0
-2496,-0.609375,-2227,13,14,30,0
-2495,-0.609131,-2226,14,13,30,0
-2494,-0.608887,-2225,15,12,30,0
-2493,-0.608643,-2225,13,14,30,0
-2492,-0.608398,-2224,13,14,30,0
-2491,-0.608154,-2223,14,12,29,0
-2490,-0.607910,-2222,15,13,31,0
-2489,-0.607666,-2222,13,14,30,0
-2488,-0.607422,-2221,13,14,30,0
-2487,-0.607178,-2220,15,13,31,0
-2486,-0.606934,-2220,12,14,29,0
-2485,-0.606689,-2219,14,12,29,0
-2484,-0.606445,-2218,13,13,32,0
-2483,-0.606201,-2218,18,14,35,0
-2482,-0.605957,-2217,12,14,29,0
-2481,-0.605713,-2216,14,13,30,0
-2480,-0.605469,-2216,17,14,34,0
-2479,-0.605225,-2215,12,14,29,0
-2478,-0.604980,-2214,13,13,32,0
-2477,-0.604736,-2214,18,14,35,0
-2476,-0.604492,-2212,15,13,31,0
-2475,-0.604248,-2212,12,14,29,0
-2474,-0.604004,-2211,13,12,28,0
-2473,-0.603760,-2211,13,14,30,0
-2472,-0.603516,-2210,13,14,30,0
-2471,-0.603271,-2209,14,12,29,0
-2470,-0.603027,-2208,13,13,29,0
-2469,-0.602783,-2208,13,13,29,0
-2468,-0.602539,-2207,13,12,28,0
-2467,-0.602295,-2207,13,14,30,0
-2466,-0.602051,-2206,12,14,29,0
-2465,-0.601807,-2205,14,12,29,0
-2464,-0.601562,-2204,12,13,31,0
-2463,-0.601318,-2204,12,14,29,0
-2462,-0.601074,-2203,13,12,28,0
-2461,-0.600830,-2202,15,13,31,0
-2460,-0.600586,-2201,13,12,28,0
-2459,-0.600342,-2201,16,14,33,0
-2458,-0.600098,-2200,12,14,29,0
-2457,-0.599854,-2199,15,12,30,0
-2456,-0.599609,-2198,12,13,31,0
-2455,-0.599365,-2198,12,14,29,0
-2454,-0.599121,-2197,13,14,30,0
-2453,-0.598877,-2196,15,13,31,0
-2452,-0.598633,-2196,16,14,33,0
-2451,-0.598389,-2195,12,14,29,0
-2450,-0.598145,-2194,13,13,29,0
-2449,-0.597900,-2194,13,14,30,0
-2448,-0.597656,-2193,16,14,33,0
-2447,-0.597412,-2192,12,13,31,0
-2446,-0.597168,-2192,17,14,34,0
-2445,-0.596924,-2191,13,14,30,0
-2444,-0.596680,-2190,13,14,30,0
-2443,-0.596436,-2189,14,12,29,0
-2442,-0.596191,-2188,15,13,31,0
-2441,-0.595947,-2188,13,14,30,0
-2440,-0.595703,-2187,13,12,28,0
-2439,-0.595459,-2186,15,13,31,0
-2438,-0.595215,-2186,12,14,29,0
-2437,-0.594971,-2185,14,12,29,0
-2436,-0.594727,-2184,13,13,32,0
-2435,-0.594482,-2184,13,14,30,0
-2434,-0.594238,-2183,12,14,29,0
-2433,-0.593994,-2182,14,13,30,0
-2432,-0.593750,-2181,15,12,30,0
-2431,-0.593506,-2181,12,14,29,0
-2430,-0.593262,-2180,13,13,32,0
-2429,-0.593018,-2180,16,14,33,0
-2428,-0.592773,-2178,13,13,29,0
-2427,-0.592529,-2178,13,14,30,0
-2426,-0.592285,-2177,12,14,29,0
-2425,-0.592041,-2176,14,13,30,0
-2424,-0.591797,-2176,13,14,30,0
-2423,-0.591553,-2175,14,12,29,0
-2422,-0.591309,-2174,13,13,29,0
-2421,-0.591064,-2174,13,14,30,0
-2420,-0.590820,-2173,13,14,30,0
-2419,-0.590576,-2172,14,13,30,0
-2418,-0.590332,-2172,18,14,35,0
-2417,-0.590088,-2171,13,14,30,0
-2416,-0.589844,-2170,13,13,32,0
-2415,-0.589600,-2169,15,12,30,0
-2414,-0.589355,-2169,12,14,29,0
-2413,-0.589111,-2168,14,13,30,0
-2412,-0.588867,-2167,13,12,28,0
-2411,-0.588623,-2167,16,14,33,0
-2410,-0.588379,-2166,12,14,29,0
-2409,-0.588135,-2165,14,12,29,0
-2408,-0.587891,-2164,12,13,31,0
-2407,-0.587646,-2164,12,14,29,0
-2406,-0.587402,-2163,13,12,28,0
-2405,-0.587158,-2162,14,13,30,0
-2404,-0.586914,-2161,15,12,30,0
-2403,-0.586670,-2161,12,14,29,0
-2402,-0.586426,-2160,13,13,32,0
-2401,-0.586182,-2160,16,14,33,0
-2400,-0.585938,-2159,17,14,34,0
-2399,-0.585693,-2158,12,14,29,0
-2398,-0.585449,-2157,13,12,28,0
-2397,-0.585205,-2157,16,14,33,0
-2396,-0.584961,-2155,13,12,28,0
-2395,-0.584717,-2155,13,14,30,0
-2394,-0.584473,-2154,12,13,28,0
-2393,-0.584229,-2153,14,12,29,0
-2392,-0.583984,-2152,12,13,31,0
-2391,-0.583740,-2152,12,14,29,0
-2390,-0.583496,-2151,13,12,28,0
-2389,-0.583252,-2150,15,13,31,0
-2388,-0.583008,-2150,18,14,35,0
-2387,-0.582764,-2149,12,14,29,0
-2386,-0.582520,-2148,13,13,29,0
-2385,-0.582275,-2148,13,14,30,0
-2384,-0.582031,-2147,13,14,30,0
-2383,-0.581787,-2146,14,13,30,0
-2382,-0.581543,-2145,15,12,30,0
-2381,-0.581299,-2145,13,14,30,0
-2380,-0.581055,-2144,13,14,30,0
-2379,-0.580811,-2143,14,12,29,0
-2378,-0.580566,-2142,15,13,31,0
-2377,-0.580322,-2142,13,14,30,0
-2376,-0.580078,-2141,13,14,30,0
-2375,-0.579834,-2140,14,13,30,0
-2374,-0.579590,-2140,16,14,33,0
-2373,-0.579346,-2139,13,12,28,0
-2372,-0.579102,-2138,13,14,30,0
-2371,-0.578857,-2137,15,12,30,0
-2370,-0.578613,-2137,18,14,35,0
-2369,-0.578369,-2136,13,13,29,0
-2368,-0.578125,-2135,13,12,28,0
-2367,-0.577881,-2135,13,14,30,0
-2366,-0.577637,-2134,12,14,29,0
-2365,-0.577393,-2133,14,12,29,0
-2364,-0.577148,-2132,13,13,32,0
-2363,-0.576904,-2132,16,14,33,0
-2362,-0.576660,-2131,16,14,33,0
-2361,-0.576416,-2130,13,13,29,0
-2360,-0.576172,-2129,13,12,28,0
-2359,-0.575928,-2129,16,14,33,0
-2358,-0.575684,-2128,12,14,29,0
-2357,-0.575439,-2127,15,12,30,0
-2356,-0.575195,-2126,13,13,29,0
-2355,-0.574951,-2126,13,14,30,0
-2354,-0.574707,-2125,12,14,29,0
-2353,-0.574463,-2124,14,13,30,0
-2352,-0.574219,-2123,15,12,30,0
-2351,-0.573975,-2123,12,14,29,0
-2350,-0.573730,-2122,13,13,32,0
-2349,-0.573486,-2122,16,14,33,0
-2348,-0.573242,-2120,12,13,31,0
-2347,-0.572998,-2120,12,14,29,0
-2346,-0.572754,-2119,13,12,28,0
-2345,-0.572510,-2118,15,13,31,0
-2344,-0.572266,-2118,13,14,30,0
-2343,-0.572021,-2117,14,12,29,0
-2342,-0.571777,-2116,13,13,29,0
-2341,-0.571533,-2116,16,14,33,0
-2340,-0.571289,-2115,18,14,35,0
-2339,-0.571045,-2114,12,13,31,0
-2338,-0.570801,-2113,13,12,28,0
-2337,-0.570557,-2113,18,14,35,0
-2336,-0.570312,-2112,13,14,30,0
-2335,-0.570068,-2112,18,14,35,0
-2334,-0.569824,-2111,12,14,29,0
-2333,-0.569580,-2110,14,13,30,0
-2332,-0.569336,-2109,13,14,30,0
-2331,-0.569092,-2108,14,13,30,0
-2330,-0.568848,-2107,15,12,30,0
-2329,-0.568604,-2107,16,14,33,0
-2328,-0.568359,-2106,13,14,30,0
-2327,-0.568115,-2105,14,12,29,0
-2326,-0.567871,-2104,15,13,31,0
-2325,-0.567627,-2104,13,14,30,0
-2324,-0.567383,-2103,13,14,30,0
-2323,-0.567139,-2102,14,13,30,0
-2322,-0.566895,-2101,17,12,32,0
-2321,-0.566650,-2101,13,14,30,0
-2320,-0.566406,-2100,13,14,30,0
-2319,-0.566162,-2099,15,12,30,0
-2318,-0.565918,-2098,17,13,33,0
-2317,-0.565674,-2098,13,14,30,0
-2316,-0.565430,-2097,13,14,30,0
-2315,-0.565186,-2096,14,13,30,0
-2314,-0.564941,-2096,16,14,33,0
-2313,-0.564697,-2095,13,14,30,0
-2312,-0.564453,-2094,13,13,29,0
-2311,-0.564209,-2094,16,14,33,0
-2310,-0.563965,-2093,12,14,29,0
-2309,-0.563721,-2092,14,13,30,0
-2308,-0.563477,-2091,13,12,28,0
-2307,-0.563232,-2091,16,14,33,0
-2306,-0.562988,-2090,16,14,33,0
-2305,-0.562744,-2089,13,14,30,0
-2304,-0.562500,-2088,12,13,31,0
-2303,-0.562256,-2088,12,14,29,0
-2302,-0.562012,-2087,13,14,30,0
-2301,-0.561768,-2086,14,13,30,0
-2300,-0.561523,-2085,13,12,28,0
-2299,-0.561279,-2084,15,13,31,0
-2298,-0.561035,-2084,12,14,29,0
-2297,-0.560791,-2083,14,14,31,0
-2296,-0.560547,-2082,13,13,29,0
-2295,-0.560303,-2082,18,14,35,0
-2294,-0.560059,-2081,12,14,29,0
-2293,-0.559814,-2080,14,13,30,0
-2292,-0.559570,-2079,15,12,30,0
-2291,-0.559326,-2079,12,14,29,0
-2290,-0.559082,-2078,13,13,32,0
-2289,-0.558838,-2077,14,12,29,0
-2288,-0.558594,-2076,15,13,31,0
-2287,-0.558350,-2076,12,14,29,0
-2286,-0.558105,-2075,13,12,28,0
-2285,-0.557861,-2074,14,13,30,0
-2284,-0.557617,-2073,15,12,30,0
-2283,-0.557373,-2073,13,14,30,0
-2282,-0.557129,-2072,12,13,28,0
-2281,-0.556885,-2071,14,12,29,0
-2280,-0.556641,-2071,18,14,35,0
-2279,-0.556396,-2070,12,14,29,0
-2278,-0.556152,-2069,13,12,28,0
-2277,-0.555908,-2068,15,13,31,0
-2276,-0.555664,-2068,18,14,35,0
-2275,-0.555420,-2067,12,14,29,0
-2274,-0.555176,-2066,13,13,29,0
-2273,-0.554932,-2065,14,12,29,0
-2272,-0.554688,-2065,18,14,35,0
-2271,-0.554443,-2064,12,14,29,0
-2270,-0.554199,-2063,13,12,28,0
-2269,-0.553955,-2063,18,14,35,0
-2268,-0.553711,-2061,13,14,30,0
-2267,-0.553467,-2060,14,13,30,0
-2266,-0.553223,-2059,18,12,33,0
-2265,-0.552979,-2059,13,14,30,0
-2264,-0.552734,-2058,13,14,30,0
-2263,-0.552490,-2057,15,12,30,0
-2262,-0.552246,-2056,18,13,34,0
-2261,-0.552002,-2056,13,14,30,0
-2260,-0.551758,-2055,13,14,30,0
-2259,-0.551514,-2054,15,13,31,0
-2258,-0.551270,-2054,16,14,33,0
-2257,-0.551025,-2053,13,14,30,0
-2256,-0.550781,-2052,13,14,30,0
-2255,-0.550537,-2051,15,12,30,0
-2254,-0.550293,-2050,15,13,31,0
-2253,-0.550049,-2050,13,14,30,0
-2252,-0.549805,-2049,13,14,30,0
-2251,-0.549561,-2048,14,13,30,0
-2250,-0.549316,-2048,12,14,29,0
-2249,-0.549072,-2048,15,14,32,0
-2248,-0.548828,-2047,13,12,28,0
-2247,-0.548584,-2046,14,13,33,0
-2246,-0.548340,-2045,12,12,27,0
-2245,-0.548096,-2045,18,14,35,0
-2244,-0.547852,-2044,13,14,30,0
-2243,-0.547607,-2043,14,12,29,0
-2242,-0.547363,-2042,12,13,31,0
-2241,-0.547119,-2042,15,14,32,0
-2240,-0.546875,-2041,13,12,28,0
-2239,-0.546631,-2040,13,13,32,0
-2238,-0.546387,-2039,16,12,31,0
-2237,-0.546143,-2039,15,14,32,0
-2236,-0.545898,-2038,13,14,30,0
-2235,-0.545654,-2037,14,12,29,0
-2234,-0.545410,-2036,12,13,31,0
-2233,-0.545166,-2036,15,14,32,0
-2232,-0.544922,-2035,13,14,30,0
-2231,-0.544678,-2033,13,12,28,0
-2230,-0.544434,-2033,13,14,30,0
-2229,-0.544189,-2032,12,14,29,0
-2228,-0.543945,-2031,16,12,31,0
-2227,-0.543701,-2030,16,13,32,0
-2226,-0.543457,-2030,13,14,30,0
-2225,-0.543213,-2029,14,12,29,0
-2224,-0.542969,-2028,13,13,29,0
-2223,-0.542725,-2027,16,12,31,0
-2222,-0.542480,-2027,13,14,30,0
-2221,-0.542236,-2026,12,13,28,0
-2220,-0.541992,-2025,16,12,31,0
-2219,-0.541748,-2025,17,14,34,0
-2218,-0.541504,-2024,13,14,30,0
-2217,-0.541260,-2023,12,12,27,0
-2216,-0.541016,-2022,16,13,32,0
-2215,-0.540771,-2021,16,12,31,0
-2214,-0.540527,-2021,13,14,30,0
-2213,-0.540283,-2020,14,14,31,0
-2212,-0.540039,-2019,13,12,28,0
-2211,-0.539795,-2018,16,13,32,0
-2210,-0.539551,-2018,13,14,30,0
-2209,-0.539307,-2017,14,14,31,0
-2208,-0.539062,-2016,13,13,29,0
-2207,-0.538818,-2016,15,14,32,0
-2206,-0.538574,-2015,13,14,30,0
-2205,-0.538330,-2014,12,13,28,0
-2204,-0.538086,-2014,15,14,32,0
-2203,-0.537842,-2013,15,14,32,0
-2202,-0.537598,-2012,12,13,31,0
-2201,-0.537354,-2011,13,12,28,0
-2200,-0.537109,-2011,17,14,34,0
-2199,-0.536865,-2009,13,12,28,0
-2198,-0.536621,-2009,15,14,32,0
-2197,-0.536377,-2008,14,14,31,0
-2196,-0.536133,-2007,13,12,28,0
-2195,-0.535889,-2006,13,13,32,0
-2194,-0.535645,-2006,15,14,32,0
-2193,-0.535400,-2005,14,14,31,0
-2192,-0.535156,-2004,13,13,29,0
-2191,-0.534912,-2003,13,12,28,0
-2190,-0.534668,-2003,15,14,32,0
-2189,-0.534424,-2002,14,14,31,0
-2188,-0.534180,-2001,13,12,28,0
-2187,-0.533936,-2000,13,13,32,0
-2186,-0.533691,-2000,13,14,30,0
-2185,-0.533447,-1999,14,14,31,0
-2184,-0.533203,-1998,13,13,29,0
-2183,-0.532959,-1997,13,12,28,0
-2182,-0.532715,-1996,18,13,34,0
-2181,-0.532471,-1996,14,14,31,0
-2180,-0.532227,-1995,13,14,30,0
-2179,-0.531982,-1994,13,13,32,0
-2178,-0.531738,-1994,15,14,32,0
-2177,-0.531494,-1993,15,14,32,0
-2176,-0.531250,-1992,13,14,30,0
-2175,-0.531006,-1991,13,12,28,0
-2174,-0.530762,-1990,16,13,32,0
-2173,-0.530518,-1990,15,14,32,0
-2172,-0.530273,-1989,13,14,30,0
-2171,-0.530029,-1988,13,13,32,0
-2170,-0.529785,-1988,15,14,32,0
-2169,-0.529541,-1987,15,14,32,0
-2168,-0.529297,-1986,13,13,29,0
-2167,-0.529053,-1985,14,14,31,0
-2166,-0.528809,-1984,12,13,31,0
-2165,-0.528564,-1984,17,14,34,0
-2164,-0.528320,-1983,13,14,30,0
-2163,-0.528076,-1982,13,14,30,0
-2162,-0.527832,-1981,16,12,31,0
-2161,-0.527588,-1980,16,13,32,0
-2160,-0.527344,-1980,13,14,30,0
-2159,-0.527100,-1979,14,14,31,0
-2158,-0.526855,-1978,12,13,31,0
-2157,-0.526611,-1977,16,12,31,0
-2156,-0.526367,-1977,13,14,30,0
-2155,-0.526123,-1976,14,14,31,0
-2154,-0.525879,-1975,12,12,27,0
-2153,-0.525635,-1974,16,13,32,0
-2152,-0.525391,-1974,13,14,30,0
-2151,-0.525146,-1973,14,14,31,0
-2150,-0.524902,-1972,12,13,31,0
-2149,-0.524658,-1971,16,12,31,0
-2148,-0.524414,-1971,15,14,32,0
-2147,-0.524170,-1970,14,14,31,0
-2146,-0.523926,-1969,13,12,28,0
-2145,-0.523682,-1968,12,13,28,0
-2144,-0.523438,-1968,12,14,29,0
-2143,-0.523193,-1967,14,14,31,0
-2142,-0.522949,-1966,13,13,29,0
-2141,-0.522705,-1965,12,12,27,0
-2140,-0.522461,-1965,15,14,32,0
-2139,-0.522217,-1964,14,14,31,0
-2138,-0.521973,-1963,13,12,28,0
-2137,-0.521729,-1962,12,13,28,0
-2136,-0.521484,-1962,15,14,32,0
-2135,-0.521240,-1960,16,13,32,0
-2134,-0.520996,-1960,13,14,30,0
-2133,-0.520752,-1959,14,14,31,0
-2132,-0.520508,-1958,13,13,29,0
-2131,-0.520264,-1957,16,12,31,0
-2130,-0.520020,-1957,15,14,32,0
-2129,-0.519775,-1956,14,14,31,0
-2128,-0.519531,-1955,13,12,28,0
-2127,-0.519287,-1954,13,13,32,0
-2126,-0.519043,-1954,15,14,32,0
-2125,-0.518799,-1953,14,14,31,0
-2124,-0.518555,-1952,13,13,29,0
-2123,-0.518311,-1951,13,12,28,0
-2122,-0.518066,-1951,15,14,32,0
-2121,-0.517822,-1950,14,14,31,0
-2120,-0.517578,-1949,13,12,28,0
-2119,-0.517334,-1948,13,13,32,0
-2118,-0.517090,-1948,15,14,32,0
-2117,-0.516846,-1947,15,14,32,0
-2116,-0.516602,-1946,13,13,29,0
-2115,-0.516357,-1945,14,12,29,0
-2114,-0.516113,-1944,12,13,31,0
-2113,-0.515869,-1944,15,14,32,0
-2112,-0.515625,-1943,13,14,30,0
-2111,-0.515381,-1942,14,13,33,0
-2110,-0.515137,-1941,12,12,27,0
-2109,-0.514893,-1941,15,14,32,0
-2108,-0.514648,-1940,13,14,30,0
-2107,-0.514404,-1939,14,12,29,0
-2106,-0.514160,-1938,12,13,31,0
-2105,-0.513916,-1938,15,14,32,0
-2104,-0.513672,-1937,13,14,30,0
-2103,-0.513428,-1936,15,14,32,0
-2102,-0.513184,-1935,13,14,30,0
-2101,-0.512939,-1934,12,13,28,0
-2100,-0.512695,-1933,16,12,31,0
-2099,-0.512451,-1932,16,13,32,0
-2098,-0.512207,-1932,13,14,30,0
-2097,-0.511963,-1931,14,14,31,0
-2096,-0.511719,-1930,13,13,29,0
-2095,-0.511475,-1929,16,12,31,0
-2094,-0.511230,-1929,15,14,32,0
-2093,-0.510986,-1928,14,14,31,0
-2092,-0.510742,-1927,13,12,28,0
-2091,-0.510498,-1926,16,13,32,0
-2090,-0.510254,-1926,15,14,32,0
-2089,-0.510010,-1925,14,14,31,0
-2088,-0.509766,-1924,13,13,29,0
-2087,-0.509521,-1923,13,12,28,0
-2086,-0.509277,-1922,16,13,32,0
-2085,-0.509033,-1922,15,14,32,0
-2084,-0.508789,-1921,13,14,30,0
-2083,-0.508545,-1920,13,14,30,0
-2082,-0.508301,-1920,15,14,32,0
-2081,-0.508057,-1919,14,14,31,0
-2080,-0.507812,-1918,13,13,29,0
-2079,-0.507568,-1917,14,12,29,0
-2078,-0.507324,-1916,12,13,31,0
-2077,-0.507080,-1916,14,14,31,0
-2076,-0.506836,-1915,13,12,28,0
-2075,-0.506592,-1914,13,13,32,0
-2074,-0.506348,-1913,16,12,31,0
-2073,-0.506104,-1913,15,14,32,0
-2072,-0.505859,-1912,13,14,30,0
-2071,-0.505615,-1911,14,14,31,0
-2070,-0.505371,-1910,13,14,30,0
-2069,-0.505127,-1909,12,12,27,0
-2068,-0.504883,-1909,17,14,34,0
-2067,-0.504639,-1908,15,14,32,0
-2066,-0.504395,-1907,13,14,30,0
-2065,-0.504150,-1906,14,13,33,0
-2064,-0.503906,-1905,13,12,28,0
-2063,-0.503662,-1904,13,13,32,0
-2062,-0.503418,-1904,13,14,30,0
-2061,-0.503174,-1903,12,12,27,0
-2060,-0.502930,-1902,16,13,32,0
-2059,-0.502686,-1902,15,14,32,0
-2058,-0.502441,-1901,13,14,30,0
-2057,-0.502197,-1900,12,13,28,0
-2056,-0.501953,-1899,16,12,31,0
-2055,-0.501709,-1898,13,13,32,0
-2054,-0.501465,-1897,16,12,31,0
-2053,-0.501221,-1897,15,14,32,0
-2052,-0.500977,-1896,13,13,29,0
-2051,-0.500732,-1895,13,12,28,0
-2050,-0.500488,-1895,15,14,32,0
-2049,-0.500244,-1894,15,14,32,0
-2048,-0.500000,-1893,13,14,30,0
-2047,-0.499756,-1892,14,14,31,0
-2046,-0.499512,-1891,12,12,27,0
-2045,-0.499268,-1891,15,14,32,0
-2044,-0.499023,-1890,13,14,30,0
-2043,-0.498779,-1889,14,14,31,0
-2042,-0.498535,-1888,12,13,31,0
-2041,-0.498291,-1888,14,14,31,0
-2040,-0.498047,-1887,13,12,28,0
-2039,-0.497803,-1886,15,14,32,0
-2038,-0.497559,-1885,13,14,30,0
-2037,-0.497314,-1884,14,13,33,0
-2036,-0.497070,-1883,13,12,28,0
-2035,-0.496826,-1882,16,13,32,0
-2034,-0.496582,-1882,15,14,32,0
-2033,-0.496338,-1881,14,14,31,0
-2032,-0.496094,-1880,13,13,29,0
-2031,-0.495850,-1879,16,12,31,0
-2030,-0.495605,-1879,15,14,32,0
-2029,-0.495361,-1878,14,14,31,0
-2028,-0.495117,-1877,13,12,28,0
-2027,-0.494873,-1876,13,13,32,0
-2026,-0.494629,-1876,15,14,32,0
-2025,-0.494385,-1875,15,14,32,0
-2024,-0.494141,-1874,13,13,29,0
-2023,-0.493896,-1873,15,14,32,0
-2022,-0.493652,-1872,12,13,31,0
-2021,-0.493408,-1872,15,14,32,0
-2020,-0.493164,-1871,13,14,30,0
-2019,-0.492920,-1870,14,14,31,0
-2018,-0.492676,-1869,12,12,27,0
-2017,-0.492432,-1868,16,13,32,0
-2016,-0.492188,-1868,15,14,32,0
-2015,-0.491943,-1867,15,14,32,0
-2014,-0.491699,-1866,13,14,30,0
-2013,-0.491455,-1865,12,12,27,0
-2012,-0.491211,-1864,16,13,32,0
-2011,-0.490967,-1864,15,14,32,0
-2010,-0.490723,-1863,13,12,28,0
-2009,-0.490479,-1862,12,13,28,0
-2008,-0.490234,-1861,16,12,31,0
-2007,-0.489990,-1860,13,13,32,0
-2006,-0.489746,-1859,16,12,31,0
-2005,-0.489502,-1859,15,14,32,0
-2004,-0.489258,-1858,13,14,30,0
-2003,-0.489014,-1857,14,12,29,0
-2002,-0.488770,-1856,12,13,31,0
-2001,-0.488525,-1856,14,14,31,0
-2000,-0.488281,-1855,13,12,28,0
-1999,-0.488037,-1854,13,13,32,0
-1998,-0.487793,-1853,16,12,31,0
-1997,-0.487549,-1853,15,14,32,0
-1996,-0.487305,-1852,13,14,30,0
-1995,-0.487061,-1851,14,12,29,0
-1994,-0.486816,-1850,12,13,31,0
-1993,-0.486572,-1850,15,14,32,0
-1992,-0.486328,-1849,13,14,30,0
-1991,-0.486084,-1848,14,14,31,0
-1990,-0.485840,-1847,13,12,28,0
-1989,-0.485596,-1846,12,13,28,0
-1988,-0.485352,-1846,15,14,32,0
-1987,-0.485107,-1845,15,14,32,0
-1986,-0.484863,-1844,13,14,30,0
-1985,-0.484619,-1843,12,12,27,0
-1984,-0.484375,-1843,17,14,34,0
-1983,-0.484131,-1841,13,12,28,0
-1982,-0.483887,-1841,15,14,32,0
-1981,-0.483643,-1840,14,14,31,0
-1980,-0.483398,-1839,13,12,28,0
-1979,-0.483154,-1838,16,13,32,0
-1978,-0.482910,-1838,15,14,32,0
-1977,-0.482666,-1837,14,14,31,0
-1976,-0.482422,-1836,13,13,29,0
-1975,-0.482178,-1836,13,14,30,0
-1974,-0.481934,-1833,15,12,30,0
-1973,-0.481689,-1833,12,14,29,0
-1972,-0.481445,-1832,13,13,32,0
-1971,-0.481201,-1831,15,12,30,0
-1970,-0.480957,-1830,18,13,34,0
-1969,-0.480713,-1830,12,14,29,0
-1968,-0.480469,-1829,13,14,30,0
-1967,-0.480225,-1828,14,13,30,0
-1966,-0.479980,-1827,13,12,28,0
-1965,-0.479736,-1826,15,13,31,0
-1964,-0.479492,-1826,16,14,33,0
-1963,-0.479248,-1825,13,14,30,0
-1962,-0.479004,-1824,13,13,32,0
-1961,-0.478760,-1823,18,12,33,0
-1960,-0.478516,-1823,12,14,29,0
-1959,-0.478271,-1822,14,14,31,0
-1958,-0.478027,-1821,13,14,30,0
-1957,-0.477783,-1820,14,14,31,0
-1956,-0.477539,-1819,13,12,28,0
-1955,-0.477295,-1818,18,13,34,0
-1954,-0.477051,-1818,16,14,33,0
-1953,-0.476807,-1817,12,14,29,0
-1952,-0.476562,-1816,13,13,29,0
-1951,-0.476318,-1816,16,14,33,0
-1950,-0.476074,-1814,15,13,31,0
-1949,-0.475830,-1814,16,14,33,0
-1948,-0.475586,-1813,12,14,29,0
-1947,-0.475342,-1812,14,13,30,0
-1946,-0.475098,-1811,13,12,28,0
-1945,-0.474854,-1811,16,14,33,0
-1944,-0.474609,-1810,12,14,29,0
-1943,-0.474365,-1809,14,14,31,0
-1942,-0.474121,-1808,13,14,30,0
-1941,-0.473877,-1807,14,12,29,0
-1940,-0.473633,-1806,18,13,34,0
-1939,-0.473389,-1806,13,14,30,0
-1938,-0.473145,-1805,13,14,30,0
-1937,-0.472900,-1804,14,13,30,0
-1936,-0.472656,-1803,15,12,30,0
-1935,-0.472412,-1803,16,14,33,0
-1934,-0.472168,-1801,15,12,30,0
-1933,-0.471924,-1801,12,14,29,0
-1932,-0.471680,-1800,13,13,32,0
-1931,-0.471436,-1799,15,12,30,0
-1930,-0.471191,-1798,13,13,32,0
-1929,-0.470947,-1797,15,12,30,0
-1928,-0.470703,-1797,16,14,33,0
-1927,-0.470459,-1796,13,14,30,0
-1926,-0.470215,-1795,13,14,30,0
-1925,-0.469971,-1794,14,13,30,0
-1924,-0.469727,-1793,15,12,30,0
-1923,-0.469482,-1793,16,14,33,0
-1922,-0.469238,-1792,13,14,30,0
-1921,-0.468994,-1792,16,14,33,0
-1920,-0.468750,-1791,12,14,29,0
-1919,-0.468506,-1790,14,13,30,0
-1918,-0.468262,-1789,13,14,30,0
-1917,-0.468018,-1788,14,13,30,0
-1916,-0.467773,-1788,16,14,33,0
-1915,-0.467529,-1787,13,14,30,0
-1914,-0.467285,-1786,13,14,30,0
-1913,-0.467041,-1785,14,12,29,0
-1912,-0.466797,-1784,13,13,29,0
-1911,-0.466553,-1784,13,14,30,0
-1910,-0.466309,-1782,13,13,32,0
-1909,-0.466064,-1781,15,12,30,0
-1908,-0.465820,-1781,16,14,33,0
-1907,-0.465576,-1780,13,14,30,0
-1906,-0.465332,-1779,13,14,30,0
-1905,-0.465088,-1778,14,13,30,0
-1904,-0.464844,-1777,15,12,30,0
-1903,-0.464600,-1777,16,14,33,0
-1902,-0.464355,-1776,13,14,30,0
-1901,-0.464111,-1775,14,12,29,0
-1900,-0.463867,-1774,15,13,31,0
-1899,-0.463623,-1774,17,14,34,0
-1898,-0.463379,-1772,18,13,34,0
-1897,-0.463135,-1772,12,14,29,0
-1896,-0.462891,-1771,13,12,28,0
-1895,-0.462646,-1770,14,13,30,0
-1894,-0.462402,-1769,13,12,28,0
-1893,-0.462158,-1768,14,13,30,0
-1892,-0.461914,-1768,16,14,33,0
-1891,-0.461670,-1767,13,14,30,0
-1890,-0.461426,-1766,13,13,32,0
-1889,-0.461182,-1765,14,12,29,0
-1888,-0.460938,-1764,18,13,34,0
-1887,-0.460693,-1764,13,14,30,0
-1886,-0.460449,-1763,13,14,30,0
-1885,-0.460205,-1762,14,13,30,0
-1884,-0.459961,-1761,13,12,28,0
-1883,-0.459717,-1760,18,13,34,0
-1882,-0.459473,-1760,13,14,30,0
-1881,-0.459229,-1759,14,14,31,0
-1880,-0.458984,-1758,13,13,32,0
-1879,-0.458740,-1757,15,12,30,0
-1878,-0.458496,-1756,13,13,29,0
-1877,-0.458252,-1756,16,14,33,0
-1876,-0.458008,-1755,12,14,29,0
-1875,-0.457764,-1754,14,14,31,0
-1874,-0.457520,-1753,13,14,30,0
-1873,-0.457275,-1752,14,13,30,0
-1872,-0.457031,-1751,15,12,30,0
-1871,-0.456787,-1751,13,14,30,0
-1870,-0.456543,-1750,13,14,30,0
-1869,-0.456299,-1749,14,12,29,0
-1868,-0.456055,-1748,13,13,29,0
-1867,-0.455811,-1748,16,14,33,0
-1866,-0.455566,-1747,16,14,33,0
-1865,-0.455322,-1746,12,14,29,0
-1864,-0.455078,-1745,13,14,30,0
-1863,-0.454834,-1744,14,13,30,0
-1862,-0.454590,-1743,13,12,28,0
-1861,-0.454346,-1742,18,13,34,0
-1860,-0.454102,-1742,12,14,29,0
-1859,-0.453857,-1741,14,14,31,0
-1858,-0.453613,-1740,13,14,30,0
-1857,-0.453369,-1739,15,12,30,0
-1856,-0.453125,-1738,18,13,34,0
-1855,-0.452881,-1738,16,14,33,0
-1854,-0.452637,-1737,16,14,33,0
-1853,-0.452393,-1736,12,14,29,0
-1852,-0.452148,-1735,13,12,28,0
-1851,-0.451904,-1734,15,13,31,0
-1850,-0.451660,-1733,15,12,30,0
-1849,-0.451416,-1733,16,14,33,0
-1848,-0.451172,-1732,12,14,29,0
-1847,-0.450928,-1731,14,12,29,0
-1846,-0.450684,-1730,13,14,30,0
-1845,-0.450439,-1729,14,12,29,0
-1844,-0.450195,-1728,13,13,29,0
-1843,-0.449951,-1728,13,14,30,0
-1842,-0.449707,-1727,13,14,30,0
-1841,-0.449463,-1726,14,13,30,0
-1840,-0.449219,-1725,13,12,28,0
-1839,-0.448975,-1725,17,14,34,0
-1838,-0.448730,-1724,16,14,33,0
-1837,-0.448486,-1723,12,14,29,0
-1836,-0.448242,-1722,13,13,32,0
-1835,-0.447998,-1721,14,12,29,0
-1834,-0.447754,-1720,13,13,29,0
-1833,-0.447510,-1720,16,14,33,0
-1832,-0.447266,-1719,12,14,29,0
-1831,-0.447021,-1718,14,14,31,0
-1830,-0.446777,-1717,13,14,30,0
-1829,-0.446533,-1716,14,13,30,0
-1828,-0.446289,-1715,15,12,30,0
-1827,-0.446045,-1715,16,14,33,0
-1826,-0.445801,-1714,16,14,33,0
-1825,-0.445557,-1713,12,14,29,0
-1824,-0.445312,-1712,13,13,32,0
-1823,-0.445068,-1711,15,12,30,0
-1822,-0.444824,-1710,13,13,29,0
-1821,-0.444580,-1709,17,12,32,0
-1820,-0.444336,-1709,12,14,29,0
-1819,-0.444092,-1708,14,14,31,0
-1818,-0.443848,-1707,13,12,28,0
-1817,-0.443604,-1706,15,13,31,0
-1816,-0.443359,-1705,17,12,32,0
-1815,-0.443115,-1705,13,14,30,0
-1814,-0.442871,-1704,16,14,33,0
-1813,-0.442627,-1703,12,14,29,0
-1812,-0.442383,-1702,13,14,30,0
-1811,-0.442139,-1701,14,12,29,0
-1810,-0.441895,-1700,13,13,29,0
-1809,-0.441650,-1700,16,14,33,0
-1808,-0.441406,-1699,12,14,29,0
-1807,-0.441162,-1698,14,13,30,0
-1806,-0.440918,-1697,13,14,30,0
-1805,-0.440674,-1696,14,13,30,0
-1804,-0.440430,-1696,16,14,33,0
-1803,-0.440186,-1695,13,14,30,0
-1802,-0.439941,-1694,13,14,30,0
-1801,-0.439697,-1693,14,14,31,0
-1800,-0.439453,-1692,13,13,29,0
-1799,-0.439209,-1692,16,14,33,0
-1798,-0.438965,-1690,15,13,31,0
-1797,-0.438721,-1690,13,14,30,0
-1796,-0.438477,-1689,12,14,29,0
-1795,-0.438232,-1688,14,13,30,0
-1794,-0.437988,-1687,13,12,28,0
-1793,-0.437744,-1686,15,13,31,0
-1792,-0.437500,-1686,16,14,33,0
-1791,-0.437256,-1685,13,14,30,0
-1790,-0.437012,-1684,13,14,30,0
-1789,-0.436768,-1683,14,12,29,0
-1788,-0.436523,-1682,15,13,31,0
-1787,-0.436279,-1681,15,12,30,0
-1786,-0.436035,-1680,15,13,31,0
-1785,-0.435791,-1680,12,14,29,0
-1784,-0.435547,-1679,13,14,30,0
-1783,-0.435303,-1678,14,13,30,0
-1782,-0.435059,-1677,13,12,28,0
-1781,-0.434814,-1676,14,13,30,0
-1780,-0.434570,-1676,16,14,33,0
-1779,-0.434326,-1675,13,14,30,0
-1778,-0.434082,-1674,13,14,30,0
-1777,-0.433838,-1673,14,14,31,0
-1776,-0.433594,-1672,13,13,29,0
-1775,-0.433350,-1672,17,14,34,0
-1774,-0.433105,-1671,16,14,33,0
-1773,-0.432861,-1670,12,14,29,0
-1772,-0.432617,-1669,13,14,30,0
-1771,-0.432373,-1668,14,13,30,0
-1770,-0.432129,-1667,13,12,28,0
-1769,-0.431885,-1666,15,13,31,0
-1768,-0.431641,-1666,16,14,33,0
-1767,-0.431396,-1665,13,14,30,0
-1766,-0.431152,-1664,13,14,30,0
-1765,-0.430908,-1663,14,14,31,0
-1764,-0.430664,-1662,15,13,31,0
-1763,-0.430420,-1662,16,14,33,0
-1762,-0.430176,-1661,13,14,30,0
-1761,-0.429932,-1660,14,14,31,0
-1760,-0.429688,-1659,13,12,28,0
-1759,-0.429443,-1658,15,13,31,0
-1758,-0.429199,-1657,15,12,30,0
-1757,-0.428955,-1656,17,13,33,0
-1756,-0.428711,-1656,12,14,29,0
-1755,-0.428467,-1655,14,12,29,0
-1754,-0.428223,-1654,13,13,32,0
-1753,-0.427979,-1653,14,12,29,0
-1752,-0.427734,-1652,15,13,31,0
-1751,-0.427490,-1652,16,14,33,0
-1750,-0.427246,-1650,15,13,31,0
-1749,-0.427002,-1650,17,14,34,0
-1748,-0.426758,-1649,16,14,33,0
-1747,-0.426514,-1648,13,14,30,0
-1746,-0.426270,-1647,15,12,30,0
-1745,-0.426025,-1647,17,14,34,0
-1744,-0.425781,-1646,16,14,33,0
-1743,-0.425537,-1645,13,14,30,0
-1742,-0.425293,-1644,13,14,30,0
-1741,-0.425049,-1643,14,12,29,0
-1740,-0.424805,-1642,15,13,31,0
-1739,-0.424561,-1641,15,12,30,0
-1738,-0.424316,-1641,16,14,33,0
-1737,-0.424072,-1640,12,14,29,0
-1736,-0.423828,-1639,13,12,28,0
-1735,-0.423584,-1638,15,13,31,0
-1734,-0.423340,-1637,13,12,28,0
-1733,-0.423096,-1636,15,13,31,0
-1732,-0.422852,-1635,15,12,30,0
-1731,-0.422607,-1634,18,13,34,0
-1730,-0.422363,-1634,16,14,33,0
-1729,-0.422119,-1633,12,14,29,0
-1728,-0.421875,-1632,13,13,29,0
-1727,-0.421631,-1632,16,14,33,0
-1726,-0.421387,-1631,16,14,33,0
-1725,-0.421143,-1630,12,14,29,0
-1724,-0.420898,-1629,13,14,30,0
-1723,-0.420654,-1628,14,13,30,0
-1722,-0.420410,-1627,15,12,30,0
-1721,-0.420166,-1626,18,13,34,0
-1720,-0.419922,-1626,16,14,33,0
-1719,-0.419678,-1625,13,14,30,0
-1718,-0.419434,-1624,14,14,31,0
-1717,-0.419189,-1623,13,12,28,0
-1716,-0.418945,-1622,12,13,28,0
-1715,-0.418701,-1621,16,12,31,0
-1714,-0.418457,-1621,18,14,35,0
-1713,-0.418213,-1620,15,14,32,0
-1712,-0.417969,-1619,14,14,31,0
-1711,-0.417725,-1618,13,13,29,0
-1710,-0.417480,-1617,14,12,29,0
-1709,-0.417236,-1616,12,13,31,0
-1708,-0.416992,-1616,15,14,32,0
-1707,-0.416748,-1615,15,14,32,0
-1706,-0.416504,-1614,14,14,31,0
-1705,-0.416260,-1613,13,12,28,0
-1704,-0.416016,-1612,12,13,28,0
-1703,-0.415771,-1611,16,12,31,0
-1702,-0.415527,-1610,13,13,32,0
-1701,-0.415283,-1610,18,14,35,0
-1700,-0.415039,-1609,15,14,32,0
-1699,-0.414795,-1608,13,14,30,0
-1698,-0.414551,-1607,14,12,29,0
-1697,-0.414307,-1606,12,13,31,0
-1696,-0.414062,-1606,18,14,35,0
-1695,-0.413818,-1605,15,14,32,0
-1694,-0.413574,-1604,15,14,32,0
-1693,-0.413330,-1603,13,14,30,0
-1692,-0.413086,-1602,14,14,31,0
-1691,-0.412842,-1601,13,12,28,0
-1690,-0.412598,-1600,13,13,32,0
-1689,-0.412354,-1600,13,14,30,0
-1688,-0.412109,-1599,14,14,31,0
-1687,-0.411865,-1598,13,13,29,0
-1686,-0.411621,-1597,15,14,32,0
-1685,-0.411377,-1596,13,14,30,0
-1684,-0.411133,-1595,14,12,29,0
-1683,-0.410889,-1594,13,13,29,0
-1682,-0.410645,-1593,16,12,31,0
-1681,-0.410400,-1593,15,14,32,0
-1680,-0.410156,-1592,14,14,31,0
-1679,-0.409912,-1591,13,12,28,0
-1678,-0.409668,-1590,14,13,33,0
-1677,-0.409424,-1589,12,12,27,0
-1676,-0.409180,-1588,16,13,32,0
-1675,-0.408936,-1588,15,14,32,0
-1674,-0.408691,-1587,14,14,31,0
-1673,-0.408447,-1586,13,14,30,0
-1672,-0.408203,-1585,14,12,29,0
-1671,-0.407959,-1584,13,13,29,0
-1670,-0.407715,-1583,16,12,31,0
-1669,-0.407471,-1582,17,13,33,0
-1668,-0.407227,-1582,15,14,32,0
-1667,-0.406982,-1581,13,14,30,0
-1666,-0.406738,-1580,14,13,33,0
-1665,-0.406494,-1579,12,12,27,0
-1664,-0.406250,-1578,16,13,32,0
-1663,-0.406006,-1577,16,12,31,0
-1662,-0.405762,-1576,16,13,32,0
-1661,-0.405518,-1576,13,14,30,0
-1660,-0.405273,-1575,14,14,31,0
-1659,-0.405029,-1574,13,13,29,0
-1658,-0.404785,-1573,13,12,28,0
-1657,-0.404541,-1572,16,13,32,0
-1656,-0.404297,-1572,15,14,32,0
-1655,-0.404053,-1571,13,14,30,0
-1654,-0.403809,-1569,16,12,31,0
-1653,-0.403564,-1569,15,14,32,0
-1652,-0.403320,-1568,14,14,31,0
-1651,-0.403076,-1567,13,12,28,0
-1650,-0.402832,-1566,14,13,33,0
-1649,-0.402588,-1565,12,12,27,0
-1648,-0.402344,-1565,15,14,32,0
-1647,-0.402100,-1564,15,14,32,0
-1646,-0.401855,-1563,15,14,32,0
-1645,-0.401611,-1562,13,14,30,0
-1644,-0.401367,-1561,14,14,31,0
-1643,-0.401123,-1560,13,13,29,0
-1642,-0.400879,-1559,16,12,31,0
-1641,-0.400635,-1559,15,14,32,0
-1640,-0.400391,-1558,15,14,32,0
-1639,-0.400146,-1557,13,14,30,0
-1638,-0.399902,-1556,14,14,31,0
-1637,-0.399658,-1555,13,12,28,0
-1636,-0.399414,-1554,12,13,28,0
-1635,-0.399170,-1553,16,12,31,0
-1634,-0.398926,-1552,17,13,33,0
-1633,-0.398682,-1552,13,14,30,0
-1632,-0.398438,-1551,14,12,29,0
-1631,-0.398193,-1550,13,13,29,0
-1630,-0.397949,-1549,14,12,29,0
-1629,-0.397705,-1548,13,13,29,0
-1628,-0.397461,-1547,12,12,27,0
-1627,-0.397217,-1546,16,13,32,0
-1626,-0.396973,-1546,15,14,32,0
-1625,-0.396729,-1545,13,14,30,0
-1624,-0.396484,-1544,14,14,31,0
-1623,-0.396240,-1543,13,12,28,0
-1622,-0.395996,-1542,13,13,32,0
-1621,-0.395752,-1541,16,12,31,0
-1620,-0.395508,-1541,15,14,32,0
-1619,-0.395264,-1540,15,14,32,0
-1618,-0.395020,-1539,14,14,31,0
-1617,-0.394775,-1538,13,14,30,0
-1616,-0.394531,-1537,14,12,29,0
-1615,-0.394287,-1536,13,13,29,0
-1614,-0.394043,-1536,15,14,32,0
-1613,-0.393799,-1535,13,14,30,0
-1612,-0.393555,-1534,14,13,33,0
-1611,-0.393311,-1533,13,12,28,0
-1610,-0.393066,-1532,13,13,32,0
-1609,-0.392822,-1531,16,12,31,0
-1608,-0.392578,-1531,15,14,32,0
-1607,-0.392334,-1530,15,14,32,0
-1606,-0.392090,-1529,15,14,32,0
-1605,-0.391846,-1528,13,13,29,0
-1604,-0.391602,-1527,12,12,27,0
-1603,-0.391357,-1526,16,13,32,0
-1602,-0.391113,-1525,16,12,31,0
-1601,-0.390869,-1525,15,14,32,0
-1600,-0.390625,-1524,15,14,32,0
-1599,-0.390381,-1523,13,14,30,0
-1598,-0.390137,-1522,14,14,31,0
-1597,-0.389893,-1521,13,12,28,0
-1596,-0.389648,-1520,12,13,28,0
-1595,-0.389404,-1519,16,12,31,0
-1594,-0.389160,-1519,18,14,35,0
-1593,-0.388916,-1518,13,14,30,0
-1592,-0.388672,-1517,14,14,31,0
-1591,-0.388428,-1516,13,13,29,0
-1590,-0.388184,-1515,14,14,31,0
-1589,-0.387939,-1514,13,14,30,0
-1588,-0.387695,-1513,14,12,29,0
-1587,-0.387451,-1512,13,13,29,0
-1586,-0.387207,-1511,16,12,31,0
-1585,-0.386963,-1511,15,14,32,0
-1584,-0.386719,-1510,15,14,32,0
-1583,-0.386475,-1509,13,14,30,0
-1582,-0.386230,-1508,14,14,31,0
-1581,-0.385986,-1507,13,12,28,0
-1580,-0.385742,-1506,12,13,28,0
-1579,-0.385498,-1505,16,12,31,0
-1578,-0.385254,-1504,16,13,32,0
-1577,-0.385010,-1504,13,14,30,0
-1576,-0.384766,-1503,14,14,31,0
-1575,-0.384521,-1502,13,13,29,0
-1574,-0.384277,-1501,14,12,29,0
-1573,-0.384033,-1500,12,13,31,0
-1572,-0.383789,-1499,16,12,31,0
-1571,-0.383545,-1499,18,14,35,0
-1570,-0.383301,-1498,15,14,32,0
-1569,-0.383057,-1497,13,14,30,0
-1568,-0.382812,-1496,14,13,33,0
-1567,-0.382568,-1495,13,12,28,0
-1566,-0.382324,-1494,13,13,32,0
-1565,-0.382080,-1493,16,12,31,0
-1564,-0.381836,-1493,18,14,35,0
-1563,-0.381592,-1492,15,14,32,0
-1562,-0.381348,-1491,14,14,31,0
-1561,-0.381104,-1490,13,14,30,0
-1560,-0.380859,-1489,14,12,29,0
-1559,-0.380615,-1488,13,13,29,0
-1558,-0.380371,-1487,14,12,29,0
-1557,-0.380127,-1486,12,13,31,0
-1556,-0.379883,-1486,15,14,32,0
-1555,-0.379639,-1485,15,14,32,0
-1554,-0.379395,-1484,14,14,31,0
-1553,-0.379150,-1483,13,14,30,0
-1552,-0.378906,-1482,14,13,33,0
-1551,-0.378662,-1481,13,12,28,0
-1550,-0.378418,-1480,13,13,32,0
-1549,-0.378174,-1479,16,12,31,0
-1548,-0.377930,-1479,15,14,32,0
-1547,-0.377686,-1478,15,14,32,0
-1546,-0.377441,-1477,14,14,31,0
-1545,-0.377197,-1476,13,14,30,0
-1544,-0.376953,-1475,14,12,29,0
-1543,-0.376709,-1474,13,13,29,0
-1542,-0.376465,-1473,13,12,28,0
-1541,-0.376221,-1472,16,13,32,0
-1540,-0.375977,-1472,15,14,32,0
-1539,-0.375732,-1471,13,14,30,0
-1538,-0.375488,-1470,14,14,31,0
-1537,-0.375244,-1469,13,12,28,0
-1536,-0.375000,-1468,12,13,28,0
-1535,-0.374756,-1467,16,12,31,0
-1534,-0.374512,-1466,16,13,32,0
-1533,-0.374268,-1466,15,14,32,0
-1532,-0.374023,-1465,14,14,31,0
-1531,-0.373779,-1464,13,14,30,0
-1530,-0.373535,-1463,14,12,29,0
-1529,-0.373291,-1462,12,13,31,0
-1528,-0.373047,-1461,16,12,31,0
-1527,-0.372803,-1461,15,14,32,0
-1526,-0.372559,-1459,13,12,28,0
-1525,-0.372314,-1458,16,13,32,0
-1524,-0.372070,-1458,15,14,32,0
-1523,-0.371826,-1457,13,14,30,0
-1522,-0.371582,-1456,14,14,31,0
-1521,-0.371338,-1455,13,12,28,0
-1520,-0.371094,-1454,12,13,28,0
-1519,-0.370850,-1453,16,12,31,0
-1518,-0.370605,-1453,15,14,32,0
-1517,-0.370361,-1452,15,14,32,0
-1516,-0.370117,-1451,14,14,31,0
-1515,-0.369873,-1450,13,14,30,0
-1514,-0.369629,-1449,14,12,29,0
-1513,-0.369385,-1448,12,13,31,0
-1512,-0.369141,-1447,16,12,31,0
-1511,-0.368896,-1447,15,14,32,0
-1510,-0.368652,-1445,16,12,31,0
-1509,-0.368408,-1445,18,14,35,0
-1508,-0.368164,-1444,15,14,32,0
-1507,-0.367920,-1443,13,14,30,0
-1506,-0.367676,-1442,14,14,31,0
-1505,-0.367432,-1441,13,12,28,0
-1504,-0.367188,-1440,12,13,28,0
-1503,-0.366943,-1439,16,12,31,0
-1502,-0.366699,-1438,17,13,33,0
-1501,-0.366455,-1438,15,14,32,0
-1500,-0.366211,-1437,15,14,32,0
-1499,-0.365967,-1436,13,14,30,0
-1498,-0.365723,-1435,14,12,29,0
-1497,-0.365479,-1434,13,13,29,0
-1496,-0.365234,-1433,12,12,27,0
-1495,-0.364990,-1432,16,13,32,0
-1494,-0.364746,-1431,13,12,28,0
-1493,-0.364502,-1431,18,14,35,0
-1492,-0.364258,-1430,15,14,32,0
-1491,-0.364014,-1429,13,14,30,0
-1490,-0.363770,-1428,14,14,31,0
-1489,-0.363525,-1427,13,14,30,0
-1488,-0.363281,-1426,14,13,33,0
-1487,-0.363037,-1425,13,12,28,0
-1486,-0.362793,-1424,16,13,32,0
-1485,-0.362549,-1424,15,14,32,0
-1484,-0.362305,-1423,15,14,32,0
-1483,-0.362061,-1422,13,14,30,0
-1482,-0.361816,-1421,14,14,31,0
-1481,-0.361572,-1420,13,13,29,0
-1480,-0.361328,-1419,14,12,29,0
-1479,-0.361084,-1418,13,13,29,0
-1478,-0.360840,-1417,16,12,31,0
-1477,-0.360596,-1416,16,13,32,0
-1476,-0.360352,-1416,18,14,35,0
-1475,-0.360107,-1415,15,14,32,0
-1474,-0.359863,-1414,14,14,31,0
-1473,-0.359619,-1413,13,14,30,0
-1472,-0.359375,-1412,14,13,33,0
-1471,-0.359131,-1411,13,12,28,0
-1470,-0.358887,-1410,13,13,32,0
-1469,-0.358643,-1409,16,12,31,0
-1468,-0.358398,-1409,18,14,35,0
-1467,-0.358154,-1408,13,14,30,0
-1466,-0.357910,-1407,13,12,28,0
-1465,-0.357666,-1406,16,13,32,0
-1464,-0.357422,-1405,16,12,31,0
-1463,-0.357178,-1405,18,14,35,0
-1462,-0.356934,-1403,15,14,32,0
-1461,-0.356689,-1402,13,14,30,0
-1460,-0.356445,-1401,14,14,31,0
-1459,-0.356201,-1400,13,13,32,0
-1458,-0.355957,-1399,14,12,29,0
-1457,-0.355713,-1398,15,13,31,0
-1456,-0.355469,-1397,15,12,30,0
-1455,-0.355225,-1397,18,14,35,0
-1454,-0.354980,-1396,13,14,30,0
-1453,-0.354736,-1395,13,14,30,0
-1452,-0.354492,-1394,14,14,31,0
-1451,-0.354248,-1393,13,12,28,0
-1450,-0.354004,-1392,14,13,30,0
-1449,-0.353760,-1391,15,12,30,0
-1448,-0.353516,-1390,15,13,31,0
-1447,-0.353271,-1390,18,14,35,0
-1446,-0.353027,-1389,13,14,30,0
-1445,-0.352783,-1388,13,14,30,0
-1444,-0.352539,-1387,14,14,31,0
-1443,-0.352295,-1386,13,14,30,0
-1442,-0.352051,-1385,14,12,29,0
-1441,-0.351807,-1384,15,13,31,0
-1440,-0.351562,-1383,15,12,30,0
-1439,-0.351318,-1382,15,13,31,0
-1438,-0.351074,-1382,16,14,33,0
-1437,-0.350830,-1381,16,14,33,0
-1436,-0.350586,-1380,12,14,29,0
-1435,-0.350342,-1379,13,14,30,0
-1434,-0.350098,-1378,14,14,31,0
-1433,-0.349854,-1377,13,12,28,0
-1432,-0.349609,-1376,15,13,31,0
-1431,-0.349365,-1376,16,14,33,0
-1430,-0.349121,-1375,16,14,33,0
-1429,-0.348877,-1374,18,14,35,0
-1428,-0.348633,-1373,13,14,30,0
-1427,-0.348389,-1372,12,14,29,0
-1426,-0.348145,-1371,14,14,31,0
-1425,-0.347900,-1370,13,14,30,0
-1424,-0.347656,-1369,14,12,29,0
-1423,-0.347412,-1368,13,13,29,0
-1422,-0.347168,-1367,15,12,30,0
-1421,-0.346924,-1366,15,13,31,0
-1420,-0.346680,-1366,18,14,35,0
-1419,-0.346436,-1365,12,14,29,0
-1418,-0.346191,-1364,14,14,31,0
-1417,-0.345947,-1363,13,14,30,0
-1416,-0.345703,-1362,14,13,30,0
-1415,-0.345459,-1361,13,12,28,0
-1414,-0.345215,-1360,15,13,31,0
-1413,-0.344971,-1359,15,12,30,0
-1412,-0.344727,-1358,15,13,31,0
-1411,-0.344482,-1358,18,14,35,0
-1410,-0.344238,-1357,13,14,30,0
-1409,-0.343994,-1356,13,14,30,0
-1408,-0.343750,-1355,14,14,31,0
-1407,-0.343506,-1354,13,14,30,0
-1406,-0.343262,-1353,14,12,29,0
-1405,-0.343018,-1352,13,13,29,0
-1404,-0.342773,-1351,15,12,30,0
-1403,-0.342529,-1350,15,13,31,0
-1402,-0.342285,-1350,16,14,33,0
-1401,-0.342041,-1349,13,14,30,0
-1400,-0.341797,-1348,14,14,31,0
-1399,-0.341553,-1347,13,14,30,0
-1398,-0.341309,-1346,14,13,30,0
-1397,-0.341064,-1345,13,12,28,0
-1396,-0.340820,-1344,14,13,30,0
-1395,-0.340576,-1343,15,12,30,0
-1394,-0.340332,-1342,15,13,31,0
-1393,-0.340088,-1342,18,14,35,0
-1392,-0.339844,-1341,13,14,30,0
-1391,-0.339600,-1340,12,14,29,0
-1390,-0.339355,-1339,14,14,31,0
-1389,-0.339111,-1338,13,14,30,0
-1388,-0.338867,-1337,14,12,29,0
-1387,-0.338623,-1336,13,13,29,0
-1386,-0.338379,-1335,15,12,30,0
-1385,-0.338135,-1334,15,13,31,0
-1384,-0.337891,-1334,18,14,35,0
-1383,-0.337646,-1333,12,14,29,0
-1382,-0.337402,-1332,14,14,31,0
-1381,-0.337158,-1331,13,14,30,0
-1380,-0.336914,-1330,14,14,31,0
-1379,-0.336670,-1329,13,12,28,0
-1378,-0.336426,-1328,14,13,30,0
-1377,-0.336182,-1327,15,12,30,0
-1376,-0.335938,-1326,15,13,31,0
-1375,-0.335693,-1326,18,14,35,0
-1374,-0.335449,-1325,16,14,33,0
-1373,-0.335205,-1324,16,14,33,0
-1372,-0.334961,-1323,12,14,29,0
-1371,-0.334717,-1322,13,14,30,0
-1370,-0.334473,-1321,14,14,31,0
-1369,-0.334229,-1320,13,13,32,0
-1368,-0.333984,-1319,17,12,32,0
-1367,-0.333740,-1318,15,13,31,0
-1366,-0.333496,-1318,13,14,30,0
-1365,-0.333252,-1316,13,13,29,0
-1364,-0.333008,-1316,16,14,33,0
-1363,-0.332764,-1315,16,14,33,0
-1362,-0.332520,-1314,13,14,30,0
-1361,-0.332275,-1313,16,14,33,0
-1360,-0.332031,-1312,12,13,31,0
-1359,-0.331787,-1312,16,14,33,0
-1358,-0.331543,-1311,13,14,30,0
-1357,-0.331299,-1309,15,12,30,0
-1356,-0.331055,-1309,16,14,33,0
-1355,-0.330811,-1308,12,14,29,0
-1354,-0.330566,-1307,14,12,29,0
-1353,-0.330322,-1306,13,14,30,0
-1352,-0.330078,-1305,14,12,29,0
-1351,-0.329834,-1304,13,13,29,0
-1350,-0.329590,-1304,13,14,30,0
-1349,-0.329346,-1302,13,13,29,0
-1348,-0.329102,-1301,15,12,30,0
-1347,-0.328857,-1300,15,13,31,0
-1346,-0.328613,-1300,13,14,30,0
-1345,-0.328369,-1299,16,14,33,0
-1344,-0.328125,-1298,12,14,29,0
-1343,-0.327881,-1297,13,14,30,0
-1342,-0.327637,-1296,14,13,30,0
-1341,-0.327393,-1295,13,12,28,0
-1340,-0.327148,-1294,15,13,31,0
-1339,-0.326904,-1293,15,12,30,0
-1338,-0.326660,-1293,16,14,33,0
-1337,-0.326416,-1292,16,14,33,0
-1336,-0.326172,-1291,12,14,29,0
-1335,-0.325928,-1290,13,14,30,0
-1334,-0.325684,-1289,14,12,29,0
-1333,-0.325439,-1288,18,14,35,0
-1332,-0.325195,-1287,13,14,30,0
-1331,-0.324951,-1286,12,14,29,0
-1330,-0.324707,-1285,14,14,31,0
-1329,-0.324463,-1284,13,14,30,0
-1328,-0.324219,-1283,14,12,29,0
-1327,-0.323975,-1282,13,13,32,0
-1326,-0.323730,-1281,15,12,30,0
-1325,-0.323486,-1280,12,13,31,0
-1324,-0.323242,-1280,12,14,29,0
-1323,-0.322998,-1279,13,12,28,0
-1322,-0.322754,-1278,14,13,30,0
-1321,-0.322510,-1277,13,12,28,0
-1320,-0.322266,-1276,14,13,30,0
-1319,-0.322021,-1275,15,12,30,0
-1318,-0.321777,-1275,16,14,33,0
-1317,-0.321533,-1273,13,12,28,0
-1316,-0.321289,-1272,14,13,30,0
-1315,-0.321045,-1272,12,14,29,0
-1314,-0.320801,-1271,14,14,31,0
-1313,-0.320557,-1270,13,14,30,0
-1312,-0.320312,-1269,14,12,29,0
-1311,-0.320068,-1268,13,13,29,0
-1310,-0.319824,-1267,17,12,32,0
-1309,-0.319580,-1266,13,13,32,0
-1308,-0.319336,-1265,15,12,30,0
-1307,-0.319092,-1264,15,13,31,0
-1306,-0.318848,-1264,13,14,30,0
-1305,-0.318604,-1263,13,14,30,0
-1304,-0.318359,-1262,14,13,30,0
-1303,-0.318115,-1261,13,12,28,0
-1302,-0.317871,-1260,14,13,30,0
-1301,-0.317627,-1259,13,14,30,0
-1300,-0.317383,-1258,14,13,30,0
-1299,-0.317139,-1257,13,12,28,0
-1298,-0.316895,-1256,14,13,30,0
-1297,-0.316650,-1255,15,12,30,0
-1296,-0.316406,-1255,16,14,33,0
-1295,-0.316162,-1254,12,14,29,0
-1294,-0.315918,-1253,14,14,31,0
-1293,-0.315674,-1252,13,14,30,0
-1292,-0.315430,-1251,14,14,31,0
-1291,-0.315186,-1250,13,14,30,0
-1290,-0.314941,-1249,14,12,29,0
-1289,-0.314697,-1248,13,13,32,0
-1288,-0.314453,-1248,16,14,33,0
-1287,-0.314209,-1247,16,14,33,0
-1286,-0.313965,-1246,13,14,30,0
-1285,-0.313721,-1244,13,13,29,0
-1284,-0.313477,-1244,13,14,30,0
-1283,-0.313232,-1243,12,14,29,0
-1282,-0.312988,-1242,14,14,31,0
-1281,-0.312744,-1241,13,14,30,0
-1280,-0.312500,-1240,14,13,30,0
-1279,-0.312256,-1239,15,12,30,0
-1278,-0.312012,-1239,18,14,35,0
-1277,-0.311768,-1237,13,12,28,0
-1276,-0.311523,-1236,15,13,31,0
-1275,-0.311279,-1235,17,12,32,0
-1274,-0.311035,-1235,13,14,30,0
-1273,-0.310791,-1234,16,14,33,0
-1272,-0.310547,-1233,13,14,30,0
-1271,-0.310303,-1232,12,14,29,0
-1270,-0.310059,-1231,17,12,32,0
-1269,-0.309814,-1230,13,14,30,0
-1268,-0.309570,-1229,14,14,31,0
-1267,-0.309326,-1228,13,13,32,0
-1266,-0.309082,-1227,15,12,30,0
-1265,-0.308838,-1226,13,13,29,0
-1264,-0.308594,-1225,15,12,30,0
-1263,-0.308350,-1224,15,13,31,0
-1262,-0.308105,-1224,13,14,30,0
-1261,-0.307861,-1223,16,14,33,0
-1260,-0.307617,-1222,13,14,30,0
-1259,-0.307373,-1221,12,14,29,0
-1258,-0.307129,-1220,14,13,30,0
-1257,-0.306885,-1219,13,14,30,0
-1256,-0.306641,-1218,14,13,30,0
-1255,-0.306396,-1217,13,12,28,0
-1254,-0.306152,-1216,15,13,31,0
-1253,-0.305908,-1215,15,12,30,0
-1252,-0.305664,-1215,18,14,35,0
-1251,-0.305420,-1214,16,14,33,0
-1250,-0.305176,-1213,13,14,30,0
-1249,-0.304932,-1212,13,14,30,0
-1248,-0.304688,-1211,14,14,31,0
-1247,-0.304443,-1210,13,13,32,0
-1246,-0.304199,-1209,15,12,30,0
-1245,-0.303955,-1208,13,13,32,0
-1244,-0.303711,-1207,15,12,30,0
-1243,-0.303467,-1206,13,13,29,0
-1242,-0.303223,-1206,16,14,33,0
-1241,-0.302979,-1204,15,13,31,0
-1240,-0.302734,-1204,13,14,30,0
-1239,-0.302490,-1203,12,14,29,0
-1238,-0.302246,-1202,14,14,31,0
-1237,-0.302002,-1200,15,13,31,0
-1236,-0.301758,-1200,12,14,29,0
-1235,-0.301514,-1199,13,12,28,0
-1234,-0.301270,-1198,14,13,30,0
-1233,-0.301025,-1197,13,12,28,0
-1232,-0.300781,-1196,14,13,30,0
-1231,-0.300537,-1196,18,14,35,0
-1230,-0.300293,-1195,16,14,33,0
-1229,-0.300049,-1193,15,12,30,0
-1228,-0.299805,-1192,15,13,31,0
-1227,-0.299561,-1192,12,14,29,0
-1226,-0.299316,-1191,14,14,31,0
-1225,-0.299072,-1190,13,14,30,0
-1224,-0.298828,-1189,14,12,29,0
-1223,-0.298584,-1188,13,13,32,0
-1222,-0.298340,-1187,15,12,30,0
-1221,-0.298096,-1186,13,14,30,0
-1220,-0.297852,-1185,14,12,29,0
-1219,-0.297607,-1184,13,13,29,0
-1218,-0.297363,-1184,13,14,30,0
-1217,-0.297119,-1183,16,14,33,0
-1216,-0.296875,-1182,12,14,29,0
-1215,-0.296631,-1181,13,14,30,0
-1214,-0.296387,-1180,14,13,30,0
-1213,-0.296143,-1179,13,14,30,0
-1212,-0.295898,-1178,14,13,30,0
-1211,-0.295654,-1177,13,12,28,0
-1210,-0.295410,-1176,14,13,30,0
-1209,-0.295166,-1175,15,12,30,0
-1208,-0.294922,-1175,18,14,35,0
-1207,-0.294678,-1174,16,14,33,0
-1206,-0.294434,-1173,13,14,30,0
-1205,-0.294189,-1171,13,14,30,0
-1204,-0.293945,-1170,14,13,30,0
-1203,-0.293701,-1170,12,14,29,0
-1202,-0.293457,-1169,14,14,31,0
-1201,-0.293213,-1168,17,14,34,0
-1200,-0.292969,-1167,16,14,33,0
-1199,-0.292725,-1166,16,14,33,0
-1198,-0.292480,-1165,13,14,30,0
-1197,-0.292236,-1164,13,14,30,0
-1196,-0.291992,-1163,14,14,31,0
-1195,-0.291748,-1162,13,14,30,0
-1194,-0.291504,-1161,14,12,29,0
-1193,-0.291260,-1160,13,13,32,0
-1192,-0.291016,-1159,15,12,30,0
-1191,-0.290771,-1158,13,13,29,0
-1190,-0.290527,-1158,16,14,33,0
-1189,-0.290283,-1156,15,13,31,0
-1188,-0.290039,-1156,16,14,33,0
-1187,-0.289795,-1155,17,14,34,0
-1186,-0.289551,-1154,13,14,30,0
-1185,-0.289307,-1152,15,13,31,0
-1184,-0.289062,-1152,12,14,29,0
-1183,-0.288818,-1151,13,12,28,0
-1182,-0.288574,-1150,15,13,31,0
-1181,-0.288330,-1149,15,12,30,0
-1180,-0.288086,-1148,15,13,31,0
-1179,-0.287842,-1148,16,14,33,0
-1178,-0.287598,-1147,13,14,30,0
-1177,-0.287354,-1146,17,14,34,0
-1176,-0.287109,-1145,16,14,33,0
-1175,-0.286865,-1144,12,14,29,0
-1174,-0.286621,-1143,14,12,29,0
-1173,-0.286377,-1142,13,13,32,0
-1172,-0.286133,-1141,14,12,29,0
-1171,-0.285889,-1140,13,13,32,0
-1170,-0.285645,-1139,15,12,30,0
-1169,-0.285400,-1138,13,13,32,0
-1168,-0.285156,-1137,14,12,29,0
-1167,-0.284912,-1136,13,13,29,0
-1166,-0.284668,-1136,16,14,33,0
-1165,-0.284424,-1135,16,14,33,0
-1164,-0.284180,-1134,13,14,30,0
-1163,-0.283936,-1133,16,14,33,0
-1162,-0.283691,-1132,13,14,30,0
-1161,-0.283447,-1131,16,14,33,0
-1160,-0.283203,-1130,12,14,29,0
-1159,-0.282959,-1129,13,14,30,0
-1158,-0.282715,-1128,14,13,30,0
-1157,-0.282471,-1127,13,12,28,0
-1156,-0.282227,-1126,15,13,31,0
-1155,-0.281982,-1125,15,12,30,0
-1154,-0.281738,-1125,18,14,35,0
-1153,-0.281494,-1123,15,12,30,0
-1152,-0.281250,-1123,17,14,34,0
-1151,-0.281006,-1122,16,14,33,0
-1150,-0.280762,-1121,16,14,33,0
-1149,-0.280518,-1120,13,14,30,0
-1148,-0.280273,-1119,14,12,29,0
-1147,-0.280029,-1118,13,13,32,0
-1146,-0.279785,-1117,14,12,29,0
-1145,-0.279541,-1116,13,13,32,0
-1144,-0.279297,-1115,14,12,29,0
-1143,-0.279053,-1114,13,13,32,0
-1142,-0.278809,-1113,15,12,30,0
-1141,-0.278564,-1112,13,13,29,0
-1140,-0.278320,-1112,13,14,30,0
-1139,-0.278076,-1111,16,14,33,0
-1138,-0.277832,-1110,13,14,30,0
-1137,-0.277588,-1108,13,13,29,0
-1136,-0.277344,-1108,16,14,33,0
-1135,-0.277100,-1107,16,14,33,0
-1134,-0.276855,-1106,13,14,30,0
-1133,-0.276611,-1105,16,14,33,0
-1132,-0.276367,-1104,12,13,31,0
-1131,-0.276123,-1103,13,12,28,0
-1130,-0.275879,-1102,15,13,31,0
-1129,-0.275635,-1101,13,12,28,0
-1128,-0.275391,-1100,14,13,30,0
-1127,-0.275146,-1099,15,12,30,0
-1126,-0.274902,-1099,18,14,35,0
-1125,-0.274658,-1097,15,12,30,0
-1124,-0.274414,-1097,18,14,35,0
-1123,-0.274170,-1096,12,14,29,0
-1122,-0.273926,-1095,14,12,29,0
-1121,-0.273682,-1093,18,12,33,0
-1120,-0.273438,-1092,15,13,31,0
-1119,-0.273193,-1092,16,14,33,0
-1118,-0.272949,-1091,13,14,30,0
-1117,-0.272705,-1090,16,14,33,0
-1116,-0.272461,-1089,13,14,30,0
-1115,-0.272217,-1088,12,13,28,0
-1114,-0.271973,-1088,16,14,33,0
-1113,-0.271729,-1087,18,14,35,0
-1112,-0.271484,-1086,16,14,33,0
-1111,-0.271240,-1085,16,14,33,0
-1110,-0.270996,-1084,13,14,30,0
-1109,-0.270752,-1083,13,14,30,0
-1108,-0.270508,-1082,14,13,30,0
-1107,-0.270264,-1081,13,12,28,0
-1106,-0.270020,-1080,14,13,30,0
-1105,-0.269775,-1079,13,14,30,0
-1104,-0.269531,-1078,14,13,30,0
-1103,-0.269287,-1077,13,14,30,0
-1102,-0.269043,-1076,14,13,30,0
-1101,-0.268799,-1075,13,12,28,0
-1100,-0.268555,-1074,14,13,30,0
-1099,-0.268311,-1073,13,12,28,0
-1098,-0.268066,-1072,15,13,31,0
-1097,-0.267822,-1072,16,14,33,0
-1096,-0.267578,-1071,16,14,33,0
-1095,-0.267334,-1070,16,14,33,0
-1094,-0.267090,-1069,13,14,30,0
-1093,-0.266846,-1068,13,14,30,0
-1092,-0.266602,-1067,14,12,29,0
-1091,-0.266357,-1066,13,13,32,0
-1090,-0.266113,-1065,14,12,29,0
-1089,-0.265869,-1064,13,14,30,0
-1088,-0.265625,-1063,14,12,29,0
-1087,-0.265381,-1062,13,13,32,0
-1086,-0.265137,-1061,15,12,30,0
-1085,-0.264893,-1060,13,13,32,0
-1084,-0.264648,-1059,15,12,30,0
-1083,-0.264404,-1058,15,13,31,0
-1082,-0.264160,-1058,16,14,33,0
-1081,-0.263916,-1056,12,13,31,0
-1080,-0.263672,-1056,12,14,29,0
-1079,-0.263428,-1055,13,12,28,0
-1078,-0.263184,-1054,14,13,30,0
-1077,-0.262939,-1053,13,14,30,0
-1076,-0.262695,-1052,14,13,30,0
-1075,-0.262451,-1051,15,12,30,0
-1074,-0.262207,-1050,15,13,31,0
-1073,-0.261963,-1049,16,14,33,0
-1072,-0.261719,-1048,12,14,29,0
-1071,-0.261475,-1047,13,12,28,0
-1070,-0.261230,-1046,14,13,30,0
-1069,-0.260986,-1045,13,12,28,0
-1068,-0.260742,-1044,14,13,30,0
-1067,-0.260498,-1043,13,12,28,0
-1066,-0.260254,-1042,14,13,30,0
-1065,-0.260010,-1041,13,12,28,0
-1064,-0.259766,-1040,15,13,31,0
-1063,-0.259521,-1040,16,14,33,0
-1062,-0.259277,-1039,13,14,30,0
-1061,-0.259033,-1038,16,14,33,0
-1060,-0.258789,-1037,12,14,29,0
-1059,-0.258545,-1036,13,14,30,0
-1058,-0.258301,-1035,14,12,29,0
-1057,-0.258057,-1034,13,14,30,0
-1056,-0.257812,-1033,14,14,31,0
-1055,-0.257568,-1032,13,13,32,0
-1054,-0.257324,-1031,15,12,30,0
-1053,-0.257080,-1030,13,13,32,0
-1052,-0.256836,-1029,14,12,29,0
-1051,-0.256592,-1028,13,13,29,0
-1050,-0.256348,-1028,16,14,33,0
-1049,-0.256104,-1026,15,13,34,0
-1048,-0.255859,-1025,15,12,30,0
-1047,-0.255615,-1024,13,13,29,0
-1046,-0.255371,-1024,13,13,29,0
-1045,-0.255127,-1023,13,12,28,0
-1044,-0.254883,-1022,15,13,31,0
-1043,-0.254639,-1021,15,12,30,0
-1042,-0.254395,-1020,15,13,31,0
-1041,-0.254150,-1019,13,12,28,0
-1040,-0.253906,-1018,15,13,31,0
-1039,-0.253662,-1018,16,14,33,0
-1038,-0.253418,-1017,16,14,33,0
-1037,-0.253174,-1016,16,14,33,0
-1036,-0.252930,-1015,16,14,33,0
-1035,-0.252686,-1014,16,14,33,0
-1034,-0.252441,-1013,13,14,30,0
-1033,-0.252197,-1012,13,14,30,0
-1032,-0.251953,-1011,14,14,31,0
-1031,-0.251709,-1010,13,14,30,0
-1030,-0.251465,-1009,14,12,29,0
-1029,-0.251221,-1008,13,13,32,0
-1028,-0.250977,-1007,18,12,33,0
-1027,-0.250732,-1006,15,13,31,0
-1026,-0.250488,-1006,16,14,33,0
-1025,-0.250244,-1004,13,13,32,0
-1024,-0.250000,-1004,17,14,34,0
-1023,-0.249756,-1002,15,13,31,0
-1022,-0.249512,-1002,16,14,33,0
-1021,-0.249268,-1000,13,13,29,0
-1020,-0.249023,-1000,13,14,30,0
-1019,-0.248779,-999,16,14,33,0
-1018,-0.248535,-998,13,14,30,0
-1017,-0.248291,-997,16,14,33,0
-1016,-0.248047,-996,12,14,29,0
-1015,-0.247803,-995,13,14,30,0
-1014,-0.247559,-994,14,13,30,0
-1013,-0.247314,-993,13,14,30,0
-1012,-0.247070,-992,14,13,30,0
-1011,-0.246826,-992,16,14,33,0
-1010,-0.246582,-991,16,14,33,0
-1009,-0.246338,-989,13,12,28,0
-1008,-0.246094,-988,15,13,31,0
-1007,-0.245850,-988,17,14,34,0
-1006,-0.245605,-987,16,14,33,0
-1005,-0.245361,-986,18,14,35,0
-1004,-0.245117,-985,16,14,33,0
-1003,-0.244873,-984,16,14,33,0
-1002,-0.244629,-983,13,14,30,0
-1001,-0.244385,-982,16,14,33,0
-1000,-0.244141,-981,13,14,30,0
-999,-0.243896,-980,12,14,29,0
-998,-0.243652,-979,14,12,29,0
-997,-0.243408,-978,13,14,30,0
-996,-0.243164,-977,14,12,29,0
-995,-0.242920,-976,13,13,32,0
-994,-0.242676,-976,18,14,35,0
-993,-0.242432,-974,13,13,32,0
-992,-0.242188,-973,14,12,29,0
-991,-0.241943,-972,13,13,29,0
-990,-0.241699,-972,16,14,33,0
-989,-0.241455,-970,15,13,31,0
-988,-0.241211,-970,16,14,33,0
-987,-0.240967,-969,17,14,34,0
-986,-0.240723,-968,13,14,30,0
-985,-0.240479,-967,16,14,33,0
-984,-0.240234,-966,16,14,33,0
-983,-0.239990,-965,16,14,33,0
-982,-0.239746,-964,13,14,30,0
-981,-0.239502,-963,13,14,30,0
-980,-0.239258,-962,14,13,30,0
-979,-0.239014,-961,13,14,30,0
-978,-0.238770,-960,14,13,30,0
-977,-0.238525,-959,13,14,30,0
-976,-0.238281,-958,14,13,30,0
-975,-0.238037,-957,13,12,28,0
-974,-0.237793,-956,14,13,30,0
-973,-0.237549,-955,13,12,28,0
-972,-0.237305,-954,14,13,30,0
-971,-0.237061,-954,16,14,33,0
-970,-0.236816,-953,16,14,33,0
-969,-0.236572,-952,16,14,33,0
-968,-0.236328,-951,16,14,33,0
-967,-0.236084,-950,16,14,33,0
-966,-0.235840,-949,13,14,30,0
-965,-0.235596,-948,13,14,30,0
-964,-0.235352,-947,14,14,31,0
-963,-0.235107,-946,13,14,30,0
-962,-0.234863,-945,14,12,29,0
-961,-0.234619,-944,13,14,30,0
-960,-0.234375,-943,14,12,29,0
-959,-0.234131,-942,13,13,32,0
-958,-0.233887,-941,14,12,29,0
-957,-0.233643,-940,13,13,32,0
-956,-0.233398,-939,15,12,30,0
-955,-0.233154,-938,15,13,31,0
-954,-0.232910,-938,17,14,34,0
-953,-0.232666,-936,13,13,29,0
-952,-0.232422,-936,16,14,33,0
-951,-0.232178,-935,16,14,33,0
-950,-0.231934,-934,13,14,30,0
-949,-0.231689,-933,17,14,34,0
-948,-0.231445,-932,12,14,29,0
-947,-0.231201,-931,13,14,30,0
-946,-0.230957,-930,14,13,30,0
-945,-0.230713,-928,13,13,32,0
-944,-0.230469,-927,16,12,31,0
-943,-0.230225,-926,16,13,32,0
-942,-0.229980,-926,17,14,34,0
-941,-0.229736,-924,13,13,32,0
-940,-0.229492,-924,15,14,32,0
-939,-0.229248,-923,15,14,32,0
-938,-0.229004,-922,13,14,30,0
-937,-0.228760,-921,15,14,32,0
-936,-0.228516,-920,13,14,30,0
-935,-0.228271,-919,14,14,31,0
-934,-0.228027,-918,13,13,29,0
-933,-0.227783,-917,14,14,31,0
-932,-0.227539,-916,13,14,30,0
-931,-0.227295,-915,14,12,29,0
-930,-0.227051,-914,13,13,29,0
-929,-0.226807,-913,14,14,31,0
-928,-0.226562,-912,12,13,31,0
-927,-0.226318,-911,16,12,31,0
-926,-0.226074,-910,16,13,32,0
-925,-0.225830,-909,14,12,29,0
-924,-0.225586,-908,12,13,31,0
-923,-0.225342,-908,17,14,34,0
-922,-0.225098,-907,17,14,34,0
-921,-0.224854,-905,16,12,31,0
-920,-0.224609,-905,17,14,34,0
-919,-0.224365,-904,14,14,31,0
-918,-0.224121,-903,13,14,30,0
-917,-0.223877,-902,15,14,32,0
-916,-0.223633,-901,15,14,32,0
-915,-0.223389,-900,14,14,31,0
-914,-0.223145,-899,13,12,28,0
-913,-0.222900,-898,15,14,32,0
-912,-0.222656,-897,13,14,30,0
-911,-0.222412,-896,12,13,28,0
-910,-0.222168,-895,16,12,31,0
-909,-0.221924,-894,14,13,33,0
-908,-0.221680,-893,13,12,28,0
-907,-0.221436,-892,12,13,28,0
-906,-0.221191,-892,15,14,32,0
-905,-0.220947,-890,13,13,32,0
-904,-0.220703,-889,16,12,31,0
-903,-0.220459,-888,16,13,32,0
-902,-0.220215,-888,15,14,32,0
-901,-0.219971,-886,16,13,32,0
-900,-0.219727,-886,15,14,32,0
-899,-0.219482,-885,17,14,34,0
-898,-0.219238,-884,13,14,30,0
-897,-0.218994,-883,15,14,32,0
-896,-0.218750,-882,13,14,30,0
-895,-0.218506,-881,15,14,32,0
-894,-0.218262,-880,13,13,29,0
-893,-0.218018,-879,14,14,31,0
-892,-0.217773,-878,13,13,29,0
-891,-0.217529,-877,14,12,29,0
-890,-0.217285,-876,13,13,29,0
-889,-0.217041,-875,14,12,29,0
-888,-0.216797,-874,13,13,29,0
-887,-0.216553,-873,12,12,27,0
-886,-0.216309,-872,16,13,32,0
-885,-0.216064,-871,16,12,31,0
-884,-0.215820,-870,16,13,32,0
-883,-0.215576,-870,17,14,34,0
-882,-0.215332,-869,15,14,32,0
-881,-0.215088,-867,16,12,31,0
-880,-0.214844,-867,17,14,34,0
-879,-0.214600,-866,15,14,32,0
-878,-0.214355,-865,15,14,32,0
-877,-0.214111,-864,15,14,32,0
-876,-0.213867,-863,15,14,32,0
-875,-0.213623,-862,14,14,31,0
-874,-0.213379,-861,13,14,30,0
-873,-0.213135,-860,14,14,31,0
-872,-0.212891,-859,13,14,30,0
-871,-0.212646,-858,14,14,31,0
-870,-0.212402,-857,13,12,28,0
-869,-0.212158,-856,14,14,31,0
-868,-0.211914,-855,13,12,28,0
-867,-0.211670,-854,14,13,33,0
-866,-0.211426,-853,13,12,28,0
-865,-0.211182,-852,13,13,32,0
-864,-0.210938,-851,16,12,31,0
-863,-0.210693,-850,12,13,28,0
-862,-0.210449,-849,16,12,31,0
-861,-0.210205,-848,13,13,32,0
-860,-0.209961,-848,17,14,34,0
-859,-0.209717,-846,16,13,32,0
-858,-0.209473,-846,15,14,32,0
-857,-0.209229,-844,16,13,32,0
-856,-0.208984,-844,15,14,32,0
-855,-0.208740,-843,17,14,34,0
-854,-0.208496,-842,13,14,30,0
-853,-0.208252,-841,17,14,34,0
-852,-0.208008,-840,13,14,30,0
-851,-0.207764,-839,14,14,31,0
-850,-0.207520,-838,13,14,30,0
-849,-0.207275,-837,15,14,32,0
-848,-0.207031,-836,13,14,30,0
-847,-0.206787,-835,14,12,29,0
-846,-0.206543,-834,13,13,29,0
-845,-0.206299,-833,14,14,31,0
-844,-0.206055,-832,12,13,31,0
-843,-0.205811,-831,16,12,31,0
-842,-0.205566,-830,16,13,32,0
-841,-0.205322,-829,14,12,29,0
-840,-0.205078,-828,12,13,31,0
-839,-0.204834,-827,16,12,31,0
-838,-0.204590,-826,16,13,32,0
-837,-0.204346,-825,16,12,31,0
-836,-0.204102,-824,16,13,32,0
-835,-0.203857,-824,15,14,32,0
-834,-0.203613,-823,15,14,32,0
-833,-0.203369,-822,17,14,34,0
-832,-0.203125,-821,17,14,34,0
-831,-0.202881,-820,15,14,32,0
-830,-0.202637,-819,13,14,30,0
-829,-0.202393,-818,14,14,31,0
-828,-0.202148,-817,13,14,30,0
-827,-0.201904,-816,14,14,31,0
-826,-0.201660,-815,13,12,28,0
-825,-0.201416,-814,14,14,31,0
-824,-0.201172,-813,13,12,28,0
-823,-0.200928,-812,14,13,33,0
-822,-0.200684,-811,13,12,28,0
-821,-0.200439,-810,14,13,33,0
-820,-0.200195,-809,13,12,28,0
-819,-0.199951,-808,12,13,28,0
-818,-0.199707,-807,16,12,31,0
-817,-0.199463,-806,14,14,31,0
-816,-0.199219,-805,13,12,28,0
-815,-0.198975,-804,14,13,33,0
-814,-0.198730,-803,13,12,28,0
-813,-0.198486,-802,14,13,33,0
-812,-0.198242,-801,13,12,28,0
-811,-0.197998,-800,12,13,28,0
-810,-0.197754,-800,17,14,34,0
-809,-0.197510,-798,13,13,32,0
-808,-0.197266,-797,16,12,31,0
-807,-0.197021,-796,13,13,32,0
-806,-0.196777,-796,15,14,32,0
-805,-0.196533,-794,16,13,32,0
-804,-0.196289,-794,15,14,32,0
-803,-0.196045,-793,15,14,32,0
-802,-0.195801,-792,13,14,30,0
-801,-0.195557,-790,16,13,32,0
-800,-0.195312,-790,15,14,32,0
-799,-0.195068,-789,15,14,32,0
-798,-0.194824,-788,13,14,30,0
-797,-0.194580,-787,15,14,32,0
-796,-0.194336,-786,13,14,30,0
-795,-0.194092,-785,15,14,32,0
-794,-0.193848,-784,13,13,29,0
-793,-0.193604,-783,14,14,31,0
-792,-0.193359,-782,13,13,29,0
-791,-0.193115,-781,14,14,31,0
-790,-0.192871,-780,13,13,29,0
-789,-0.192627,-779,14,12,29,0
-788,-0.192383,-778,13,13,29,0
-787,-0.192139,-777,14,12,29,0
-786,-0.191895,-776,13,13,29,0
-785,-0.191650,-775,14,14,31,0
-784,-0.191406,-774,13,13,29,0
-783,-0.191162,-773,14,12,29,0
-782,-0.190918,-772,13,13,29,0
-781,-0.190674,-771,14,12,29,0
-780,-0.190430,-770,12,13,31,0
-779,-0.190186,-769,13,12,28,0
-778,-0.189941,-768,16,13,32,0
-777,-0.189697,-768,14,14,31,0
-776,-0.189453,-767,13,12,28,0
-775,-0.189209,-766,14,14,31,0
-774,-0.188965,-765,13,12,28,0
-773,-0.188721,-764,14,13,33,0
-772,-0.188477,-763,13,12,28,0
-771,-0.188232,-762,14,13,33,0
-770,-0.187988,-761,13,12,28,0
-769,-0.187744,-760,14,14,31,0
-768,-0.187500,-759,13,12,28,0
-767,-0.187256,-758,12,13,28,0
-766,-0.187012,-757,16,12,31,0
-765,-0.186768,-756,13,13,32,0
-764,-0.186523,-755,16,12,31,0
-763,-0.186279,-754,12,13,28,0
-762,-0.186035,-753,16,12,31,0
-761,-0.185791,-752,13,13,32,0
-760,-0.185547,-752,15,14,32,0
-759,-0.185303,-751,15,14,32,0
-758,-0.185059,-750,15,14,32,0
-757,-0.184814,-749,15,14,32,0
-756,-0.184570,-748,15,14,32,0
-755,-0.184326,-747,15,14,32,0
-754,-0.184082,-746,13,14,30,0
-753,-0.183838,-744,13,13,32,0
-752,-0.183594,-743,16,12,31,0
-751,-0.183350,-742,12,13,28,0
-750,-0.183105,-741,16,12,31,0
-749,-0.182861,-740,13,13,32,0
-748,-0.182617,-740,17,14,34,0
-747,-0.182373,-738,16,13,32,0
-746,-0.182129,-738,15,14,32,0
-745,-0.181885,-736,16,13,32,0
-744,-0.181641,-736,13,14,30,0
-743,-0.181396,-735,14,14,31,0
-742,-0.181152,-734,13,13,29,0
-741,-0.180908,-733,14,12,29,0
-740,-0.180664,-732,13,13,29,0
-739,-0.180420,-731,14,12,29,0
-738,-0.180176,-730,13,13,29,0
-737,-0.179932,-729,14,14,31,0
-736,-0.179688,-728,13,13,29,0
-735,-0.179443,-727,14,12,29,0
-734,-0.179199,-726,13,13,29,0
-733,-0.178955,-725,14,12,29,0
-732,-0.178711,-724,12,13,31,0
-731,-0.178467,-723,13,12,28,0
-730,-0.178223,-722,16,13,32,0
-729,-0.177979,-721,14,12,29,0
-728,-0.177734,-720,12,13,31,0
-727,-0.177490,-720,17,14,34,0
-726,-0.177246,-719,17,14,34,0
-725,-0.177002,-718,17,14,34,0
-724,-0.176758,-717,15,14,32,0
-723,-0.176514,-716,15,14,32,0
-722,-0.176270,-715,15,14,32,0
-721,-0.176025,-713,14,12,29,0
-720,-0.175781,-712,12,13,31,0
-719,-0.175537,-712,18,14,35,0
-718,-0.175293,-711,18,14,35,0
-717,-0.175049,-710,18,14,35,0
-716,-0.174805,-709,15,14,32,0
-715,-0.174561,-708,15,14,32,0
-714,-0.174316,-707,15,14,32,0
-713,-0.174072,-706,17,14,34,0
-712,-0.173828,-705,17,14,34,0
-711,-0.173584,-704,14,14,31,0
-710,-0.173340,-703,13,12,28,0
-709,-0.173096,-702,14,13,33,0
-708,-0.172852,-701,13,12,28,0
-707,-0.172607,-700,12,13,28,0
-706,-0.172363,-699,16,12,31,0
-705,-0.172119,-698,14,14,31,0
-704,-0.171875,-697,13,12,28,0
-703,-0.171631,-696,14,13,33,0
-702,-0.171387,-695,13,12,28,0
-701,-0.171143,-694,14,13,33,0
-700,-0.170898,-693,13,12,28,0
-699,-0.170654,-692,14,13,33,0
-698,-0.170410,-691,13,12,28,0
-697,-0.170166,-690,14,13,33,0
-696,-0.169922,-689,13,12,28,0
-695,-0.169678,-688,12,13,28,0
-694,-0.169434,-688,15,14,32,0
-693,-0.169189,-687,17,14,34,0
-692,-0.168945,-686,15,14,32,0
-691,-0.168701,-685,15,14,32,0
-690,-0.168457,-684,13,14,30,0
-689,-0.168213,-682,14,14,31,0
-688,-0.167969,-681,13,14,30,0
-687,-0.167725,-680,14,13,33,0
-686,-0.167480,-679,13,12,28,0
-685,-0.167236,-678,13,13,32,0
-684,-0.166992,-677,16,12,31,0
-683,-0.166748,-676,13,13,32,0
-682,-0.166504,-675,16,12,31,0
-681,-0.166260,-674,14,13,33,0
-680,-0.166016,-673,13,12,28,0
-679,-0.165771,-672,12,13,28,0
-678,-0.165527,-672,15,14,32,0
-677,-0.165283,-671,15,14,32,0
-676,-0.165039,-670,15,14,32,0
-675,-0.164795,-669,15,14,32,0
-674,-0.164551,-668,13,14,30,0
-673,-0.164307,-666,16,13,32,0
-672,-0.164062,-666,15,14,32,0
-671,-0.163818,-664,16,13,32,0
-670,-0.163574,-664,13,14,30,0
-669,-0.163330,-663,15,14,32,0
-668,-0.163086,-662,13,14,30,0
-667,-0.162842,-661,15,14,32,0
-666,-0.162598,-660,13,14,30,0
-665,-0.162354,-659,17,14,34,0
-664,-0.162109,-658,13,14,30,0
-663,-0.161865,-657,15,14,32,0
-662,-0.161621,-656,13,14,30,0
-661,-0.161377,-655,14,12,29,0
-660,-0.161133,-654,13,13,29,0
-659,-0.160889,-653,14,12,29,0
-658,-0.160645,-652,13,13,29,0
-657,-0.160400,-651,14,14,31,0
-656,-0.160156,-650,13,14,30,0
-655,-0.159912,-649,14,14,31,0
-654,-0.159668,-648,13,13,29,0
-653,-0.159424,-647,14,12,29,0
-652,-0.159180,-646,12,13,31,0
-651,-0.158936,-645,14,12,29,0
-650,-0.158691,-644,13,13,29,0
-649,-0.158447,-643,14,12,29,0
-648,-0.158203,-642,12,13,31,0
-647,-0.157959,-641,14,12,29,0
-646,-0.157715,-640,13,13,29,0
-645,-0.157471,-640,15,14,32,0
-644,-0.157227,-639,13,14,30,0
-643,-0.156982,-638,15,14,32,0
-642,-0.156738,-637,13,14,30,0
-641,-0.156494,-636,17,14,34,0
-640,-0.156250,-635,17,14,34,0
-639,-0.156006,-634,15,14,32,0
-638,-0.155762,-633,15,14,32,0
-637,-0.155518,-632,15,14,32,0
-636,-0.155273,-631,13,14,30,0
-635,-0.155029,-630,14,14,31,0
-634,-0.154785,-629,13,14,30,0
-633,-0.154541,-628,15,14,32,0
-632,-0.154297,-627,13,14,30,0
-631,-0.154053,-626,15,14,32,0
-630,-0.153809,-625,13,14,30,0
-629,-0.153564,-624,14,14,31,0
-628,-0.153320,-623,13,12,28,0
-627,-0.153076,-622,14,13,33,0
-626,-0.152832,-621,13,12,28,0
-625,-0.152588,-620,14,14,31,0
-624,-0.152344,-619,13,14,30,0
-623,-0.152100,-618,14,14,31,0
-622,-0.151855,-617,13,12,28,0
-621,-0.151611,-616,14,13,33,0
-620,-0.151367,-615,13,12,28,0
-619,-0.151123,-614,12,13,28,0
-618,-0.150879,-613,16,12,31,0
-617,-0.150635,-612,14,13,33,0
-616,-0.150391,-611,13,12,28,0
-615,-0.150146,-610,14,13,33,0
-614,-0.149902,-609,13,12,28,0
-613,-0.149658,-608,13,13,32,0
-612,-0.149414,-608,15,14,32,0
-611,-0.149170,-607,18,14,35,0
-610,-0.148926,-606,15,14,32,0
-609,-0.148682,-604,13,13,32,0
-608,-0.148438,-603,16,12,31,0
-607,-0.148193,-602,13,13,32,0
-606,-0.147949,-601,16,12,31,0
-605,-0.147705,-600,13,13,32,0
-604,-0.147461,-600,15,14,32,0
-603,-0.147217,-599,17,14,34,0
-602,-0.146973,-598,15,14,32,0
-601,-0.146729,-596,16,13,32,0
-600,-0.146484,-596,15,14,32,0
-599,-0.146240,-595,17,14,34,0
-598,-0.145996,-594,15,14,32,0
-597,-0.145752,-593,17,14,34,0
-596,-0.145508,-592,13,14,30,0
-595,-0.145264,-591,15,14,32,0
-594,-0.145020,-590,13,14,30,0
-593,-0.144775,-588,18,13,34,0
-592,-0.144531,-588,15,14,32,0
-591,-0.144287,-587,15,14,32,0
-590,-0.144043,-586,15,14,32,0
-589,-0.143799,-585,15,14,32,0
-588,-0.143555,-584,13,14,30,0
-587,-0.143311,-583,14,14,31,0
-586,-0.143066,-582,13,14,30,0
-585,-0.142822,-581,15,14,32,0
-584,-0.142578,-580,13,14,30,0
-583,-0.142334,-579,14,14,31,0
-582,-0.142090,-578,13,14,30,0
-581,-0.141846,-577,14,14,31,0
-580,-0.141602,-576,12,13,31,0
-579,-0.141357,-575,14,12,29,0
-578,-0.141113,-574,13,13,29,0
-577,-0.140869,-573,14,14,31,0
-576,-0.140625,-572,13,14,30,0
-575,-0.140381,-571,14,14,31,0
-574,-0.140137,-570,13,13,29,0
-573,-0.139893,-569,14,12,29,0
-572,-0.139648,-568,13,13,29,0
-571,-0.139404,-567,14,12,29,0
-570,-0.139160,-566,13,13,29,0
-569,-0.138916,-565,14,12,29,0
-568,-0.138672,-564,13,13,29,0
-567,-0.138428,-563,14,12,29,0
-566,-0.138184,-562,13,13,29,0
-565,-0.137939,-561,14,12,29,0
-564,-0.137695,-560,12,13,31,0
-563,-0.137451,-560,15,14,32,0
-562,-0.137207,-559,15,14,32,0
-561,-0.136963,-557,14,12,29,0
-560,-0.136719,-556,13,13,29,0
-559,-0.136475,-555,14,12,29,0
-558,-0.136230,-554,13,14,30,0
-557,-0.135986,-553,14,14,31,0
-556,-0.135742,-552,13,13,29,0
-555,-0.135498,-551,14,12,29,0
-554,-0.135254,-550,13,13,29,0
-553,-0.135010,-549,14,12,29,0
-552,-0.134766,-548,13,13,29,0
-551,-0.134521,-547,14,12,29,0
-550,-0.134277,-546,13,13,29,0
-549,-0.134033,-545,14,12,29,0
-548,-0.133789,-544,12,13,31,0
-547,-0.133545,-544,17,14,34,0
-546,-0.133301,-543,15,14,32,0
-545,-0.133057,-541,16,12,31,0
-544,-0.132812,-540,16,13,32,0
-543,-0.132568,-540,17,14,34,0
-542,-0.132324,-538,16,13,32,0
-541,-0.132080,-538,17,14,34,0
-540,-0.131836,-537,15,14,32,0
-539,-0.131592,-536,15,14,32,0
-538,-0.131348,-535,15,14,32,0
-537,-0.131104,-534,15,14,32,0
-536,-0.130859,-533,15,14,32,0
-535,-0.130615,-532,15,14,32,0
-534,-0.130371,-531,15,14,32,0
-533,-0.130127,-530,15,14,32,0
-532,-0.129883,-529,15,14,32,0
-531,-0.129639,-528,14,14,31,0
-530,-0.129395,-527,13,12,28,0
-529,-0.129150,-526,15,14,32,0
-528,-0.128906,-525,15,14,32,0
-527,-0.128662,-524,15,14,32,0
-526,-0.128418,-523,15,14,32,0
-525,-0.128174,-522,15,14,32,0
-524,-0.127930,-521,15,14,32,0
-523,-0.127686,-520,14,14,31,0
-522,-0.127441,-519,13,14,30,0
-521,-0.127197,-518,15,14,32,0
-520,-0.126953,-517,15,14,32,0
-519,-0.126709,-516,15,14,32,0
-518,-0.126465,-515,15,14,32,0
-517,-0.126221,-514,15,14,32,0
-516,-0.125977,-513,13,14,30,0
-515,-0.125732,-512,12,13,28,0
-514,-0.125488,-512,15,14,32,0
-513,-0.125244,-510,13,13,32,0
-512,-0.125000,-509,16,12,31,0
-511,-0.124756,-508,16,13,32,0
-510,-0.124512,-508,18,14,35,0
-509,-0.124268,-506,16,13,32,0
-508,-0.124023,-506,17,14,34,0
-507,-0.123779,-504,16,13,32,0
-506,-0.123535,-504,15,14,32,0
-505,-0.123291,-502,16,13,32,0
-504,-0.123047,-502,15,14,32,0
-503,-0.122803,-500,16,13,32,0
-502,-0.122559,-500,15,14,32,0
-501,-0.122314,-499,18,14,35,0
-500,-0.122070,-498,15,14,32,0
-499,-0.121826,-497,17,14,34,0
-498,-0.121582,-496,13,14,30,0
-497,-0.121338,-494,13,13,32,0
-496,-0.121094,-493,16,12,31,0
-495,-0.120850,-492,14,13,30,0
-494,-0.120605,-491,13,12,28,0
-493,-0.120361,-490,13,13,32,0
-492,-0.120117,-489,16,12,31,0
-491,-0.119873,-488,13,13,32,0
-490,-0.119629,-488,17,14,34,0
-489,-0.119385,-486,13,13,32,0
-488,-0.119141,-485,16,12,31,0
-487,-0.118896,-484,13,13,32,0
-486,-0.118652,-483,18,12,33,0
-485,-0.118408,-482,16,13,32,0
-484,-0.118164,-482,15,14,32,0
-483,-0.117920,-481,17,14,34,0
-482,-0.117676,-480,13,14,30,0
-481,-0.117432,-479,15,14,32,0
-480,-0.117188,-478,13,14,30,0
-479,-0.116943,-477,15,14,32,0
-478,-0.116699,-476,13,14,30,0
-477,-0.116455,-475,15,14,32,0
-476,-0.116211,-474,13,14,30,0
-475,-0.115967,-473,15,14,32,0
-474,-0.115723,-472,13,14,30,0
-473,-0.115479,-471,15,14,32,0
-472,-0.115234,-470,13,14,30,0
-471,-0.114990,-469,14,14,31,0
-470,-0.114746,-468,13,14,30,0
-469,-0.114502,-467,14,14,31,0
-468,-0.114258,-466,13,14,30,0
-467,-0.114014,-465,14,14,31,0
-466,-0.113770,-464,13,13,29,0
-465,-0.113525,-463,15,14,32,0
-464,-0.113281,-462,13,14,30,0
-463,-0.113037,-461,15,14,32,0
-462,-0.112793,-460,13,14,30,0
-461,-0.112549,-459,14,14,31,0
-460,-0.112305,-458,13,14,30,0
-459,-0.112061,-457,14,14,31,0
-458,-0.111816,-456,13,13,29,0
-457,-0.111572,-455,14,14,31,0
-456,-0.111328,-454,13,14,30,0
-455,-0.111084,-453,15,14,32,0
-454,-0.110840,-452,13,14,30,0
-453,-0.110596,-451,14,14,31,0
-452,-0.110352,-450,13,14,30,0
-451,-0.110107,-449,14,14,31,0
-450,-0.109863,-448,13,13,29,0
-449,-0.109619,-447,14,12,29,0
-448,-0.109375,-446,13,13,29,0
-447,-0.109131,-445,14,12,29,0
-446,-0.108887,-444,13,13,29,0
-445,-0.108643,-443,14,12,29,0
-444,-0.108398,-442,13,13,29,0
-443,-0.108154,-441,14,12,29,0
-442,-0.107910,-440,13,13,29,0
-441,-0.107666,-439,14,12,29,0
-440,-0.107422,-438,12,13,31,0
-439,-0.107178,-437,16,12,31,0
-438,-0.106934,-436,13,13,29,0
-437,-0.106689,-435,13,12,28,0
-436,-0.106445,-434,16,13,32,0
-435,-0.106201,-433,16,12,31,0
-434,-0.105957,-432,16,13,32,0
-433,-0.105713,-432,14,14,31,0
-432,-0.105469,-430,13,14,30,0
-431,-0.105225,-429,14,14,31,0
-430,-0.104980,-428,13,14,30,0
-429,-0.104736,-427,14,12,29,0
-428,-0.104492,-426,13,14,30,0
-427,-0.104248,-425,14,14,31,0
-426,-0.104004,-424,13,14,30,0
-425,-0.103760,-423,14,12,29,0
-424,-0.103516,-422,13,14,30,0
-423,-0.103271,-421,14,12,29,0
-422,-0.103027,-420,13,14,30,0
-421,-0.102783,-419,14,12,29,0
-420,-0.102539,-418,13,14,30,0
-419,-0.102295,-417,14,12,29,0
-418,-0.102051,-416,13,13,32,0
-417,-0.101807,-415,15,12,30,0
-416,-0.101562,-414,13,13,32,0
-415,-0.101318,-413,14,12,29,0
-414,-0.101074,-412,13,13,32,0
-413,-0.100830,-411,15,12,30,0
-412,-0.100586,-410,13,13,32,0
-411,-0.100342,-409,14,12,29,0
-410,-0.100098,-408,13,13,29,0
-409,-0.099854,-408,17,14,34,0
-408,-0.099609,-406,13,13,32,0
-407,-0.099365,-405,15,12,30,0
-406,-0.099121,-404,13,13,32,0
-405,-0.098877,-403,15,12,30,0
-404,-0.098633,-402,13,13,32,0
-403,-0.098389,-401,15,12,30,0
-402,-0.098145,-400,13,13,29,0
-401,-0.097900,-400,17,14,34,0
-400,-0.097656,-398,13,13,32,0
-399,-0.097412,-397,14,12,29,0
-398,-0.097168,-396,13,13,32,0
-397,-0.096924,-395,14,12,29,0
-396,-0.096680,-394,13,13,32,0
-395,-0.096436,-393,14,12,29,0
-394,-0.096191,-392,13,13,32,0
-393,-0.095947,-392,18,14,35,0
-392,-0.095703,-390,13,13,32,0
-391,-0.095459,-389,14,12,29,0
-390,-0.095215,-388,13,13,32,0
-389,-0.094971,-387,15,12,30,0
-388,-0.094727,-386,13,13,32,0
-387,-0.094482,-385,14,12,29,0
-386,-0.094238,-384,13,13,29,0
-385,-0.093994,-384,13,14,30,0
-384,-0.093750,-382,15,13,31,0
-383,-0.093506,-382,16,14,33,0
-382,-0.093262,-381,16,14,33,0
-381,-0.093018,-380,16,14,33,0
-380,-0.092773,-379,17,14,34,0
-379,-0.092529,-378,16,14,33,0
-378,-0.092285,-377,17,14,34,0
-377,-0.092041,-376,13,14,30,0
-376,-0.091797,-375,17,14,34,0
-375,-0.091553,-374,16,14,33,0
-374,-0.091309,-373,17,14,34,0
-373,-0.091064,-372,16,14,33,0
-372,-0.090820,-371,16,14,33,0
-371,-0.090576,-370,16,14,33,0
-370,-0.090332,-369,16,14,33,0
-369,-0.090088,-368,13,14,30,0
-368,-0.089844,-367,17,14,34,0
-367,-0.089600,-366,16,14,33,0
-366,-0.089355,-365,17,14,34,0
-365,-0.089111,-364,16,14,33,0
-364,-0.088867,-363,16,14,33,0
-363,-0.088623,-362,13,14,30,0
-362,-0.088379,-361,16,14,33,0
-361,-0.088135,-360,13,14,30,0
-360,-0.087891,-359,16,14,33,0
-359,-0.087646,-358,13,14,30,0
-358,-0.087402,-357,16,14,33,0
-357,-0.087158,-356,13,14,30,0
-356,-0.086914,-355,16,14,33,0
-355,-0.086670,-354,16,14,33,0
-354,-0.086426,-353,16,14,33,0
-353,-0.086182,-352,13,14,30,0
-352,-0.085938,-351,16,14,33,0
-351,-0.085693,-350,13,14,30,0
-350,-0.085449,-349,16,14,33,0
-349,-0.085205,-348,13,14,30,0
-348,-0.084961,-347,16,14,33,0
-347,-0.084717,-346,12,14,29,0
-346,-0.084473,-345,16,14,33,0
-345,-0.084229,-344,13,14,30,0
-344,-0.083984,-343,16,14,33,0
-343,-0.083740,-342,12,14,29,0
-342,-0.083496,-341,16,14,33,0
-341,-0.083252,-340,13,14,30,0
-340,-0.083008,-339,16,14,33,0
-339,-0.082764,-338,12,14,29,0
-338,-0.082520,-337,13,14,30,0
-337,-0.082275,-336,14,14,31,0
-336,-0.082031,-335,16,14,33,0
-335,-0.081787,-334,12,14,29,0
-334,-0.081543,-333,13,14,30,0
-333,-0.081299,-332,14,14,31,0
-332,-0.081055,-331,16,14,33,0
-331,-0.080811,-330,12,14,29,0
-330,-0.080566,-329,13,14,30,0
-329,-0.080322,-328,14,13,30,0
-328,-0.080078,-327,13,14,30,0
-327,-0.079834,-326,14,14,31,0
-326,-0.079590,-325,16,14,33,0
-325,-0.079346,-324,13,14,30,0
-324,-0.079102,-323,13,14,30,0
-323,-0.078857,-322,14,14,31,0
-322,-0.078613,-321,13,14,30,0
-321,-0.078369,-320,14,13,30,0
-320,-0.078125,-319,13,12,28,0
-319,-0.077881,-318,14,13,30,0
-318,-0.077637,-317,13,12,28,0
-317,-0.077393,-316,14,13,30,0
-316,-0.077148,-315,13,12,28,0
-315,-0.076904,-314,14,13,30,0
-314,-0.076660,-313,13,12,28,0
-313,-0.076416,-312,14,13,30,0
-312,-0.076172,-311,13,12,28,0
-311,-0.075928,-310,14,13,30,0
-310,-0.075684,-309,13,12,28,0
-309,-0.075439,-308,14,13,30,0
-308,-0.075195,-307,13,12,28,0
-307,-0.074951,-306,14,13,30,0
-306,-0.074707,-305,13,12,28,0
-305,-0.074463,-304,14,13,30,0
-304,-0.074219,-303,13,14,30,0
-303,-0.073975,-302,14,13,30,0
-302,-0.073730,-301,13,14,30,0
-301,-0.073486,-300,14,13,30,0
-300,-0.073242,-299,13,12,28,0
-299,-0.072998,-298,14,13,30,0
-298,-0.072754,-297,13,14,30,0
-297,-0.072510,-296,14,13,30,0
-296,-0.072266,-295,13,12,28,0
-295,-0.072021,-294,14,13,30,0
-294,-0.071777,-293,13,12,28,0
-293,-0.071533,-292,14,13,30,0
-292,-0.071289,-291,13,12,28,0
-291,-0.071045,-290,14,13,30,0
-290,-0.070801,-289,13,14,30,0
-289,-0.070557,-288,14,13,30,0
-288,-0.070312,-287,13,12,28,0
-287,-0.070068,-286,14,13,30,0
-286,-0.069824,-285,13,12,28,0
-285,-0.069580,-284,14,13,30,0
-284,-0.069336,-283,13,12,28,0
-283,-0.069092,-282,14,13,30,0
-282,-0.068848,-281,13,12,28,0
-281,-0.068604,-280,14,13,30,0
-280,-0.068359,-279,13,12,28,0
-279,-0.068115,-278,14,13,30,0
-278,-0.067871,-277,13,12,28,0
-277,-0.067627,-276,14,13,30,0
-276,-0.067383,-275,13,12,28,0
-275,-0.067139,-274,14,13,30,0
-274,-0.066895,-273,13,14,30,0
-273,-0.066650,-272,14,13,30,0
-272,-0.066406,-271,13,12,28,0
-271,-0.066162,-270,14,13,30,0
-270,-0.065918,-269,13,12,28,0
-269,-0.065674,-268,14,13,30,0
-268,-0.065430,-267,13,12,28,0
-267,-0.065186,-266,14,13,30,0
-266,-0.064941,-265,13,12,28,0
-265,-0.064697,-264,14,13,30,0
-264,-0.064453,-263,13,12,28,0
-263,-0.064209,-262,14,13,30,0
-262,-0.063965,-261,13,12,28,0
-261,-0.063721,-260,14,13,30,0
-260,-0.063477,-259,13,12,28,0
-259,-0.063232,-258,14,13,30,0
-258,-0.062988,-257,13,12,28,0
-257,-0.062744,-256,14,13,30,0
-256,-0.062500,-255,15,12,30,0
-255,-0.062256,-254,15,13,31,0
-254,-0.062012,-253,15,12,30,0
-253,-0.061768,-252,15,13,31,0
-252,-0.061523,-251,15,12,30,0
-251,-0.061279,-251,17,14,34,0
-250,-0.061035,-250,17,14,34,0
-249,-0.060791,-248,15,13,31,0
-248,-0.060547,-247,15,12,30,0
-247,-0.060303,-247,17,14,34,0
-246,-0.060059,-246,17,14,34,0
-245,-0.059814,-245,16,14,33,0
-244,-0.059570,-244,16,14,33,0
-243,-0.059326,-243,17,14,34,0
-242,-0.059082,-242,17,14,34,0
-241,-0.058838,-240,15,13,31,0
-240,-0.058594,-240,17,14,34,0
-239,-0.058350,-239,16,14,33,0
-238,-0.058105,-238,16,14,33,0
-237,-0.057861,-237,18,14,35,0
-236,-0.057617,-236,18,14,35,0
-235,-0.057373,-234,15,13,31,0
-234,-0.057129,-233,15,12,30,0
-233,-0.056885,-232,15,13,31,0
-232,-0.056641,-231,15,12,30,0
-231,-0.056396,-230,18,13,34,0
-230,-0.056152,-229,18,12,33,0
-229,-0.055908,-229,18,14,35,0
-228,-0.055664,-228,18,14,35,0
-227,-0.055420,-226,18,13,34,0
-226,-0.055176,-225,18,12,33,0
-225,-0.054932,-225,17,14,34,0
-224,-0.054688,-223,15,12,30,0
-223,-0.054443,-223,17,14,34,0
-222,-0.054199,-222,17,14,34,0
-221,-0.053955,-221,16,14,33,0
-220,-0.053711,-220,16,14,33,0
-219,-0.053467,-219,17,14,34,0
-218,-0.053223,-218,17,14,34,0
-217,-0.052979,-216,15,13,31,0
-216,-0.052734,-216,17,14,34,0
-215,-0.052490,-214,15,13,31,0
-214,-0.052246,-213,15,12,30,0
-213,-0.052002,-213,17,14,34,0
-212,-0.051758,-212,17,14,34,0
-211,-0.051514,-211,16,14,33,0
-210,-0.051270,-210,16,14,33,0
-209,-0.051025,-209,17,14,34,0
-208,-0.050781,-208,17,14,34,0
-207,-0.050537,-207,16,14,33,0
-206,-0.050293,-206,16,14,33,0
-205,-0.050049,-205,17,14,34,0
-204,-0.049805,-204,17,14,34,0
-203,-0.049561,-203,16,14,33,0
-202,-0.049316,-202,16,14,33,0
-201,-0.049072,-201,16,14,33,0
-200,-0.048828,-200,16,14,33,0
-199,-0.048584,-199,16,14,33,0
-198,-0.048340,-198,16,14,33,0
-197,-0.048096,-197,16,14,33,0
-196,-0.047852,-196,16,14,33,0
-195,-0.047607,-195,17,14,34,0
-194,-0.047363,-194,17,14,34,0
-193,-0.047119,-193,16,14,33,0
-192,-0.046875,-192,16,14,33,0
-191,-0.046631,-191,17,14,34,0
-190,-0.046387,-190,17,14,34,0
-189,-0.046143,-189,16,14,33,0
-188,-0.045898,-188,16,14,33,0
-187,-0.045654,-187,16,14,33,0
-186,-0.045410,-186,16,14,33,0
-185,-0.045166,-185,16,14,33,0
-184,-0.044922,-184,16,14,33,0
-183,-0.044678,-183,16,14,33,0
-182,-0.044434,-182,16,14,33,0
-181,-0.044189,-181,16,14,33,0
-180,-0.043945,-180,16,14,33,0
-179,-0.043701,-179,16,14,33,0
-178,-0.043457,-178,16,14,33,0
-177,-0.043213,-177,16,14,33,0
-176,-0.042969,-176,14,14,31,0
-175,-0.042725,-175,13,14,30,0
-174,-0.042480,-174,14,14,31,0
-173,-0.042236,-173,13,14,30,0
-172,-0.041992,-172,14,14,31,0
-171,-0.041748,-171,13,14,30,0
-170,-0.041504,-170,14,14,31,0
-169,-0.041260,-169,13,14,30,0
-168,-0.041016,-168,14,14,31,0
-167,-0.040771,-167,13,14,30,0
-166,-0.040527,-166,14,14,31,0
-165,-0.040283,-165,13,14,30,0
-164,-0.040039,-164,14,14,31,0
-163,-0.039795,-163,13,14,30,0
-162,-0.039551,-162,14,14,31,0
-161,-0.039307,-161,13,14,30,0
-160,-0.039062,-160,14,14,31,0
-159,-0.038818,-159,13,14,30,0
-158,-0.038574,-158,14,14,31,0
-157,-0.038330,-157,13,14,30,0
-156,-0.038086,-156,14,14,31,0
-155,-0.037842,-155,13,14,30,0
-154,-0.037598,-154,14,14,31,0
-153,-0.037354,-153,13,14,30,0
-152,-0.037109,-152,14,14,31,0
-151,-0.036865,-151,13,14,30,0
-150,-0.036621,-150,14,14,31,0
-149,-0.036377,-149,13,14,30,0
-148,-0.036133,-148,14,14,31,0
-147,-0.035889,-147,13,14,30,0
-146,-0.035645,-146,14,14,31,0
-145,-0.035400,-145,13,12,28,0
-144,-0.035156,-144,14,14,31,0
-143,-0.034912,-143,13,14,30,0
-142,-0.034668,-142,14,14,31,0
-141,-0.034424,-141,13,12,28,0
-140,-0.034180,-140,14,14,31,0
-139,-0.033936,-139,13,12,28,0
-138,-0.033691,-138,14,14,31,0
-137,-0.033447,-137,13,14,30,0
-136,-0.033203,-136,14,14,31,0
-135,-0.032959,-135,13,14,30,0
-134,-0.032715,-134,14,14,31,0
-133,-0.032471,-133,13,14,30,0
-132,-0.032227,-132,14,14,31,0
-131,-0.031982,-131,13,14,30,0
-130,-0.031738,-130,14,14,31,0
-129,-0.031494,-129,13,14,30,0
-128,-0.031250,-128,14,14,31,0
-127,-0.031006,-127,13,14,30,0
-126,-0.030762,-126,14,14,31,0
-125,-0.030518,-125,13,14,30,0
-124,-0.030273,-124,14,14,31,0
-123,-0.030029,-123,13,14,30,0
-122,-0.029785,-122,14,14,31,0
-121,-0.029541,-121,13,14,30,0
-120,-0.029297,-120,14,14,31,0
-119,-0.029053,-119,13,14,30,0
-118,-0.028809,-118,14,14,31,0
-117,-0.028564,-117,13,14,30,0
-116,-0.028320,-116,14,14,31,0
-115,-0.028076,-115,13,14,30,0
-114,-0.027832,-114,14,14,31,0
-113,-0.027588,-113,13,14,30,0
-112,-0.027344,-112,14,14,31,0
-111,-0.027100,-111,13,14,30,0
-110,-0.026855,-110,14,14,31,0
-109,-0.026611,-109,13,14,30,0
-108,-0.026367,-108,14,14,31,0
-107,-0.026123,-107,13,14,30,0
-106,-0.025879,-106,14,14,31,0
-105,-0.025635,-105,13,14,30,0
-104,-0.025391,-104,14,14,31,0
-103,-0.025146,-103,13,14,30,0
-102,-0.024902,-102,14,14,31,0
-101,-0.024658,-101,13,12,28,0
-100,-0.024414,-100,14,14,31,0
-99,-0.024170,-99,13,12,28,0
-98,-0.023926,-98,14,14,31,0
-97,-0.023682,-97,13,14,30,0
-96,-0.023438,-96,14,14,31,0
-95,-0.023193,-95,13,12,28,0
-94,-0.022949,-94,14,14,31,0
-93,-0.022705,-93,13,14,30,0
-92,-0.022461,-92,14,14,31,0
-91,-0.022217,-91,13,14,30,0
-90,-0.021973,-90,14,14,31,0
-89,-0.021729,-89,13,14,30,0
-88,-0.021484,-88,14,14,31,0
-87,-0.021240,-87,13,14,30,0
-86,-0.020996,-86,14,14,31,0
-85,-0.020752,-85,13,14,30,0
-84,-0.020508,-84,14,14,31,0
-83,-0.020264,-83,13,14,30,0
-82,-0.020020,-82,14,14,31,0
-81,-0.019775,-81,13,12,28,0
-80,-0.019531,-80,14,14,31,0
-79,-0.019287,-79,13,14,30,0
-78,-0.019043,-78,14,14,31,0
-77,-0.018799,-77,13,12,28,0
-76,-0.018555,-76,14,14,31,0
-75,-0.018311,-75,13,12,28,0
-74,-0.018066,-74,14,14,31,0
-73,-0.017822,-73,13,14,30,0
-72,-0.017578,-72,14,14,31,0
-71,-0.017334,-71,13,12,28,0
-70,-0.017090,-70,14,14,31,0
-69,-0.016846,-69,13,14,30,0
-68,-0.016602,-68,14,14,31,0
-67,-0.016357,-67,13,14,30,0
-66,-0.016113,-66,14,14,31,0
-65,-0.015869,-65,13,12,28,0
-64,-0.015625,-64,14,14,31,0
-63,-0.015381,-63,13,14,30,0
-62,-0.015137,-62,14,14,31,0
-61,-0.014893,-61,13,12,28,0
-60,-0.014648,-60,14,14,31,0
-59,-0.014404,-59,13,12,28,0
-58,-0.014160,-58,14,14,31,0
-57,-0.013916,-57,13,12,28,0
-56,-0.013672,-56,14,14,31,0
-55,-0.013428,-55,13,12,28,0
-54,-0.013184,-54,14,14,31,0
-53,-0.012939,-53,13,12,28,0
-52,-0.012695,-52,14,14,31,0
-51,-0.012451,-51,13,12,28,0
-50,-0.012207,-50,14,14,31,0
-49,-0.011963,-49,13,12,28,0
-48,-0.011719,-48,14,14,31,0
-47,-0.011475,-47,13,12,28,0
-46,-0.011230,-46,14,14,31,0
-45,-0.010986,-45,13,12,28,0
-44,-0.010742,-44,14,14,31,0
-43,-0.010498,-43,13,12,28,0
-42,-0.010254,-42,14,14,31,0
-41,-0.010010,-41,13,12,28,0
-40,-0.009766,-40,14,14,31,0
-39,-0.009521,-39,13,12,28,0
-38,-0.009277,-38,14,14,31,0
-37,-0.009033,-37,13,12,28,0
-36,-0.008789,-36,14,14,31,0
-35,-0.008545,-35,13,12,28,0
-34,-0.008301,-34,14,13,33,0
-33,-0.008057,-33,13,14,30,0
-32,-0.007812,-32,14,14,31,0
-31,-0.007568,-31,13,12,28,0
-30,-0.007324,-30,14,14,31,0
-29,-0.007080,-29,13,12,28,0
-28,-0.006836,-28,14,14,31,0
-27,-0.006592,-27,13,12,28,0
-26,-0.006348,-26,14,13,33,0
-25,-0.006104,-25,13,14,30,0
-24,-0.005859,-24,14,14,31,0
-23,-0.005615,-23,13,12,28,0
-22,-0.005371,-22,14,13,33,0
-21,-0.005127,-21,13,14,30,0
-20,-0.004883,-20,14,13,33,0
-19,-0.004639,-19,13,14,30,0
-18,-0.004395,-18,14,14,31,0
-17,-0.004150,-17,15,14,32,0
-16,-0.003906,-16,14,14,31,0
-15,-0.003662,-15,13,12,28,0
-14,-0.003418,-14,14,14,31,0
-13,-0.003174,-13,13,12,28,0
-12,-0.002930,-12,14,14,31,0
-11,-0.002686,-11,13,12,28,0
-10,-0.002441,-10,14,13,33,0
-9,-0.002197,-9,13,14,30,0
-8,-0.001953,-8,14,14,31,0
-7,-0.001709,-7,13,12,28,0
-6,-0.001465,-6,14,13,33,0
-5,-0.001221,-4,17,13,33,0
-4,-0.000977,-4,14,13,33,0
-3,-0.000732,-2,17,13,33,0
-2,-0.000488,-1,17,12,32,0
-1,-0.000244,-1,15,14,32,0
0,0.000000,0,13,14,30,0
1,0.000244,1,13,14,30,0
2,0.000488,2,14,14,31,0
3,0.000732,3,13,14,30,0
4,0.000977,4,14,14,31,0
5,0.001221,5,13,14,30,0
6,0.001465,6,14,14,31,0
7,0.001709,7,13,14,30,0
8,0.001953,8,14,13,30,0
9,0.002197,9,13,14,30,0
10,0.002441,10,14,14,31,0
11,0.002686,11,13,14,30,0
12,0.002930,12,14,14,31,0
13,0.003174,13,13,14,30,0
14,0.003418,14,14,14,31,0
15,0.003662,15,13,14,30,0
16,0.003906,16,14,13,30,0
17,0.004150,17,13,14,30,0
18,0.004395,18,14,14,31,0
19,0.004639,19,13,14,30,0
20,0.004883,20,14,14,31,0
21,0.005127,21,13,14,30,0
22,0.005371,22,14,14,31,0
23,0.005615,23,13,14,30,0
24,0.005859,24,14,13,30,0
25,0.006104,25,13,14,30,0
26,0.006348,26,14,14,31,0
27,0.006592,27,13,14,30,0
28,0.006836,28,14,14,31,0
29,0.007080,29,13,14,30,0
30,0.007324,30,14,14,31,0
31,0.007568,31,13,14,30,0
32,0.007812,32,14,13,30,0
33,0.008057,33,13,14,30,0
34,0.008301,34,14,14,31,0
35,0.008545,35,13,14,30,0
36,0.008789,36,14,14,31,0
37,0.009033,37,13,14,30,0
38,0.009277,38,14,14,31,0
39,0.009521,39,13,14,30,0
40,0.009766,40,14,13,30,0
41,0.010010,41,13,14,30,0
42,0.010254,42,14,14,31,0
43,0.010498,43,13,14,30,0
44,0.010742,44,14,14,31,0
45,0.010986,45,13,14,30,0
46,0.011230,46,14,14,31,0
47,0.011475,47,13,14,30,0
48,0.011719,48,14,13,30,0
49,0.011963,49,13,14,30,0
50,0.012207,50,14,14,31,0
51,0.012451,51,13,14,30,0
52,0.012695,52,14,14,31,0
53,0.012939,53,13,14,30,0
54,0.013184,54,14,14,31,0
55,0.013428,55,13,14,30,0
56,0.013672,56,14,13,30,0
57,0.013916,57,13,14,30,0
58,0.014160,58,14,14,31,0
59,0.014404,59,13,14,30,0
60,0.014648,60,14,14,31,0
61,0.014893,61,13,14,30,0
62,0.015137,62,14,14,31,0
63,0.015381,63,13,14,30,0
64,0.015625,64,14,13,30,0
65,0.015869,65,13,14,30,0
66,0.016113,66,14,13,30,0
67,0.016357,67,13,14,30,0
68,0.016602,68,14,13,30,0
69,0.016846,69,13,14,30,0
70,0.017090,70,14,13,30,0
71,0.017334,71,13,14,30,0
72,0.017578,72,14,13,30,0
73,0.017822,73,13,14,30,0
74,0.018066,74,14,13,30,0
75,0.018311,75,13,14,30,0
76,0.018555,76,14,13,30,0
77,0.018799,77,13,14,30,0
78,0.019043,78,14,13,30,0
79,0.019287,79,13,14,30,0
80,0.019531,80,14,13,30,0
81,0.019775,81,13,12,28,0
82,0.020020,82,14,13,30,0
83,0.020264,83,13,12,28,0
84,0.020508,84,14,13,30,0
85,0.020752,85,13,12,28,0
86,0.020996,86,14,13,30,0
87,0.021240,87,13,12,28,0
88,0.021484,88,14,13,30,0
89,0.021729,89,13,14,30,0
90,0.021973,90,14,14,31,0
91,0.022217,91,13,14,30,0
92,0.022461,92,14,14,31,0
93,0.022705,93,13,14,30,0
94,0.022949,94,14,14,31,0
95,0.023193,95,13,14,30,0
96,0.023438,96,14,13,30,0
97,0.023682,97,13,14,30,0
98,0.023926,98,14,13,30,0
99,0.024170,99,13,14,30,0
100,0.024414,100,14,13,30,0
101,0.024658,101,13,14,30,0
102,0.024902,102,14,13,30,0
103,0.025146,103,13,14,30,0
104,0.025391,104,14,13,30,0
105,0.025635,105,13,14,30,0
106,0.025879,106,14,13,30,0
107,0.026123,107,13,14,30,0
108,0.026367,108,14,13,30,0
109,0.026611,109,13,14,30,0
110,0.026855,110,14,13,30,0
111,0.027100,111,13,14,30,0
112,0.027344,112,14,13,30,0
113,0.027588,113,13,14,30,0
114,0.027832,114,14,13,30,0
115,0.028076,115,13,14,30,0
116,0.028320,116,14,13,30,0
117,0.028564,117,13,14,30,0
118,0.028809,118,14,13,30,0
119,0.029053,119,13,14,30,0
120,0.029297,120,14,13,30,0
121,0.029541,121,13,12,28,0
122,0.029785,122,14,13,30,0
123,0.030029,123,13,12,28,0
124,0.030273,124,14,13,30,0
125,0.030518,125,13,12,28,0
126,0.030762,126,14,13,30,0
127,0.031006,127,13,12,28,0
128,0.031250,128,14,13,30,0
129,0.031494,129,13,12,28,0
130,0.031738,130,14,13,30,0
131,0.031982,131,13,12,28,0
132,0.032227,132,14,13,30,0
133,0.032471,133,13,12,28,0
134,0.032715,134,14,13,30,0
135,0.032959,135,13,12,28,0
136,0.033203,136,14,13,30,0
137,0.033447,137,13,14,30,0
138,0.033691,138,14,14,31,0
139,0.033936,139,13,14,30,0
140,0.034180,140,14,14,31,0
141,0.034424,141,13,14,30,0
142,0.034668,142,14,14,31,0
143,0.034912,143,13,14,30,0
144,0.035156,144,14,13,30,0
145,0.035400,145,13,12,28,0
146,0.035645,146,14,13,30,0
147,0.035889,147,13,12,28,0
148,0.036133,148,14,13,30,0
149,0.036377,149,13,12,28,0
150,0.036621,150,14,13,30,0
151,0.036865,151,13,12,28,0
152,0.037109,152,14,13,30,0
153,0.037354,153,13,12,28,0
154,0.037598,154,14,13,30,0
155,0.037842,155,13,12,28,0
156,0.038086,156,14,13,30,0
157,0.038330,157,13,14,30,0
158,0.038574,158,14,13,30,0
159,0.038818,159,13,14,30,0
160,0.039062,160,14,13,30,0
161,0.039307,161,13,12,28,0
162,0.039551,162,14,13,30,0
163,0.039795,163,13,12,28,0
164,0.040039,164,14,13,30,0
165,0.040283,165,13,12,28,0
166,0.040527,166,14,13,30,0
167,0.040771,167,13,12,28,0
168,0.041016,168,14,13,30,0
169,0.041260,169,13,14,30,0
170,0.041504,170,14,13,30,0
171,0.041748,171,13,14,30,0
172,0.041992,172,14,13,30,0
173,0.042236,173,13,12,28,0
174,0.042480,174,14,13,30,0
175,0.042725,175,13,12,28,0
176,0.042969,176,14,13,30,0
177,0.043213,177,13,14,30,0
178,0.043457,178,14,14,31,0
179,0.043701,179,13,14,30,0
180,0.043945,180,14,14,31,0
181,0.044189,181,13,14,30,0
182,0.044434,182,14,13,30,0
183,0.044678,183,13,14,30,0
184,0.044922,184,14,13,30,0
185,0.045166,185,13,14,30,0
186,0.045410,186,14,13,30,0
187,0.045654,187,13,14,30,0
188,0.045898,188,14,13,30,0
189,0.046143,189,13,12,28,0
190,0.046387,190,14,13,30,0
191,0.046631,191,13,12,28,0
192,0.046875,192,14,13,30,0
193,0.047119,193,13,14,30,0
194,0.047363,194,14,14,31,0
195,0.047607,195,13,14,30,0
196,0.047852,196,14,14,31,0
197,0.048096,197,13,14,30,0
198,0.048340,198,14,13,30,0
199,0.048584,199,13,14,30,0
200,0.048828,200,14,13,30,0
201,0.049072,201,13,14,30,0
202,0.049316,202,14,13,30,0
203,0.049561,203,13,14,30,0
204,0.049805,204,14,13,30,0
205,0.050049,205,13,12,28,0
206,0.050293,206,14,13,30,0
207,0.050537,207,13,12,28,0
208,0.050781,208,14,13,30,0
209,0.051025,209,13,12,28,0
210,0.051270,210,14,13,30,0
211,0.051514,211,13,12,28,0
212,0.051758,212,14,13,30,0
213,0.052002,213,13,12,28,0
214,0.052246,214,14,13,30,0
215,0.052490,215,13,12,28,0
216,0.052734,216,14,13,30,0
217,0.052979,217,13,14,30,0
218,0.053223,218,14,13,30,0
219,0.053467,219,13,14,30,0
220,0.053711,220,14,13,30,0
221,0.053955,221,13,12,28,0
222,0.054199,222,14,13,30,0
223,0.054443,223,13,12,28,0
224,0.054688,224,14,13,30,0
225,0.054932,225,13,12,28,0
226,0.055176,226,14,13,30,0
227,0.055420,227,13,12,28,0
228,0.055664,228,14,13,30,0
229,0.055908,229,13,12,28,0
230,0.056152,230,14,13,30,0
231,0.056396,231,13,12,28,0
232,0.056641,232,14,13,30,0
233,0.056885,233,13,12,28,0
234,0.057129,234,14,13,30,0
235,0.057373,235,13,12,28,0
236,0.057617,236,14,13,30,0
237,0.057861,237,13,12,28,0
238,0.058105,238,14,13,30,0
239,0.058350,239,13,12,28,0
240,0.058594,240,14,13,30,0
241,0.058838,241,13,12,28,0
242,0.059082,242,14,13,30,0
243,0.059326,243,13,12,28,0
244,0.059570,244,14,13,30,0
245,0.059814,245,13,12,28,0
246,0.060059,246,14,13,30,0
247,0.060303,247,13,12,28,0
248,0.060547,248,14,13,30,0
249,0.060791,249,13,12,28,0
250,0.061035,250,14,13,30,0
251,0.061279,251,13,12,28,0
252,0.061523,252,14,13,30,0
253,0.061768,253,13,12,28,0
254,0.062012,254,14,13,30,0
255,0.062256,255,13,12,28,0
256,0.062500,256,14,13,30,0
257,0.062744,256,17,14,34,0
258,0.062988,257,17,14,34,0
259,0.063232,258,17,14,34,0
260,0.063477,259,17,14,34,0
261,0.063721,261,15,12,30,0
262,0.063965,262,15,13,31,0
263,0.064209,263,15,12,30,0
264,0.064453,264,15,13,31,0
265,0.064697,265,15,12,30,0
266,0.064941,266,15,13,31,0
267,0.065186,267,15,12,30,0
268,0.065430,268,15,13,31,0
269,0.065674,268,17,14,34,0
270,0.065918,269,17,14,34,0
271,0.066162,270,17,14,34,0
272,0.066406,271,17,14,34,0
273,0.066650,272,17,14,34,0
274,0.066895,273,17,14,34,0
275,0.067139,274,17,14,34,0
276,0.067383,275,17,14,34,0
277,0.067627,276,16,14,33,0
278,0.067871,277,16,14,33,0
279,0.068115,278,16,14,33,0
280,0.068359,279,16,14,33,0
281,0.068604,281,15,12,30,0
282,0.068848,282,15,13,31,0
283,0.069092,283,15,12,30,0
284,0.069336,284,15,13,31,0
285,0.069580,285,15,12,30,0
286,0.069824,286,15,13,31,0
287,0.070068,287,15,12,30,0
288,0.070312,288,15,13,31,0
289,0.070557,288,17,14,34,0
290,0.070801,289,17,14,34,0
291,0.071045,290,17,14,34,0
292,0.071289,291,17,14,34,0
293,0.071533,292,17,14,34,0
294,0.071777,293,17,14,34,0
295,0.072021,294,17,14,34,0
296,0.072266,295,17,14,34,0
297,0.072510,297,15,12,30,0
298,0.072754,298,15,13,31,0
299,0.072998,299,15,12,30,0
300,0.073242,300,15,13,31,0
301,0.073486,300,17,14,34,0
302,0.073730,301,17,14,34,0
303,0.073975,302,17,14,34,0
304,0.074219,303,17,14,34,0
305,0.074463,305,15,12,30,0
306,0.074707,306,15,13,31,0
307,0.074951,307,15,12,30,0
308,0.075195,308,15,13,31,0
309,0.075439,309,15,12,30,0
310,0.075684,310,15,13,31,0
311,0.075928,311,15,12,30,0
312,0.076172,312,15,13,31,0
313,0.076416,313,15,12,30,0
314,0.076660,314,15,13,31,0
315,0.076904,315,15,12,30,0
316,0.077148,316,15,13,31,0
317,0.077393,316,17,14,34,0
318,0.077637,317,17,14,34,0
319,0.077881,319,15,12,30,0
320,0.078125,320,15,13,31,0
321,0.078369,320,16,14,33,0
322,0.078613,321,16,14,33,0
323,0.078857,322,16,14,33,0
324,0.079102,323,16,14,33,0
325,0.079346,324,16,14,33,0
326,0.079590,325,16,14,33,0
327,0.079834,326,16,14,33,0
328,0.080078,327,16,14,33,0
329,0.080322,328,16,14,33,0
330,0.080566,329,16,14,33,0
331,0.080811,330,16,14,33,0
332,0.081055,331,16,14,33,0
333,0.081299,332,16,14,33,0
334,0.081543,333,16,14,33,0
335,0.081787,334,16,14,33,0
336,0.082031,335,16,14,33,0
337,0.082275,336,16,14,33,0
338,0.082520,337,16,14,33,0
339,0.082764,338,16,14,33,0
340,0.083008,339,16,14,33,0
341,0.083252,340,13,14,30,0
342,0.083496,341,14,14,31,0
343,0.083740,342,16,14,33,0
344,0.083984,343,16,14,33,0
345,0.084229,344,16,14,33,0
346,0.084473,345,16,14,33,0
347,0.084717,346,16,14,33,0
348,0.084961,347,16,14,33,0
349,0.085205,348,13,14,30,0
350,0.085449,349,14,14,31,0
351,0.085693,350,16,14,33,0
352,0.085938,351,16,14,33,0
353,0.086182,352,13,14,30,0
354,0.086426,353,14,14,31,0
355,0.086670,354,13,14,30,0
356,0.086914,355,14,14,31,0
357,0.087158,356,16,14,33,0
358,0.087402,357,16,14,33,0
359,0.087646,358,12,14,29,0
360,0.087891,359,14,14,31,0
361,0.088135,360,13,14,30,0
362,0.088379,361,14,14,31,0
363,0.088623,362,13,14,30,0
364,0.088867,363,14,14,31,0
365,0.089111,364,13,14,30,0
366,0.089355,365,14,14,31,0
367,0.089600,366,13,14,30,0
368,0.089844,367,14,14,31,0
369,0.090088,368,13,14,30,0
370,0.090332,369,14,14,31,0
371,0.090576,370,13,14,30,0
372,0.090820,371,14,14,31,0
373,0.091064,372,13,14,30,0
374,0.091309,373,14,12,29,0
375,0.091553,374,13,14,30,0
376,0.091797,375,14,14,31,0
377,0.092041,376,13,14,30,0
378,0.092285,377,14,12,29,0
379,0.092529,378,13,14,30,0
380,0.092773,379,14,12,29,0
381,0.093018,380,13,13,32,0
382,0.093262,381,14,12,29,0
383,0.093506,382,13,14,30,0
384,0.093750,383,14,14,31,0
385,0.093994,384,13,13,32,0
386,0.094238,385,15,12,30,0
387,0.094482,386,13,13,32,0
388,0.094727,387,15,12,30,0
389,0.094971,388,13,13,29,0
390,0.095215,389,15,12,30,0
391,0.095459,390,13,13,32,0
392,0.095703,391,15,12,30,0
393,0.095947,392,13,13,32,0
394,0.096191,393,15,12,30,0
395,0.096436,394,15,13,31,0
396,0.096680,394,17,14,34,0
397,0.096924,396,13,13,32,0
398,0.097168,397,15,12,30,0
399,0.097412,398,13,13,29,0
400,0.097656,399,15,12,30,0
401,0.097900,400,13,13,32,0
402,0.098145,401,14,12,29,0
403,0.098389,402,13,13,32,0
404,0.098633,403,15,12,30,0
405,0.098877,404,13,13,32,0
406,0.099121,405,15,12,30,0
407,0.099365,406,13,13,29,0
408,0.099609,407,15,12,30,0
409,0.099854,408,13,13,32,0
410,0.100098,409,15,12,30,0
411,0.100342,410,13,13,32,0
412,0.100586,411,15,12,30,0
413,0.100830,412,13,13,29,0
414,0.101074,413,15,12,30,0
415,0.101318,414,13,13,32,0
416,0.101562,415,15,12,30,0
417,0.101807,416,13,13,29,0
418,0.102051,416,16,14,33,0
419,0.102295,417,17,14,34,0
420,0.102539,418,16,14,33,0
421,0.102783,420,15,13,31,0
422,0.103027,420,16,14,33,0
423,0.103271,421,17,14,34,0
424,0.103516,422,16,14,33,0
425,0.103760,424,15,13,31,0
426,0.104004,424,16,14,33,0
427,0.104248,425,17,14,34,0
428,0.104492,426,16,14,33,0
429,0.104736,427,16,14,33,0
430,0.104980,428,16,14,33,0
431,0.105225,429,16,14,33,0
432,0.105469,430,16,14,33,0
433,0.105713,432,14,13,33,0
434,0.105957,433,13,12,28,0
435,0.106201,434,14,13,33,0
436,0.106445,435,13,12,28,0
437,0.106689,436,14,13,33,0
438,0.106934,437,13,12,28,0
439,0.107178,438,12,13,28,0
440,0.107422,439,16,12,31,0
441,0.107666,440,13,13,32,0
442,0.107910,441,16,12,31,0
443,0.108154,442,13,13,32,0
444,0.108398,443,16,12,31,0
445,0.108643,444,16,13,32,0
446,0.108887,444,17,14,34,0
447,0.109131,446,13,13,32,0
448,0.109375,447,16,12,31,0
449,0.109619,448,13,13,32,0
450,0.109863,448,15,14,32,0
451,0.110107,450,16,13,32,0
452,0.110352,450,15,14,32,0
453,0.110596,451,17,14,34,0
454,0.110840,452,15,14,32,0
455,0.111084,453,17,14,34,0
456,0.111328,454,15,14,32,0
457,0.111572,456,16,13,32,0
458,0.111816,456,15,14,32,0
459,0.112061,457,15,14,32,0
460,0.112305,458,15,14,32,0
461,0.112549,459,15,14,32,0
462,0.112793,460,15,14,32,0
463,0.113037,461,15,14,32,0
464,0.113281,462,13,14,30,0
465,0.113525,464,16,13,32,0
466,0.113770,464,15,14,32,0
467,0.114014,465,15,14,32,0
468,0.114258,466,15,14,32,0
469,0.114502,467,15,14,32,0
470,0.114746,468,15,14,32,0
471,0.114990,469,15,14,32,0
472,0.115234,470,15,14,32,0
473,0.115479,472,16,13,32,0
474,0.115723,472,15,14,32,0
475,0.115967,473,15,14,32,0
476,0.116211,474,15,14,32,0
477,0.116455,475,15,14,32,0
478,0.116699,476,13,14,30,0
479,0.116943,477,15,14,32,0
480,0.117188,478,15,14,32,0
481,0.117432,479,17,14,34,0
482,0.117676,480,13,14,30,0
483,0.117920,481,14,14,31,0
484,0.118164,482,13,13,29,0
485,0.118408,483,14,12,29,0
486,0.118652,484,13,13,29,0
487,0.118896,485,14,12,29,0
488,0.119141,486,13,13,29,0
489,0.119385,487,14,14,31,0
490,0.119629,488,13,13,29,0
491,0.119873,489,14,12,29,0
492,0.120117,490,13,13,29,0
493,0.120361,491,14,12,29,0
494,0.120605,492,13,13,29,0
495,0.120850,493,14,12,29,0
496,0.121094,494,13,13,29,0
497,0.121338,495,15,14,32,0
498,0.121582,496,13,14,30,0
499,0.121826,497,14,14,31,0
500,0.122070,498,13,14,30,0
501,0.122314,499,14,14,31,0
502,0.122559,500,13,13,29,0
503,0.122803,501,14,12,29,0
504,0.123047,502,13,13,29,0
505,0.123291,503,14,14,31,0
506,0.123535,504,13,13,29,0
507,0.123779,505,14,12,29,0
508,0.124023,506,13,13,29,0
509,0.124268,507,14,12,29,0
510,0.124512,508,13,13,29,0
511,0.124756,509,14,12,29,0
512,0.125000,510,13,13,29,0
513,0.125244,511,14,14,31,0
514,0.125488,512,12,13,31,0
515,0.125732,512,15,14,32,0
516,0.125977,513,15,14,32,0
517,0.126221,514,14,14,31,0
518,0.126465,515,13,14,30,0
519,0.126709,516,15,14,32,0
520,0.126953,517,15,14,32,0
521,0.127197,518,15,14,32,0
522,0.127441,519,15,14,32,0
523,0.127686,520,14,14,31,0
524,0.127930,521,13,14,30,0
525,0.128174,522,14,14,31,0
526,0.128418,523,13,14,30,0
527,0.128662,524,14,14,31,0
528,0.128906,525,13,14,30,0
529,0.129150,526,15,14,32,0
530,0.129395,527,15,14,32,0
531,0.129639,528,14,14,31,0
532,0.129883,529,13,14,30,0
533,0.130127,530,14,14,31,0
534,0.130371,531,13,14,30,0
535,0.130615,532,14,14,31,0
536,0.130859,533,13,14,30,0
537,0.131104,534,15,14,32,0
538,0.131348,535,15,14,32,0
539,0.131592,536,14,14,31,0
540,0.131836,537,13,12,28,0
541,0.132080,538,14,13,33,0
542,0.132324,539,13,12,28,0
543,0.132568,540,14,14,31,0
544,0.132812,541,13,12,28,0
545,0.133057,542,14,14,31,0
546,0.133301,543,13,12,28,0
547,0.133545,544,14,13,33,0
548,0.133789,545,13,12,28,0
549,0.134033,546,13,13,32,0
550,0.134277,547,16,12,31,0
551,0.134521,548,13,13,32,0
552,0.134766,549,16,12,31,0
553,0.135010,550,13,13,32,0
554,0.135254,551,16,12,31,0
555,0.135498,552,13,13,32,0
556,0.135742,552,15,14,32,0
557,0.135986,554,16,13,32,0
558,0.136230,554,15,14,32,0
559,0.136475,556,16,13,32,0
560,0.136719,556,15,14,32,0
561,0.136963,558,14,14,31,0
562,0.137207,559,13,12,28,0
563,0.137451,560,14,13,33,0
564,0.137695,561,13,12,28,0
565,0.137939,562,13,13,32,0
566,0.138184,563,16,12,31,0
567,0.138428,564,13,13,32,0
568,0.138672,565,16,12,31,0
569,0.138916,566,13,13,32,0
570,0.139160,567,16,12,31,0
571,0.139404,568,13,13,32,0
572,0.139648,568,15,14,32,0
573,0.139893,570,16,13,32,0
574,0.140137,570,15,14,32,0
575,0.140381,572,16,13,32,0
576,0.140625,572,15,14,32,0
577,0.140869,574,13,13,32,0
578,0.141113,575,16,12,31,0
579,0.141357,576,12,13,28,0
580,0.141602,576,15,14,32,0
581,0.141846,577,17,14,34,0
582,0.142090,578,15,14,32,0
583,0.142334,579,15,14,32,0
584,0.142578,580,15,14,32,0
585,0.142822,581,17,14,34,0
586,0.143066,582,15,14,32,0
587,0.143311,583,15,14,32,0
588,0.143555,584,13,14,30,0
589,0.143799,585,14,14,31,0
590,0.144043,586,13,14,30,0
591,0.144287,587,15,14,32,0
592,0.144531,588,13,14,30,0
593,0.144775,589,17,14,34,0
594,0.145020,590,15,14,32,0
595,0.145264,591,17,14,34,0
596,0.145508,592,13,14,30,0
597,0.145752,593,14,14,31,0
598,0.145996,594,13,14,30,0
599,0.146240,595,14,14,31,0
600,0.146484,596,13,13,29,0
601,0.146729,597,14,14,31,0
602,0.146973,598,13,14,30,0
603,0.147217,599,14,14,31,0
604,0.147461,600,13,13,29,0
605,0.147705,601,14,12,29,0
606,0.147949,602,13,13,29,0
607,0.148193,603,14,12,29,0
608,0.148438,604,13,13,29,0
609,0.148682,605,14,14,31,0
610,0.148926,606,13,13,29,0
611,0.149170,607,14,14,31,0
612,0.149414,608,13,13,29,0
613,0.149658,609,14,12,29,0
614,0.149902,610,12,13,31,0
615,0.150146,611,16,12,31,0
616,0.150391,612,16,13,32,0
617,0.150635,613,14,12,29,0
618,0.150879,614,12,13,31,0
619,0.151123,615,14,12,29,0
620,0.151367,616,13,13,29,0
621,0.151611,616,17,14,34,0
622,0.151855,617,17,14,34,0
623,0.152100,618,15,14,32,0
624,0.152344,619,17,14,34,0
625,0.152588,621,13,12,28,0
626,0.152832,622,16,13,32,0
627,0.153076,623,13,12,28,0
628,0.153320,624,16,13,32,0
629,0.153564,624,15,14,32,0
630,0.153809,625,15,14,32,0
631,0.154053,626,15,14,32,0
632,0.154297,627,15,14,32,0
633,0.154541,628,15,14,32,0
634,0.154785,629,15,14,32,0
635,0.155029,630,15,14,32,0
636,0.155273,631,15,14,32,0
637,0.155518,632,14,14,31,0
638,0.155762,633,13,12,28,0
639,0.156006,634,14,14,31,0
640,0.156250,635,13,12,28,0
641,0.156494,636,15,14,32,0
642,0.156738,637,15,14,32,0
643,0.156982,638,15,14,32,0
644,0.157227,639,15,14,32,0
645,0.157471,640,13,14,30,0
646,0.157715,641,16,12,31,0
647,0.157959,642,12,13,28,0
648,0.158203,643,16,12,31,0
649,0.158447,644,14,13,33,0
650,0.158691,645,13,12,28,0
651,0.158936,646,12,13,28,0
652,0.159180,647,16,12,31,0
653,0.159424,648,13,13,32,0
654,0.159668,648,15,14,32,0
655,0.159912,650,16,13,32,0
656,0.160156,650,15,14,32,0
657,0.160400,652,13,13,32,0
658,0.160645,653,16,12,31,0
659,0.160889,654,13,13,32,0
660,0.161133,655,16,12,31,0
661,0.161377,656,16,13,32,0
662,0.161621,656,13,14,30,0
663,0.161865,657,15,14,32,0
664,0.162109,658,13,14,30,0
665,0.162354,659,15,14,32,0
666,0.162598,660,13,14,30,0
667,0.162842,661,15,14,32,0
668,0.163086,662,13,14,30,0
669,0.163330,663,15,14,32,0
670,0.163574,664,13,14,30,0
671,0.163818,665,14,14,31,0
672,0.164062,666,13,13,29,0
673,0.164307,667,15,14,32,0
674,0.164551,668,13,14,30,0
675,0.164795,669,15,14,32,0
676,0.165039,670,13,14,30,0
677,0.165283,671,15,14,32,0
678,0.165527,672,13,13,29,0
679,0.165771,673,14,12,29,0
680,0.166016,674,13,13,29,0
681,0.166260,675,14,12,29,0
682,0.166504,676,13,13,29,0
683,0.166748,677,14,12,29,0
684,0.166992,678,13,13,29,0
685,0.167236,679,14,12,29,0
686,0.167480,680,12,13,31,0
687,0.167725,681,16,12,31,0
688,0.167969,682,16,13,32,0
689,0.168213,682,14,14,31,0
690,0.168457,684,15,13,31,0
691,0.168701,685,15,12,30,0
692,0.168945,686,15,13,31,0
693,0.169189,687,17,12,32,0
694,0.169434,688,15,13,31,0
695,0.169678,688,12,14,29,0
696,0.169922,689,13,14,30,0
697,0.170166,690,14,14,31,0
698,0.170410,691,16,14,33,0
699,0.170654,692,12,14,29,0
700,0.170898,693,13,14,30,0
701,0.171143,694,14,14,31,0
702,0.171387,695,13,14,30,0
703,0.171631,696,14,14,31,0
704,0.171875,697,13,14,30,0
705,0.172119,698,14,14,31,0
706,0.172363,699,16,14,33,0
707,0.172607,700,12,14,29,0
708,0.172852,701,13,14,30,0
709,0.173096,702,14,14,31,0
710,0.173340,703,13,14,30,0
711,0.173584,704,14,13,30,0
712,0.173828,705,15,12,30,0
713,0.174072,706,15,13,31,0
714,0.174316,707,15,12,30,0
715,0.174561,708,15,13,31,0
716,0.174805,709,15,12,30,0
717,0.175049,710,15,13,31,0
718,0.175293,711,17,12,32,0
719,0.175537,712,15,13,31,0
720,0.175781,712,16,14,33,0
721,0.176025,713,16,14,33,0
722,0.176270,715,15,12,30,0
723,0.176514,716,15,13,31,0
724,0.176758,717,15,12,30,0
725,0.177002,718,15,13,31,0
726,0.177246,719,15,12,30,0
727,0.177490,720,15,13,31,0
728,0.177734,720,12,14,29,0
729,0.177979,721,14,14,31,0
730,0.178223,722,16,14,33,0
731,0.178467,723,16,14,33,0
732,0.178711,724,12,14,29,0
733,0.178955,725,16,14,33,0
734,0.179199,726,13,14,30,0
735,0.179443,727,14,14,31,0
736,0.179688,728,12,14,29,0
737,0.179932,729,14,14,31,0
738,0.180176,730,13,14,30,0
739,0.180420,731,14,14,31,0
740,0.180664,732,12,14,29,0
741,0.180908,733,14,14,31,0
742,0.181152,734,13,14,30,0
743,0.181396,735,14,14,31,0
744,0.181641,736,13,13,29,0
745,0.181885,736,16,14,33,0
746,0.182129,738,15,13,31,0
747,0.182373,739,17,12,32,0
748,0.182617,740,15,13,31,0
749,0.182861,740,16,14,33,0
750,0.183105,742,15,13,31,0
751,0.183350,742,16,14,33,0
752,0.183594,744,17,13,33,0
753,0.183838,744,13,14,30,0
754,0.184082,746,13,13,29,0
755,0.184326,747,15,12,30,0
756,0.184570,748,13,13,29,0
757,0.184814,749,15,12,30,0
758,0.185059,750,15,13,31,0
759,0.185303,751,15,12,30,0
760,0.185547,752,15,13,31,0
761,0.185791,752,13,14,30,0
762,0.186035,754,17,13,33,0
763,0.186279,754,13,14,30,0
764,0.186523,755,16,14,33,0
765,0.186768,756,13,14,30,0
766,0.187012,757,16,14,33,0
767,0.187256,758,12,14,29,0
768,0.187500,759,16,14,33,0
769,0.187744,760,13,14,30,0
770,0.187988,761,16,14,33,0
771,0.188232,762,12,14,29,0
772,0.188477,763,16,14,33,0
773,0.188721,764,13,14,30,0
774,0.188965,765,13,14,30,0
775,0.189209,766,14,14,31,0
776,0.189453,767,13,14,30,0
777,0.189697,768,14,13,30,0
778,0.189941,768,16,14,33,0
779,0.190186,769,16,14,33,0
780,0.190430,770,16,14,33,0
781,0.190674,771,13,14,30,0
782,0.190918,772,13,14,30,0
783,0.191162,773,14,14,31,0
784,0.191406,774,13,14,30,0
785,0.191650,775,14,14,31,0
786,0.191895,776,13,14,30,0
787,0.192139,777,14,14,31,0
788,0.192383,778,13,14,30,0
789,0.192627,779,14,14,31,0
790,0.192871,780,13,14,30,0
791,0.193115,781,14,14,31,0
792,0.193359,782,13,14,30,0
793,0.193604,783,14,14,31,0
794,0.193848,784,13,14,30,0
795,0.194092,785,14,12,29,0
796,0.194336,786,13,13,32,0
797,0.194580,787,15,12,30,0
798,0.194824,788,13,13,32,0
799,0.195068,789,15,12,30,0
800,0.195312,790,13,13,29,0
801,0.195557,791,15,12,30,0
802,0.195801,792,13,13,32,0
803,0.196045,793,15,12,30,0
804,0.196289,794,13,13,29,0
805,0.196533,795,15,12,30,0
806,0.196777,796,13,13,29,0
807,0.197021,796,16,14,33,0
808,0.197266,798,17,13,33,0
809,0.197510,798,16,14,33,0
810,0.197754,800,15,13,31,0
811,0.197998,800,13,14,30,0
812,0.198242,801,16,14,33,0
813,0.198486,802,13,14,30,0
814,0.198730,803,16,14,33,0
815,0.198975,804,12,14,29,0
816,0.199219,805,13,14,30,0
817,0.199463,806,14,14,31,0
818,0.199707,807,16,14,33,0
819,0.199951,808,12,14,29,0
820,0.200195,809,13,14,30,0
821,0.200439,810,14,14,31,0
822,0.200684,811,16,14,33,0
823,0.200928,812,12,14,29,0
824,0.201172,813,13,14,30,0
825,0.201416,814,14,13,30,0
826,0.201660,815,13,14,30,0
827,0.201904,816,14,14,31,0
828,0.202148,817,13,12,28,0
829,0.202393,818,14,13,30,0
830,0.202637,819,13,12,28,0
831,0.202881,820,14,13,30,0
832,0.203125,821,15,12,30,0
833,0.203369,822,15,13,31,0
834,0.203613,823,15,12,30,0
835,0.203857,824,15,13,31,0
836,0.204102,825,17,12,32,0
837,0.204346,825,16,14,33,0
838,0.204590,827,17,12,32,0
839,0.204834,828,15,13,31,0
840,0.205078,828,16,14,33,0
841,0.205322,829,16,14,33,0
842,0.205566,831,17,12,32,0
843,0.205811,831,16,14,33,0
844,0.206055,832,12,14,29,0
845,0.206299,833,14,14,31,0
846,0.206543,834,13,14,30,0
847,0.206787,835,14,14,31,0
848,0.207031,836,13,14,30,0
849,0.207275,837,14,12,29,0
850,0.207520,838,13,14,30,0
851,0.207764,839,14,12,29,0
852,0.208008,840,13,13,32,0
853,0.208252,841,15,12,30,0
854,0.208496,842,13,13,29,0
855,0.208740,843,15,12,30,0
856,0.208984,844,15,13,31,0
857,0.209229,845,17,12,32,0
858,0.209473,846,15,13,31,0
859,0.209717,847,17,12,32,0
860,0.209961,848,15,13,31,0
861,0.210205,848,13,14,30,0
862,0.210449,850,15,13,31,0
863,0.210693,850,16,14,33,0
864,0.210938,852,17,13,33,0
865,0.211182,852,13,14,30,0
866,0.211426,853,16,14,33,0
867,0.211670,854,12,14,29,0
868,0.211914,855,16,14,33,0
869,0.212158,856,13,14,30,0
870,0.212402,857,13,14,30,0
871,0.212646,858,14,14,31,0
872,0.212891,859,13,14,30,0
873,0.213135,860,14,13,30,0
874,0.213379,861,13,14,30,0
875,0.213623,862,14,13,30,0
876,0.213867,863,13,12,28,0
877,0.214111,864,14,13,30,0
878,0.214355,865,15,12,30,0
879,0.214600,866,15,13,31,0
880,0.214844,867,15,12,30,0
881,0.215088,868,15,13,31,0
882,0.215332,869,15,12,30,0
883,0.215576,870,15,13,31,0
884,0.215820,871,17,12,32,0
885,0.216064,872,15,13,31,0
886,0.216309,873,17,12,32,0
887,0.216553,873,16,14,33,0
888,0.216797,874,12,14,29,0
889,0.217041,875,14,14,31,0
890,0.217285,876,13,14,30,0
891,0.217529,877,14,14,31,0
892,0.217773,878,13,14,30,0
893,0.218018,879,14,14,31,0
894,0.218262,880,13,14,30,0
895,0.218506,881,14,12,29,0
896,0.218750,882,13,13,32,0
897,0.218994,883,14,12,29,0
898,0.219238,884,13,13,32,0
899,0.219482,885,15,12,30,0
900,0.219727,886,15,13,31,0
901,0.219971,887,17,12,32,0
902,0.220215,888,13,13,29,0
903,0.220459,889,17,12,32,0
904,0.220703,890,15,13,31,0
905,0.220947,890,16,14,33,0
906,0.221191,892,15,13,31,0
907,0.221436,892,16,14,33,0
908,0.221680,893,16,14,33,0
909,0.221924,894,13,14,30,0
910,0.222168,896,17,13,33,0
911,0.222412,896,12,14,29,0
912,0.222656,897,13,12,28,0
913,0.222900,898,14,13,30,0
914,0.223145,899,13,14,30,0
915,0.223389,900,14,13,30,0
916,0.223633,901,13,12,28,0
917,0.223877,902,14,13,30,0
918,0.224121,903,13,14,30,0
919,0.224365,904,14,13,30,0
920,0.224609,905,15,12,30,0
921,0.224854,906,15,13,31,0
922,0.225098,907,15,12,30,0
923,0.225342,908,15,13,31,0
924,0.225586,908,16,14,33,0
925,0.225830,909,16,14,33,0
926,0.226074,911,17,12,32,0
927,0.226318,911,16,14,33,0
928,0.226562,912,12,14,29,0
929,0.226807,913,14,14,31,0
930,0.227051,914,16,14,33,0
931,0.227295,915,12,14,29,0
932,0.227539,916,13,14,30,0
933,0.227783,917,14,12,29,0
934,0.228027,918,13,14,30,0
935,0.228271,919,14,14,31,0
936,0.228516,920,13,13,32,0
937,0.228760,921,15,12,30,0
938,0.229004,922,13,13,32,0
939,0.229248,923,15,12,30,0
940,0.229492,924,13,13,29,0
941,0.229736,925,15,12,30,0
942,0.229980,926,15,13,31,0
943,0.230225,927,17,12,32,0
944,0.230469,928,15,13,31,0
945,0.230713,928,13,14,30,0
946,0.230957,930,14,13,33,0
947,0.231201,931,13,12,28,0
948,0.231445,932,12,13,28,0
949,0.231689,933,16,12,31,0
950,0.231934,934,13,13,32,0
951,0.232178,935,17,12,32,0
952,0.232422,936,16,13,32,0
953,0.232666,936,13,14,30,0
954,0.232910,938,17,13,33,0
955,0.233154,938,13,14,30,0
956,0.233398,939,15,14,32,0
957,0.233643,940,13,14,30,0
958,0.233887,941,15,14,32,0
959,0.234131,942,13,14,30,0
960,0.234375,943,14,14,31,0
961,0.234619,944,13,14,30,0
962,0.234863,945,14,14,31,0
963,0.235107,946,13,13,29,0
964,0.235352,947,14,12,29,0
965,0.235596,948,13,13,29,0
966,0.235840,949,13,12,28,0
967,0.236084,950,16,13,32,0
968,0.236328,951,16,12,31,0
969,0.236572,952,16,13,32,0
970,0.236816,953,16,12,31,0
971,0.237061,954,16,13,32,0
972,0.237305,954,14,14,31,0
973,0.237549,955,13,14,30,0
974,0.237793,956,14,14,31,0
975,0.238037,957,13,14,30,0
976,0.238281,958,14,14,31,0
977,0.238525,959,13,14,30,0
978,0.238770,960,14,14,31,0
979,0.239014,961,13,14,30,0
980,0.239258,962,14,14,31,0
981,0.239502,963,13,12,28,0
982,0.239746,964,13,13,32,0
983,0.239990,965,16,12,31,0
984,0.240234,966,13,13,32,0
985,0.240479,967,16,12,31,0
986,0.240723,968,13,13,32,0
987,0.240967,969,17,12,32,0
988,0.241211,970,16,13,32,0
989,0.241455,971,17,12,32,0
990,0.241699,972,16,13,32,0
991,0.241943,972,13,14,30,0
992,0.242188,973,14,14,31,0
993,0.242432,974,13,14,30,0
994,0.242676,976,17,13,33,0
995,0.242920,976,13,14,30,0
996,0.243164,977,14,14,31,0
997,0.243408,978,13,13,29,0
998,0.243652,979,14,14,31,0
999,0.243896,980,13,14,30,0
1000,0.244141,981,14,12,29,0
1001,0.244385,982,13,13,29,0
1002,0.244629,983,13,12,28,0
1003,0.244873,984,16,13,32,0
1004,0.245117,985,16,12,31,0
1005,0.245361,986,16,13,32,0
1006,0.245605,987,16,12,31,0
1007,0.245850,988,16,13,32,0
1008,0.246094,988,15,14,32,0
1009,0.246338,989,15,14,32,0
1010,0.246582,990,15,14,32,0
1011,0.246826,991,13,14,30,0
1012,0.247070,992,14,14,31,0
1013,0.247314,993,13,12,28,0
1014,0.247559,994,14,14,31,0
1015,0.247803,995,13,12,28,0
1016,0.248047,996,12,13,28,0
1017,0.248291,997,16,12,31,0
1018,0.248535,998,13,13,32,0
1019,0.248779,999,16,12,31,0
1020,0.249023,1000,16,13,32,0
1021,0.249268,1000,15,14,32,0
1022,0.249512,1002,16,13,32,0
1023,0.249756,1003,17,12,32,0
1024,0.250000,1004,16,13,32,0
1025,0.250244,1004,13,14,30,0
1026,0.250488,1006,16,13,32,0
1027,0.250732,1006,15,14,32,0
1028,0.250977,1008,17,13,33,0
1029,0.251221,1008,13,14,30,0
1030,0.251465,1009,14,14,31,0
1031,0.251709,1010,13,13,29,0
1032,0.251953,1011,14,12,29,0
1033,0.252197,1012,13,13,29,0
1034,0.252441,1013,14,12,29,0
1035,0.252686,1014,12,13,31,0
1036,0.252930,1015,16,12,31,0
1037,0.253174,1016,16,13,32,0
1038,0.253418,1017,16,12,31,0
1039,0.253662,1018,16,13,32,0
1040,0.253906,1019,17,12,32,0
1041,0.254150,1019,15,14,32,0
1042,0.254395,1021,17,12,32,0
1043,0.254639,1022,17,13,33,0
1044,0.254883,1022,15,14,32,0
1045,0.255127,1023,15,14,32,0
1046,0.255371,1024,13,14,30,0
1047,0.255615,1024,13,14,30,0
1048,0.255859,1025,15,14,32,0
1049,0.256104,1026,15,14,32,0
1050,0.256348,1028,16,13,32,0
1051,0.256592,1028,13,14,30,0
1052,0.256836,1029,15,14,32,0
1053,0.257080,1030,13,14,30,0
1054,0.257324,1031,15,14,32,0
1055,0.257568,1032,13,14,30,0
1056,0.257812,1033,14,14,31,0
1057,0.258057,1034,13,13,29,0
1058,0.258301,1035,14,14,31,0
1059,0.258545,1036,13,14,30,0
1060,0.258789,1037,14,12,29,0
1061,0.259033,1038,13,13,29,0
1062,0.259277,1039,14,12,29,0
1063,0.259521,1040,12,13,31,0
1064,0.259766,1040,15,14,32,0
1065,0.260010,1041,15,14,32,0
1066,0.260254,1042,15,14,32,0
1067,0.260498,1043,13,14,30,0
1068,0.260742,1044,14,14,31,0
1069,0.260986,1045,13,14,30,0
1070,0.261230,1046,14,14,31,0
1071,0.261475,1047,13,14,30,0
1072,0.261719,1048,14,14,31,0
1073,0.261963,1049,13,12,28,0
1074,0.262207,1050,14,14,31,0
1075,0.262451,1051,13,14,30,0
1076,0.262695,1052,14,14,31,0
1077,0.262939,1053,13,14,30,0
1078,0.263184,1054,14,14,31,0
1079,0.263428,1055,13,14,30,0
1080,0.263672,1056,12,13,28,0
1081,0.263916,1056,15,14,32,0
1082,0.264160,1058,16,13,32,0
1083,0.264404,1058,13,14,30,0
1084,0.264648,1059,15,14,32,0
1085,0.264893,1060,13,14,30,0
1086,0.265137,1061,15,14,32,0
1087,0.265381,1062,13,14,30,0
1088,0.265625,1063,14,14,31,0
1089,0.265869,1064,13,14,30,0
1090,0.266113,1065,14,14,31,0
1091,0.266357,1066,13,14,30,0
1092,0.266602,1067,14,14,31,0
1093,0.266846,1068,13,13,29,0
1094,0.267090,1069,14,12,29,0
1095,0.267334,1070,12,13,31,0
1096,0.267578,1071,13,12,28,0
1097,0.267822,1072,16,13,32,0
1098,0.268066,1072,15,14,32,0
1099,0.268311,1073,15,14,32,0
1100,0.268555,1074,14,14,31,0
1101,0.268799,1075,13,14,30,0
1102,0.269043,1076,14,14,31,0
1103,0.269287,1077,13,14,30,0
1104,0.269531,1078,14,14,31,0
1105,0.269775,1079,13,14,30,0
1106,0.270020,1080,14,14,31,0
1107,0.270264,1081,13,14,30,0
1108,0.270508,1082,14,14,31,0
1109,0.270752,1083,13,12,28,0
1110,0.270996,1084,13,13,32,0
1111,0.271240,1085,16,12,31,0
1112,0.271484,1086,16,13,32,0
1113,0.271729,1087,16,12,31,0
1114,0.271973,1088,16,13,32,0
1115,0.272217,1088,13,14,30,0
1116,0.272461,1089,14,12,29,0
1117,0.272705,1090,13,13,29,0
1118,0.272949,1091,14,12,29,0
1119,0.273193,1092,12,13,31,0
1120,0.273438,1093,17,12,32,0
1121,0.273682,1094,17,13,33,0
1122,0.273926,1095,14,14,31,0
1123,0.274170,1096,12,13,31,0
1124,0.274414,1097,17,12,32,0
1125,0.274658,1098,17,13,33,0
1126,0.274902,1099,17,12,32,0
1127,0.275146,1100,17,13,33,0
1128,0.275391,1100,14,14,31,0
1129,0.275635,1101,13,14,30,0
1130,0.275879,1102,15,14,32,0
1131,0.276123,1103,15,14,32,0
1132,0.276367,1104,14,14,31,0
1133,0.276611,1105,13,12,28,0
1134,0.276855,1106,14,13,33,0
1135,0.277100,1107,13,12,28,0
1136,0.277344,1108,12,13,28,0
1137,0.277588,1109,17,12,32,0
1138,0.277832,1110,13,13,32,0
1139,0.278076,1111,16,12,31,0
1140,0.278320,1112,12,13,28,0
1141,0.278564,1112,12,14,29,0
1142,0.278809,1113,15,14,32,0
1143,0.279053,1114,13,14,30,0
1144,0.279297,1115,15,14,32,0
1145,0.279541,1116,13,14,30,0
1146,0.279785,1117,14,14,31,0
1147,0.280029,1118,13,14,30,0
1148,0.280273,1119,14,14,31,0
1149,0.280518,1120,13,13,29,0
1150,0.280762,1121,16,12,31,0
1151,0.281006,1122,16,13,32,0
1152,0.281250,1123,16,12,31,0
1153,0.281494,1124,16,13,32,0
1154,0.281738,1125,17,12,32,0
1155,0.281982,1125,15,14,32,0
1156,0.282227,1126,15,14,32,0
1157,0.282471,1127,15,14,32,0
1158,0.282715,1128,14,14,31,0
1159,0.282959,1129,13,14,30,0
1160,0.283203,1130,14,14,31,0
1161,0.283447,1131,13,12,28,0
1162,0.283691,1132,13,13,32,0
1163,0.283936,1133,16,12,31,0
1164,0.284180,1134,13,13,32,0
1165,0.284424,1135,16,12,31,0
1166,0.284668,1136,13,13,32,0
1167,0.284912,1136,13,14,30,0
1168,0.285156,1137,15,14,32,0
1169,0.285400,1138,13,14,30,0
1170,0.285645,1139,15,14,32,0
1171,0.285889,1140,13,14,30,0
1172,0.286133,1141,14,14,31,0
1173,0.286377,1142,13,14,30,0
1174,0.286621,1143,14,14,31,0
1175,0.286865,1144,12,13,31,0
1176,0.287109,1145,16,12,31,0
1177,0.287354,1146,16,13,32,0
1178,0.287598,1147,13,12,28,0
1179,0.287842,1148,16,13,32,0
1180,0.288086,1149,17,12,32,0
1181,0.288330,1149,15,14,32,0
1182,0.288574,1151,16,12,31,0
1183,0.288818,1152,17,13,33,0
1184,0.289062,1152,12,14,29,0
1185,0.289307,1153,16,12,31,0
1186,0.289551,1154,13,13,32,0
1187,0.289795,1155,16,12,31,0
1188,0.290039,1156,16,13,32,0
1189,0.290283,1156,15,14,32,0
1190,0.290527,1158,16,13,32,0
1191,0.290771,1159,17,12,32,0
1192,0.291016,1160,17,13,33,0
1193,0.291260,1160,13,14,30,0
1194,0.291504,1161,14,14,31,0
1195,0.291748,1162,13,14,30,0
1196,0.291992,1163,14,14,31,0
1197,0.292236,1164,13,13,29,0
1198,0.292480,1165,14,14,31,0
1199,0.292725,1166,12,13,31,0
1200,0.292969,1167,13,12,28,0
1201,0.293213,1168,16,13,32,0
1202,0.293457,1169,16,12,31,0
1203,0.293701,1170,16,13,32,0
1204,0.293945,1170,14,14,31,0
1205,0.294189,1171,13,14,30,0
1206,0.294434,1173,16,12,31,0
1207,0.294678,1173,17,14,34,0
1208,0.294922,1174,15,14,32,0
1209,0.295166,1175,15,14,32,0
1210,0.295410,1176,14,14,31,0
1211,0.295654,1177,13,12,28,0
1212,0.295898,1178,14,13,33,0
1213,0.296143,1179,13,12,28,0
1214,0.296387,1180,14,14,31,0
1215,0.296631,1181,13,12,28,0
1216,0.296875,1182,12,13,28,0
1217,0.297119,1183,16,12,31,0
1218,0.297363,1184,13,13,32,0
1219,0.297607,1184,13,14,30,0
1220,0.297852,1185,14,14,31,0
1221,0.298096,1186,13,13,29,0
1222,0.298340,1187,15,14,32,0
1223,0.298584,1188,13,14,30,0
1224,0.298828,1189,14,12,29,0
1225,0.299072,1190,13,13,29,0
1226,0.299316,1191,14,12,29,0
1227,0.299561,1192,12,13,31,0
1228,0.299805,1192,15,14,32,0
1229,0.300049,1193,15,14,32,0
1230,0.300293,1195,16,12,31,0
1231,0.300537,1195,17,14,34,0
1232,0.300781,1196,15,14,32,0
1233,0.301025,1197,13,14,30,0
1234,0.301270,1198,15,14,32,0
1235,0.301514,1199,13,14,30,0
1236,0.301758,1200,12,13,28,0
1237,0.302002,1201,16,12,31,0
1238,0.302246,1202,14,13,33,0
1239,0.302490,1203,13,12,28,0
1240,0.302734,1204,12,13,28,0
1241,0.302979,1204,15,14,32,0
1242,0.303223,1206,16,13,32,0
1243,0.303467,1206,15,14,32,0
1244,0.303711,1207,15,14,32,0
1245,0.303955,1208,13,14,30,0
1246,0.304199,1209,15,14,32,0
1247,0.304443,1210,13,13,29,0
1248,0.304688,1211,14,12,29,0
1249,0.304932,1212,13,13,29,0
1250,0.305176,1213,14,12,29,0
1251,0.305420,1214,12,13,31,0
1252,0.305664,1215,16,12,31,0
1253,0.305908,1215,15,14,32,0
1254,0.306152,1216,15,14,32,0
1255,0.306396,1217,13,14,30,0
1256,0.306641,1218,14,14,31,0
1257,0.306885,1219,13,12,28,0
1258,0.307129,1220,14,14,31,0
1259,0.307373,1221,13,12,28,0
1260,0.307617,1222,14,13,33,0
1261,0.307861,1223,13,12,28,0
1262,0.308105,1224,13,13,32,0
1263,0.308350,1224,15,14,32,0
1264,0.308594,1225,17,14,34,0
1265,0.308838,1226,15,14,32,0
1266,0.309082,1227,17,14,34,0
1267,0.309326,1228,13,14,30,0
1268,0.309570,1229,14,14,31,0
1269,0.309814,1230,13,13,29,0
1270,0.310059,1231,15,14,32,0
1271,0.310303,1232,12,13,31,0
1272,0.310547,1233,13,12,28,0
1273,0.310791,1234,16,13,32,0
1274,0.311035,1235,16,12,31,0
1275,0.311279,1235,17,14,34,0
1276,0.311523,1236,15,14,32,0
1277,0.311768,1237,15,14,32,0
1278,0.312012,1238,15,14,32,0
1279,0.312256,1239,15,14,32,0
1280,0.312500,1240,14,14,31,0
1281,0.312744,1241,13,12,28,0
1282,0.312988,1242,14,13,33,0
1283,0.313232,1243,13,12,28,0
1284,0.313477,1244,12,13,28,0
1285,0.313721,1244,15,14,32,0
1286,0.313965,1246,13,13,32,0
1287,0.314209,1247,16,12,31,0
1288,0.314453,1248,16,13,32,0
1289,0.314697,1248,13,14,30,0
1290,0.314941,1249,14,14,31,0
1291,0.315186,1250,13,13,29,0
1292,0.315430,1251,14,12,29,0
1293,0.315674,1252,13,13,29,0
1294,0.315918,1253,14,12,29,0
1295,0.316162,1254,12,13,31,0
1296,0.316406,1255,13,12,28,0
1297,0.316650,1256,16,13,32,0
1298,0.316895,1256,15,14,32,0
1299,0.317139,1257,13,14,30,0
1300,0.317383,1258,14,14,31,0
1301,0.317627,1259,13,12,28,0
1302,0.317871,1260,14,14,31,0
1303,0.318115,1261,13,14,30,0
1304,0.318359,1262,14,13,33,0
1305,0.318604,1263,13,12,28,0
1306,0.318848,1264,13,13,32,0
1307,0.319092,1264,15,14,32,0
1308,0.319336,1265,15,14,32,0
1309,0.319580,1266,13,14,30,0
1310,0.319824,1267,17,14,34,0
1311,0.320068,1268,13,14,30,0
1312,0.320312,1269,14,14,31,0
1313,0.320557,1270,13,13,29,0
1314,0.320801,1271,14,12,29,0
1315,0.321045,1272,12,13,31,0
1316,0.321289,1272,15,14,32,0
1317,0.321533,1273,15,14,32,0
1318,0.321777,1275,16,12,31,0
1319,0.322021,1275,17,14,34,0
1320,0.322266,1276,15,14,32,0
1321,0.322510,1277,15,14,32,0
1322,0.322754,1278,15,14,32,0
1323,0.322998,1279,13,14,30,0
1324,0.323242,1280,12,13,28,0
1325,0.323486,1280,12,14,29,0
1326,0.323730,1281,17,14,34,0
1327,0.323975,1282,13,14,30,0
1328,0.324219,1283,15,14,32,0
1329,0.324463,1284,13,13,29,0
1330,0.324707,1285,14,14,31,0
1331,0.324951,1286,13,13,29,0
1332,0.325195,1287,14,12,29,0
1333,0.325439,1288,13,13,29,0
1334,0.325684,1289,14,14,31,0
1335,0.325928,1290,13,13,29,0
1336,0.326172,1291,12,12,27,0
1337,0.326416,1292,16,13,32,0
1338,0.326660,1293,16,12,31,0
1339,0.326904,1293,17,14,34,0
1340,0.327148,1294,15,14,32,0
1341,0.327393,1295,13,14,30,0
1342,0.327637,1296,14,14,31,0
1343,0.327881,1297,13,12,28,0
1344,0.328125,1298,12,13,28,0
1345,0.328369,1299,16,12,31,0
1346,0.328613,1300,13,13,32,0
1347,0.328857,1300,17,14,34,0
1348,0.329102,1302,16,13,32,0
1349,0.329346,1302,15,14,32,0
1350,0.329590,1304,16,13,32,0
1351,0.329834,1304,13,14,30,0
1352,0.330078,1305,14,14,31,0
1353,0.330322,1306,13,13,29,0
1354,0.330566,1307,14,14,31,0
1355,0.330811,1308,12,13,31,0
1356,0.331055,1309,16,12,31,0
1357,0.331299,1310,16,13,32,0
1358,0.331543,1311,13,12,28,0
1359,0.331787,1312,16,13,32,0
1360,0.332031,1312,14,14,31,0
1361,0.332275,1313,13,12,28,0
1362,0.332520,1314,14,13,33,0
1363,0.332764,1315,13,12,28,0
1364,0.333008,1316,12,13,28,0
1365,0.333252,1316,15,14,32,0
1366,0.333496,1318,13,13,32,0
1367,0.333740,1318,15,14,32,0
1368,0.333984,1319,17,14,34,0
1369,0.334229,1320,13,14,30,0
1370,0.334473,1321,14,12,29,0
1371,0.334717,1322,13,13,29,0
1372,0.334961,1323,14,12,29,0
1373,0.335205,1324,13,13,29,0
1374,0.335449,1325,13,12,28,0
1375,0.335693,1326,16,13,32,0
1376,0.335938,1326,17,14,34,0
1377,0.336182,1327,15,14,32,0
1378,0.336426,1328,15,14,32,0
1379,0.336670,1329,13,14,30,0
1380,0.336914,1330,14,13,33,0
1381,0.337158,1331,13,12,28,0
1382,0.337402,1332,14,13,33,0
1383,0.337646,1333,12,12,27,0
1384,0.337891,1334,16,13,32,0
1385,0.338135,1334,17,14,34,0
1386,0.338379,1335,15,14,32,0
1387,0.338623,1336,15,14,32,0
1388,0.338867,1337,15,14,32,0
1389,0.339111,1338,13,14,30,0
1390,0.339355,1339,14,12,29,0
1391,0.339600,1340,13,13,29,0
1392,0.339844,1341,14,12,29,0
1393,0.340088,1342,13,13,29,0
1394,0.340332,1342,17,14,34,0
1395,0.340576,1343,15,14,32,0
1396,0.340820,1344,15,14,32,0
1397,0.341064,1345,15,14,32,0
1398,0.341309,1346,14,14,31,0
1399,0.341553,1347,13,12,28,0
1400,0.341797,1348,14,13,33,0
1401,0.342041,1349,13,12,28,0
1402,0.342285,1350,16,13,32,0
1403,0.342529,1350,17,14,34,0
1404,0.342773,1351,15,14,32,0
1405,0.343018,1352,15,14,32,0
1406,0.343262,1353,14,14,31,0
1407,0.343506,1354,13,14,30,0
1408,0.343750,1355,14,12,29,0
1409,0.343994,1356,13,13,29,0
1410,0.344238,1357,14,12,29,0
1411,0.344482,1358,12,13,31,0
1412,0.344727,1358,17,14,34,0
1413,0.344971,1359,15,14,32,0
1414,0.345215,1360,15,14,32,0
1415,0.345459,1361,13,14,30,0
1416,0.345703,1362,14,14,31,0
1417,0.345947,1363,13,12,28,0
1418,0.346191,1364,14,13,33,0
1419,0.346436,1365,13,12,28,0
1420,0.346680,1366,12,13,28,0
1421,0.346924,1367,16,12,31,0
1422,0.347168,1367,15,14,32,0
1423,0.347412,1368,15,14,32,0
1424,0.347656,1369,15,14,32,0
1425,0.347900,1370,13,14,30,0
1426,0.348145,1371,14,12,29,0
1427,0.348389,1372,13,13,29,0
1428,0.348633,1373,14,12,29,0
1429,0.348877,1374,13,13,29,0
1430,0.349121,1375,13,12,28,0
1431,0.349365,1376,16,13,32,0
1432,0.349609,1376,15,14,32,0
1433,0.349854,1377,15,14,32,0
1434,0.350098,1378,14,14,31,0
1435,0.350342,1379,13,12,28,0
1436,0.350586,1380,14,13,33,0
1437,0.350830,1381,13,12,28,0
1438,0.351074,1382,13,13,32,0
1439,0.351318,1383,16,12,31,0
1440,0.351562,1383,17,14,34,0
1441,0.351807,1384,15,14,32,0
1442,0.352051,1385,15,14,32,0
1443,0.352295,1386,13,14,30,0
1444,0.352539,1387,14,14,31,0
1445,0.352783,1388,13,13,29,0
1446,0.353027,1389,14,12,29,0
1447,0.353271,1390,12,13,31,0
1448,0.353516,1391,16,12,31,0
1449,0.353760,1391,15,14,32,0
1450,0.354004,1392,15,14,32,0
1451,0.354248,1393,15,14,32,0
1452,0.354492,1394,14,14,31,0
1453,0.354736,1395,13,12,28,0
1454,0.354980,1396,14,13,33,0
1455,0.355225,1397,12,12,27,0
1456,0.355469,1398,16,13,32,0
1457,0.355713,1398,17,14,34,0
1458,0.355957,1399,15,14,32,0
1459,0.356201,1400,15,14,32,0
1460,0.356445,1401,15,14,32,0
1461,0.356689,1402,13,14,30,0
1462,0.356934,1403,15,12,30,0
1463,0.357178,1404,16,14,33,0
1464,0.357422,1405,16,14,33,0
1465,0.357666,1406,12,14,29,0
1466,0.357910,1407,14,14,31,0
1467,0.358154,1408,13,13,32,0
1468,0.358398,1408,16,14,33,0
1469,0.358643,1409,16,14,33,0
1470,0.358887,1410,16,14,33,0
1471,0.359131,1411,13,14,30,0
1472,0.359375,1412,14,13,30,0
1473,0.359619,1413,13,12,28,0
1474,0.359863,1414,14,13,30,0
1475,0.360107,1415,15,12,30,0
1476,0.360352,1415,17,14,34,0
1477,0.360596,1416,16,14,33,0
1478,0.360840,1417,16,14,33,0
1479,0.361084,1418,13,14,30,0
1480,0.361328,1419,14,14,31,0
1481,0.361572,1420,13,13,32,0
1482,0.361816,1421,14,12,29,0
1483,0.362061,1422,13,13,32,0
1484,0.362305,1423,14,12,29,0
1485,0.362549,1424,15,13,31,0
1486,0.362793,1424,16,14,33,0
1487,0.363037,1425,13,14,30,0
1488,0.363281,1426,14,13,30,0
1489,0.363525,1427,13,12,28,0
1490,0.363770,1428,14,13,30,0
1491,0.364014,1429,13,12,28,0
1492,0.364258,1430,15,13,31,0
1493,0.364502,1430,16,14,33,0
1494,0.364746,1431,16,14,33,0
1495,0.364990,1432,16,14,33,0
1496,0.365234,1433,12,14,29,0
1497,0.365479,1434,13,14,30,0
1498,0.365723,1435,14,12,29,0
1499,0.365967,1436,13,13,32,0
1500,0.366211,1437,14,12,29,0
1501,0.366455,1438,15,13,31,0
1502,0.366699,1438,17,14,34,0
1503,0.366943,1439,16,14,33,0
1504,0.367188,1440,12,14,29,0
1505,0.367432,1441,13,12,28,0
1506,0.367676,1442,14,13,30,0
1507,0.367920,1443,13,12,28,0
1508,0.368164,1444,15,13,31,0
1509,0.368408,1445,15,12,30,0
1510,0.368652,1445,17,14,34,0
1511,0.368896,1446,16,14,33,0
1512,0.369141,1447,16,14,33,0
1513,0.369385,1448,12,14,29,0
1514,0.369629,1449,14,14,31,0
1515,0.369873,1450,13,13,32,0
1516,0.370117,1451,14,12,29,0
1517,0.370361,1452,15,13,31,0
1518,0.370605,1453,15,12,30,0
1519,0.370850,1453,16,14,33,0
1520,0.371094,1454,12,14,29,0
1521,0.371338,1455,13,14,30,0
1522,0.371582,1456,14,13,30,0
1523,0.371826,1457,13,12,28,0
1524,0.372070,1458,15,13,31,0
1525,0.372314,1458,17,14,34,0
1526,0.372559,1459,16,14,33,0
1527,0.372803,1460,16,14,33,0
1528,0.373047,1461,16,14,33,0
1529,0.373291,1462,12,14,29,0
1530,0.373535,1463,14,14,31,0
1531,0.373779,1464,13,13,32,0
1532,0.374023,1465,14,12,29,0
1533,0.374268,1466,15,13,31,0
1534,0.374512,1466,17,14,34,0
1535,0.374756,1467,16,14,33,0
1536,0.375000,1468,12,14,29,0
1537,0.375244,1469,13,14,30,0
1538,0.375488,1470,14,13,30,0
1539,0.375732,1471,13,12,28,0
1540,0.375977,1472,14,13,30,0
1541,0.376221,1472,16,14,33,0
1542,0.376465,1473,13,14,30,0
1543,0.376709,1474,13,14,30,0
1544,0.376953,1475,14,14,31,0
1545,0.377197,1476,13,13,32,0
1546,0.377441,1477,14,12,29,0
1547,0.377686,1478,15,13,31,0
1548,0.377930,1479,15,12,30,0
1549,0.378174,1479,16,14,33,0
1550,0.378418,1480,16,14,33,0
1551,0.378662,1481,13,14,30,0
1552,0.378906,1482,14,14,31,0
1553,0.379150,1483,13,12,28,0
1554,0.379395,1484,14,13,30,0
1555,0.379639,1485,15,12,30,0
1556,0.379883,1486,15,13,31,0
1557,0.380127,1486,16,14,33,0
1558,0.380371,1487,13,14,30,0
1559,0.380615,1488,13,14,30,0
1560,0.380859,1489,14,14,31,0
1561,0.381104,1490,13,13,32,0
1562,0.381348,1491,14,12,29,0
1563,0.381592,1492,15,13,31,0
1564,0.381836,1492,17,14,34,0
1565,0.382080,1493,16,14,33,0
1566,0.382324,1494,16,14,33,0
1567,0.382568,1495,13,14,30,0
1568,0.382812,1496,14,14,31,0
1569,0.383057,1497,13,12,28,0
1570,0.383301,1498,14,13,30,0
1571,0.383545,1499,15,12,30,0
1572,0.383789,1499,17,14,34,0
1573,0.384033,1500,16,14,33,0
1574,0.384277,1501,13,14,30,0
1575,0.384521,1502,13,14,30,0
1576,0.384766,1503,14,12,29,0
1577,0.385010,1504,13,13,29,0
1578,0.385254,1504,17,14,34,0
1579,0.385498,1505,16,14,33,0
1580,0.385742,1506,12,14,29,0
1581,0.385986,1507,13,12,28,0
1582,0.386230,1508,14,13,30,0
1583,0.386475,1509,13,12,28,0
1584,0.386719,1510,14,13,30,0
1585,0.386963,1511,15,12,30,0
1586,0.387207,1512,15,13,31,0
1587,0.387451,1512,16,14,33,0
1588,0.387695,1513,12,14,29,0
1589,0.387939,1514,13,13,32,0
1590,0.388184,1515,14,12,29,0
1591,0.388428,1516,13,13,32,0
1592,0.388672,1517,14,12,29,0
1593,0.388916,1518,15,13,31,0
1594,0.389160,1518,17,14,34,0
1595,0.389404,1519,16,14,33,0
1596,0.389648,1520,12,14,29,0
1597,0.389893,1521,13,12,28,0
1598,0.390137,1522,14,13,30,0
1599,0.390381,1523,13,12,28,0
1600,0.390625,1524,14,13,30,0
1601,0.390869,1525,15,12,30,0
1602,0.391113,1525,17,14,34,0
1603,0.391357,1526,16,14,33,0
1604,0.391602,1527,12,14,29,0
1605,0.391846,1528,13,13,32,0
1606,0.392090,1529,15,12,30,0
1607,0.392334,1530,15,13,31,0
1608,0.392578,1531,15,12,30,0
1609,0.392822,1531,16,14,33,0
1610,0.393066,1532,16,14,33,0
1611,0.393311,1533,13,14,30,0
1612,0.393555,1534,14,14,31,0
1613,0.393799,1535,13,12,28,0
1614,0.394043,1536,14,13,30,0
1615,0.394287,1536,13,14,30,0
1616,0.394531,1537,14,14,31,0
1617,0.394775,1538,13,13,32,0
1618,0.395020,1539,14,12,29,0
1619,0.395264,1540,13,13,29,0
1620,0.395508,1541,15,12,30,0
1621,0.395752,1541,16,14,33,0
1622,0.395996,1542,16,14,33,0
1623,0.396240,1543,13,14,30,0
1624,0.396484,1544,14,13,30,0
1625,0.396729,1545,13,12,28,0
1626,0.396973,1546,15,13,31,0
1627,0.397217,1546,16,14,33,0
1628,0.397461,1547,16,14,33,0
1629,0.397705,1548,16,14,33,0
1630,0.397949,1549,13,14,30,0
1631,0.398193,1550,13,14,30,0
1632,0.398438,1551,14,12,29,0
1633,0.398682,1552,13,13,29,0
1634,0.398926,1553,15,12,30,0
1635,0.399170,1553,16,14,33,0
1636,0.399414,1554,16,14,33,0
1637,0.399658,1555,12,14,29,0
1638,0.399902,1556,14,14,31,0
1639,0.400146,1557,13,12,28,0
1640,0.400391,1558,14,13,30,0
1641,0.400635,1559,15,12,30,0
1642,0.400879,1560,15,13,31,0
1643,0.401123,1560,13,14,30,0
1644,0.401367,1561,14,14,31,0
1645,0.401611,1562,13,13,32,0
1646,0.401855,1563,14,12,29,0
1647,0.402100,1564,15,13,31,0
1648,0.402344,1565,15,12,30,0
1649,0.402588,1565,17,14,34,0
1650,0.402832,1566,13,14,30,0
1651,0.403076,1567,13,14,30,0
1652,0.403320,1568,14,13,30,0
1653,0.403564,1569,15,12,30,0
1654,0.403809,1570,15,13,31,0
1655,0.404053,1571,13,12,28,0
1656,0.404297,1572,15,13,31,0
1657,0.404541,1572,16,14,33,0
1658,0.404785,1573,16,14,33,0
1659,0.405029,1574,13,14,30,0
1660,0.405273,1575,14,12,29,0
1661,0.405518,1576,13,13,29,0
1662,0.405762,1576,17,14,34,0
1663,0.406006,1577,16,14,33,0
1664,0.406250,1578,16,14,33,0
1665,0.406494,1579,12,14,29,0
1666,0.406738,1580,14,14,31,0
1667,0.406982,1581,13,12,28,0
1668,0.407227,1582,14,13,30,0
1669,0.407471,1583,15,12,30,0
1670,0.407715,1583,17,14,34,0
1671,0.407959,1584,13,14,30,0
1672,0.408203,1585,14,14,31,0
1673,0.408447,1586,13,13,32,0
1674,0.408691,1587,14,12,29,0
1675,0.408936,1588,15,13,31,0
1676,0.409180,1588,17,14,34,0
1677,0.409424,1589,16,14,33,0
1678,0.409668,1590,13,14,30,0
1679,0.409912,1591,13,14,30,0
1680,0.410156,1592,14,13,30,0
1681,0.410400,1593,15,12,30,0
1682,0.410645,1594,15,13,31,0
1683,0.410889,1594,16,14,33,0
1684,0.411133,1595,12,14,29,0
1685,0.411377,1596,13,13,32,0
1686,0.411621,1597,14,12,29,0
1687,0.411865,1598,13,14,30,0
1688,0.412109,1599,14,12,29,0
1689,0.412354,1600,13,13,29,0
1690,0.412598,1600,16,14,33,0
1691,0.412842,1601,13,14,30,0
1692,0.413086,1602,14,13,30,0
1693,0.413330,1603,13,12,28,0
1694,0.413574,1604,14,13,30,0
1695,0.413818,1605,15,12,30,0
1696,0.414062,1605,17,14,34,0
1697,0.414307,1606,16,14,33,0
1698,0.414551,1607,13,14,30,0
1699,0.414795,1608,13,13,32,0
1700,0.415039,1609,14,12,29,0
1701,0.415283,1610,15,13,31,0
1702,0.415527,1610,16,14,33,0
1703,0.415771,1611,16,14,33,0
1704,0.416016,1612,16,14,33,0
1705,0.416260,1613,12,14,29,0
1706,0.416504,1614,14,14,31,0
1707,0.416748,1615,13,12,28,0
1708,0.416992,1616,15,13,31,0
1709,0.417236,1616,12,14,29,0
1710,0.417480,1617,14,14,31,0
1711,0.417725,1618,13,14,30,0
1712,0.417969,1619,14,12,29,0
1713,0.418213,1620,13,13,32,0
1714,0.418457,1621,15,12,30,0
1715,0.418701,1621,17,14,34,0
1716,0.418945,1622,16,14,33,0
1717,0.419189,1623,12,14,29,0
1718,0.419434,1624,14,13,30,0
1719,0.419678,1625,13,14,30,0
1720,0.419922,1626,14,14,31,0
1721,0.420166,1627,13,12,28,0
1722,0.420410,1628,14,13,30,0
1723,0.420654,1629,15,12,30,0
1724,0.420898,1629,16,14,33,0
1725,0.421143,1630,12,14,29,0
1726,0.421387,1631,14,14,31,0
1727,0.421631,1632,13,13,32,0
1728,0.421875,1632,17,14,34,0
1729,0.422119,1633,12,14,29,0
1730,0.422363,1634,14,14,31,0
1731,0.422607,1635,13,12,28,0
1732,0.422852,1636,14,13,30,0
1733,0.423096,1637,13,12,28,0
1734,0.423340,1638,15,13,31,0
1735,0.423584,1639,15,12,30,0
1736,0.423828,1639,17,14,34,0
1737,0.424072,1640,12,14,29,0
1738,0.424316,1641,14,14,31,0
1739,0.424561,1642,13,13,32,0
1740,0.424805,1643,14,12,29,0
1741,0.425049,1644,15,13,31,0
1742,0.425293,1644,16,14,33,0
1743,0.425537,1645,16,14,33,0
1744,0.425781,1646,12,14,29,0
1745,0.426025,1647,13,14,30,0
1746,0.426270,1648,14,13,30,0
1747,0.426514,1648,16,14,33,0
1748,0.426758,1649,12,14,29,0
1749,0.427002,1650,13,14,30,0
1750,0.427246,1651,14,12,29,0
1751,0.427490,1652,13,13,32,0
1752,0.427734,1653,14,12,29,0
1753,0.427979,1654,15,13,31,0
1754,0.428223,1655,15,12,30,0
1755,0.428467,1655,16,14,33,0
1756,0.428711,1656,12,14,29,0
1757,0.428955,1657,13,12,28,0
1758,0.429199,1658,14,13,30,0
1759,0.429443,1659,13,12,28,0
1760,0.429688,1660,15,13,31,0
1761,0.429932,1660,16,14,33,0
1762,0.430176,1661,16,14,33,0
1763,0.430420,1662,13,14,30,0
1764,0.430664,1663,14,12,29,0
1765,0.430908,1663,17,14,34,0
1766,0.431152,1664,16,14,33,0
1767,0.431396,1665,13,14,30,0
1768,0.431641,1666,14,14,31,0
1769,0.431885,1667,13,12,28,0
1770,0.432129,1668,14,13,30,0
1771,0.432373,1669,15,12,30,0
1772,0.432617,1669,16,14,33,0
1773,0.432861,1670,12,14,29,0
1774,0.433105,1671,14,14,31,0
1775,0.433350,1672,13,13,32,0
1776,0.433594,1673,15,12,30,0
1777,0.433838,1673,17,14,34,0
1778,0.434082,1674,16,14,33,0
1779,0.434326,1675,16,14,33,0
1780,0.434570,1676,12,14,29,0
1781,0.434814,1677,13,12,28,0
1782,0.435059,1678,14,13,30,0
1783,0.435303,1679,15,12,30,0
1784,0.435547,1679,16,14,33,0
1785,0.435791,1680,12,14,29,0
1786,0.436035,1681,14,12,29,0
1787,0.436279,1682,13,13,32,0
1788,0.436523,1683,14,12,29,0
1789,0.436768,1684,15,13,31,0
1790,0.437012,1684,16,14,33,0
1791,0.437256,1685,13,14,30,0
1792,0.437500,1686,14,14,31,0
1793,0.437744,1687,13,12,28,0
1794,0.437988,1688,14,13,30,0
1795,0.438232,1688,17,14,34,0
1796,0.438477,1689,16,14,33,0
1797,0.438721,1690,12,14,29,0
1798,0.438965,1691,14,12,29,0
1799,0.439209,1692,13,13,32,0
1800,0.439453,1692,17,14,34,0
1801,0.439697,1693,16,14,33,0
1802,0.439941,1694,13,14,30,0
1803,0.440186,1695,13,14,30,0
1804,0.440430,1696,14,13,30,0
1805,0.440674,1697,13,12,28,0
1806,0.440918,1697,17,14,34,0
1807,0.441162,1698,17,14,34,0
1808,0.441406,1699,12,14,29,0
1809,0.441650,1700,13,13,32,0
1810,0.441895,1701,14,12,29,0
1811,0.442139,1702,15,13,31,0
1812,0.442383,1702,17,14,34,0
1813,0.442627,1703,16,14,33,0
1814,0.442871,1704,13,14,30,0
1815,0.443115,1705,13,14,30,0
1816,0.443359,1706,14,13,30,0
1817,0.443604,1707,13,12,28,0
1818,0.443848,1707,17,14,34,0
1819,0.444092,1708,16,14,33,0
1820,0.444336,1709,12,14,29,0
1821,0.444580,1710,13,13,32,0
1822,0.444824,1711,14,12,29,0
1823,0.445068,1712,13,13,29,0
1824,0.445312,1712,17,14,34,0
1825,0.445557,1713,16,14,33,0
1826,0.445801,1714,13,14,30,0
1827,0.446045,1715,13,14,30,0
1828,0.446289,1716,14,13,30,0
1829,0.446533,1717,15,12,30,0
1830,0.446777,1717,16,14,33,0
1831,0.447021,1718,16,14,33,0
1832,0.447266,1719,12,14,29,0
1833,0.447510,1720,13,13,32,0
1834,0.447754,1721,14,12,29,0
1835,0.447998,1722,13,13,29,0
1836,0.448242,1723,15,12,30,0
1837,0.448486,1723,16,14,33,0
1838,0.448730,1724,13,14,30,0
1839,0.448975,1725,13,12,28,0
1840,0.449219,1726,14,13,30,0
1841,0.449463,1727,15,12,30,0
1842,0.449707,1727,16,14,33,0
1843,0.449951,1728,13,14,30,0
1844,0.450195,1729,14,12,29,0
1845,0.450439,1730,15,13,31,0
1846,0.450684,1730,16,14,33,0
1847,0.450928,1731,16,14,33,0
1848,0.451172,1732,12,14,29,0
1849,0.451416,1733,13,12,28,0
1850,0.451660,1734,14,13,30,0
1851,0.451904,1735,13,12,28,0
1852,0.452148,1736,15,13,31,0
1853,0.452393,1736,12,14,29,0
1854,0.452637,1737,14,14,31,0
1855,0.452881,1738,13,14,30,0
1856,0.453125,1739,14,12,29,0
1857,0.453369,1740,13,13,29,0
1858,0.453613,1740,16,14,33,0
1859,0.453857,1741,16,14,33,0
1860,0.454102,1742,12,14,29,0
1861,0.454346,1743,13,12,28,0
1862,0.454590,1744,14,13,30,0
1863,0.454834,1745,15,12,30,0
1864,0.455078,1745,16,14,33,0
1865,0.455322,1746,12,14,29,0
1866,0.455566,1747,14,14,31,0
1867,0.455811,1748,13,13,32,0
1868,0.456055,1749,15,12,30,0
1869,0.456299,1749,17,14,34,0
1870,0.456543,1750,16,14,33,0
1871,0.456787,1751,13,14,30,0
1872,0.457031,1752,14,13,30,0
1873,0.457275,1753,15,12,30,0
1874,0.457520,1753,16,14,33,0
1875,0.457764,1754,16,14,33,0
1876,0.458008,1755,16,14,33,0
1877,0.458252,1756,12,13,28,0
1878,0.458496,1757,14,12,29,0
1879,0.458740,1758,13,13,29,0
1880,0.458984,1759,15,12,30,0
1881,0.459229,1759,16,14,33,0
1882,0.459473,1760,13,14,30,0
1883,0.459717,1761,13,12,28,0
1884,0.459961,1762,14,13,30,0
1885,0.460205,1763,15,12,30,0
1886,0.460449,1763,16,14,33,0
1887,0.460693,1764,13,14,30,0
1888,0.460938,1765,14,12,29,0
1889,0.461182,1766,13,13,29,0
1890,0.461426,1767,15,12,30,0
1891,0.461670,1767,16,14,33,0
1892,0.461914,1768,12,14,29,0
1893,0.462158,1769,13,12,28,0
1894,0.462402,1770,15,13,31,0
1895,0.462646,1771,13,12,28,0
1896,0.462891,1772,15,13,31,0
1897,0.463135,1772,12,14,29,0
1898,0.463379,1773,14,14,31,0
1899,0.463623,1774,13,14,30,0
1900,0.463867,1775,14,12,29,0
1901,0.464111,1776,13,13,29,0
1902,0.464355,1776,13,14,30,0
1903,0.464600,1777,13,14,30,0
1904,0.464844,1778,14,13,30,0
1905,0.465088,1779,13,12,28,0
1906,0.465332,1780,15,13,31,0
1907,0.465576,1780,16,14,33,0
1908,0.465820,1781,12,14,29,0
1909,0.466064,1782,13,13,32,0
1910,0.466309,1783,14,12,29,0
1911,0.466553,1784,13,13,32,0
1912,0.466797,1785,15,12,30,0
1913,0.467041,1785,16,14,33,0
1914,0.467285,1786,13,14,30,0
1915,0.467529,1787,13,14,30,0
1916,0.467773,1788,14,13,30,0
1917,0.468018,1789,13,12,28,0
1918,0.468262,1789,17,14,34,0
1919,0.468506,1790,16,14,33,0
1920,0.468750,1791,16,14,33,0
1921,0.468994,1792,11,13,30,0
1922,0.469238,1792,11,14,28,0
1923,0.469482,1793,13,14,30,0
1924,0.469727,1794,14,13,30,0
1925,0.469971,1795,13,12,28,0
1926,0.470215,1795,16,14,33,0
1927,0.470459,1796,16,14,33,0
1928,0.470703,1797,12,12,27,0
1929,0.470947,1798,13,13,32,0
1930,0.471191,1799,14,12,29,0
1931,0.471436,1800,13,13,32,0
1932,0.471680,1800,16,14,33,0
1933,0.471924,1801,12,14,29,0
1934,0.472168,1802,14,14,31,0
1935,0.472412,1803,13,14,30,0
1936,0.472656,1804,14,13,30,0
1937,0.472900,1805,15,12,30,0
1938,0.473145,1805,16,14,33,0
1939,0.473389,1806,13,14,30,0
1940,0.473633,1807,14,14,31,0
1941,0.473877,1808,13,13,29,0
1942,0.474121,1808,16,14,33,0
1943,0.474365,1809,16,14,33,0
1944,0.474609,1810,12,14,29,0
1945,0.474854,1811,13,14,30,0
1946,0.475098,1812,14,13,30,0
1947,0.475342,1813,15,12,30,0
1948,0.475586,1813,16,14,33,0
1949,0.475830,1814,12,14,29,0
1950,0.476074,1815,14,14,31,0
1951,0.476318,1816,13,13,32,0
1952,0.476562,1817,15,12,30,0
1953,0.476807,1817,16,14,33,0
1954,0.477051,1818,13,14,30,0
1955,0.477295,1819,13,14,30,0
1956,0.477539,1820,14,13,30,0
1957,0.477783,1821,15,12,30,0
1958,0.478027,1821,16,14,33,0
1959,0.478271,1822,16,14,33,0
1960,0.478516,1823,12,14,29,0
1961,0.478760,1824,13,13,32,0
1962,0.479004,1825,15,12,30,0
1963,0.479248,1825,17,14,34,0
1964,0.479492,1826,16,14,33,0
1965,0.479736,1827,12,12,27,0
1966,0.479980,1828,14,13,30,0
1967,0.480225,1829,13,12,28,0
1968,0.480469,1830,15,13,31,0
1969,0.480713,1830,16,14,33,0
1970,0.480957,1831,13,14,30,0
1971,0.481201,1832,13,13,32,0
1972,0.481445,1833,15,12,30,0
1973,0.481689,1833,16,14,33,0
1974,0.481934,1834,13,14,30,0
1975,0.482178,1835,15,14,32,0
1976,0.482422,1836,13,14,30,0
1977,0.482666,1837,14,12,29,0
1978,0.482910,1838,13,13,29,0
1979,0.483154,1839,16,12,31,0
1980,0.483398,1839,15,14,32,0
1981,0.483643,1840,14,14,31,0
1982,0.483887,1841,13,12,28,0
1983,0.484131,1842,13,13,32,0
1984,0.484375,1843,16,12,31,0
1985,0.484619,1843,15,14,32,0
1986,0.484863,1844,13,14,30,0
1987,0.485107,1845,14,12,29,0
1988,0.485352,1846,12,13,31,0
1989,0.485596,1847,16,12,31,0
1990,0.485840,1847,15,14,32,0
1991,0.486084,1848,14,14,31,0
1992,0.486328,1849,13,12,28,0
1993,0.486572,1850,12,13,28,0
1994,0.486816,1850,17,14,34,0
1995,0.487061,1851,15,14,32,0
1996,0.487305,1852,13,14,30,0
1997,0.487549,1853,14,12,29,0
1998,0.487793,1854,13,13,29,0
1999,0.488037,1855,13,12,28,0
2000,0.488281,1856,16,13,32,0
2001,0.488525,1856,12,14,29,0
2002,0.488770,1857,16,12,31,0
2003,0.489014,1857,15,14,32,0
2004,0.489258,1858,13,14,30,0
2005,0.489502,1859,14,14,31,0
2006,0.489746,1860,13,13,29,0
2007,0.489990,1861,13,12,28,0
2008,0.490234,1862,16,13,32,0
2009,0.490479,1862,15,14,32,0
2010,0.490723,1863,13,14,30,0
2011,0.490967,1864,14,13,33,0
2012,0.491211,1864,17,14,34,0
2013,0.491455,1865,15,14,32,0
2014,0.491699,1866,13,14,30,0
2015,0.491943,1867,14,14,31,0
2016,0.492188,1868,12,13,31,0
2017,0.492432,1869,16,12,31,0
2018,0.492676,1869,15,14,32,0
2019,0.492920,1870,15,14,32,0
2020,0.493164,1871,13,14,30,0
2021,0.493408,1872,12,13,28,0
2022,0.493652,1872,15,14,32,0
2023,0.493896,1873,15,14,32,0
2024,0.494141,1874,13,14,30,0
2025,0.494385,1875,14,12,29,0
2026,0.494629,1876,13,13,29,0
2027,0.494873,1876,17,14,34,0
2028,0.495117,1877,15,14,32,0
2029,0.495361,1878,14,14,31,0
2030,0.495605,1879,13,12,28,0
2031,0.495850,1880,13,13,32,0
2032,0.496094,1880,15,14,32,0
2033,0.496338,1881,14,14,31,0
2034,0.496582,1882,13,13,29,0
2035,0.496826,1883,14,12,29,0
2036,0.497070,1884,12,13,31,0
2037,0.497314,1884,15,14,32,0
2038,0.497559,1885,13,14,30,0
2039,0.497803,1886,15,14,32,0
2040,0.498047,1887,13,14,30,0
2041,0.498291,1888,12,13,28,0
2042,0.498535,1888,15,14,32,0
2043,0.498779,1889,14,14,31,0
2044,0.499023,1890,13,13,29,0
2045,0.499268,1891,12,12,27,0
2046,0.499512,1891,17,14,34,0
2047,0.499756,1892,15,14,32,0
2048,0.500000,1893,13,14,30,0
2049,0.500244,1894,14,13,33,0
2050,0.500488,1895,13,12,28,0
2051,0.500732,1896,16,13,32,0
2052,0.500977,1896,13,14,30,0
2053,0.501221,1897,14,12,29,0
2054,0.501465,1898,13,13,29,0
2055,0.501709,1899,14,12,29,0
2056,0.501953,1900,12,13,31,0
2057,0.502197,1900,15,14,32,0
2058,0.502441,1901,13,14,30,0
2059,0.502686,1902,14,13,33,0
2060,0.502930,1903,12,12,27,0
2061,0.503174,1904,16,13,32,0
2062,0.503418,1904,13,14,30,0
2063,0.503662,1905,13,12,28,0
2064,0.503906,1906,16,13,32,0
2065,0.504150,1906,15,14,32,0
2066,0.504395,1907,13,14,30,0
2067,0.504639,1908,14,14,31,0
2068,0.504883,1909,12,12,27,0
2069,0.505127,1910,16,13,32,0
2070,0.505371,1910,15,14,32,0
2071,0.505615,1912,16,13,32,0
2072,0.505859,1912,13,14,30,0
2073,0.506104,1913,14,12,29,0
2074,0.506348,1914,13,13,29,0
2075,0.506592,1914,17,14,34,0
2076,0.506836,1915,15,14,32,0
2077,0.507080,1916,14,14,31,0
2078,0.507324,1917,13,12,28,0
2079,0.507568,1918,13,13,32,0
2080,0.507812,1918,15,14,32,0
2081,0.508057,1919,15,14,32,0
2082,0.508301,1920,13,13,29,0
2083,0.508545,1920,15,14,32,0
2084,0.508789,1921,13,14,30,0
2085,0.509033,1922,14,14,31,0
2086,0.509277,1923,13,12,28,0
2087,0.509521,1924,13,13,32,0
2088,0.509766,1924,15,14,32,0
2089,0.510010,1925,15,14,32,0
2090,0.510254,1926,13,13,29,0
2091,0.510498,1927,13,12,28,0
2092,0.510742,1927,17,14,34,0
2093,0.510986,1928,14,14,31,0
2094,0.511230,1929,13,14,30,0
2095,0.511475,1930,13,13,32,0
2096,0.511719,1930,17,14,34,0
2097,0.511963,1931,15,14,32,0
2098,0.512207,1932,13,14,30,0
2099,0.512451,1933,14,12,29,0
2100,0.512695,1934,12,13,31,0
2101,0.512939,1934,17,14,34,0
2102,0.513184,1935,15,14,32,0
2103,0.513428,1936,14,14,31,0
2104,0.513672,1937,13,12,28,0
2105,0.513916,1938,12,13,28,0
2106,0.514160,1938,17,14,34,0
2107,0.514404,1939,15,14,32,0
2108,0.514648,1940,13,14,30,0
2109,0.514893,1941,12,12,27,0
2110,0.515137,1942,16,13,32,0
2111,0.515381,1942,15,14,32,0
2112,0.515625,1943,13,14,30,0
2113,0.515869,1944,12,13,28,0
2114,0.516113,1945,16,12,31,0
2115,0.516357,1946,16,13,32,0
2116,0.516602,1946,13,14,30,0
2117,0.516846,1947,14,14,31,0
2118,0.517090,1948,13,13,29,0
2119,0.517334,1949,16,12,31,0
2120,0.517578,1949,15,14,32,0
2121,0.517822,1950,14,14,31,0
2122,0.518066,1951,13,12,28,0
2123,0.518311,1952,13,13,32,0
2124,0.518555,1952,15,14,32,0
2125,0.518799,1953,14,14,31,0
2126,0.519043,1954,13,13,29,0
2127,0.519287,1955,16,12,31,0
2128,0.519531,1955,15,14,32,0
2129,0.519775,1956,14,14,31,0
2130,0.520020,1957,13,12,28,0
2131,0.520264,1958,13,13,32,0
2132,0.520508,1958,17,14,34,0
2133,0.520752,1959,15,14,32,0
2134,0.520996,1960,13,14,30,0
2135,0.521240,1961,14,14,31,0
2136,0.521484,1962,12,13,31,0
2137,0.521729,1962,17,14,34,0
2138,0.521973,1963,15,14,32,0
2139,0.522217,1964,14,14,31,0
2140,0.522461,1965,13,12,28,0
2141,0.522705,1966,12,13,28,0
2142,0.522949,1966,15,14,32,0
2143,0.523193,1967,14,14,31,0
2144,0.523438,1968,12,13,31,0
2145,0.523682,1969,16,12,31,0
2146,0.523926,1969,15,14,32,0
2147,0.524170,1970,14,14,31,0
2148,0.524414,1971,13,12,28,0
2149,0.524658,1972,12,13,28,0
2150,0.524902,1972,17,14,34,0
2151,0.525146,1973,15,14,32,0
2152,0.525391,1974,13,14,30,0
2153,0.525635,1975,12,12,27,0
2154,0.525879,1975,17,14,34,0
2155,0.526123,1976,15,14,32,0
2156,0.526367,1977,13,12,28,0
2157,0.526611,1978,14,13,33,0
2158,0.526855,1978,17,14,34,0
2159,0.527100,1979,15,14,32,0
2160,0.527344,1980,13,14,30,0
2161,0.527588,1981,14,12,29,0
2162,0.527832,1982,13,13,29,0
2163,0.528076,1982,15,14,32,0
2164,0.528320,1983,13,14,30,0
2165,0.528564,1984,12,13,28,0
2166,0.528809,1985,16,12,31,0
2167,0.529053,1986,16,13,32,0
2168,0.529297,1986,15,14,32,0
2169,0.529541,1987,14,14,31,0
2170,0.529785,1988,13,13,29,0
2171,0.530029,1988,15,14,32,0
2172,0.530273,1989,15,14,32,0
2173,0.530518,1990,14,14,31,0
2174,0.530762,1991,13,12,28,0
2175,0.531006,1992,13,13,32,0
2176,0.531250,1992,15,14,32,0
2177,0.531494,1993,14,14,31,0
2178,0.531738,1994,13,13,29,0
2179,0.531982,1995,13,12,28,0
2180,0.532227,1995,15,14,32,0
2181,0.532471,1996,14,14,31,0
2182,0.532715,1997,13,12,28,0
2183,0.532959,1998,13,13,32,0
2184,0.533203,1998,15,14,32,0
2185,0.533447,1999,15,14,32,0
2186,0.533691,2000,13,14,30,0
2187,0.533936,2001,13,12,28,0
2188,0.534180,2002,16,13,32,0
2189,0.534424,2002,14,14,31,0
2190,0.534668,2003,13,12,28,0
2191,0.534912,2004,13,13,32,0
2192,0.535156,2004,17,14,34,0
2193,0.535400,2005,15,14,32,0
2194,0.535645,2006,13,14,30,0
2195,0.535889,2007,14,12,29,0
2196,0.536133,2008,12,13,31,0
2197,0.536377,2008,17,14,34,0
2198,0.536621,2009,13,14,30,0
2199,0.536865,2010,14,13,33,0
2200,0.537109,2011,13,12,28,0
2201,0.537354,2012,12,13,28,0
2202,0.537598,2012,15,14,32,0
2203,0.537842,2013,14,14,31,0
2204,0.538086,2014,13,13,29,0
2205,0.538330,2015,12,12,27,0
2206,0.538574,2015,15,14,32,0
2207,0.538818,2016,13,13,32,0
2208,0.539062,2017,16,12,31,0
2209,0.539307,2017,17,14,34,0
2210,0.539551,2018,13,14,30,0
2211,0.539795,2019,14,12,29,0
2212,0.540039,2020,12,13,31,0
2213,0.540283,2020,17,14,34,0
2214,0.540527,2021,15,14,32,0
2215,0.540771,2022,14,13,33,0
2216,0.541016,2023,12,12,27,0
2217,0.541260,2024,16,13,32,0
2218,0.541504,2024,15,14,32,0
2219,0.541748,2025,14,12,29,0
2220,0.541992,2026,12,13,31,0
2221,0.542236,2027,16,12,31,0
2222,0.542480,2027,15,14,32,0
2223,0.542725,2028,14,13,33,0
2224,0.542969,2029,12,12,27,0
2225,0.543213,2030,16,13,32,0
2226,0.543457,2030,15,14,32,0
2227,0.543701,2031,14,12,29,0
2228,0.543945,2032,12,13,31,0
2229,0.544189,2032,15,14,32,0
2230,0.544434,2033,15,14,32,0
2231,0.544678,2034,14,14,31,0
2232,0.544922,2035,15,12,30,0
2233,0.545166,2036,15,13,31,0
2234,0.545410,2036,12,14,29,0
2235,0.545654,2037,14,14,31,0
2236,0.545898,2038,13,13,29,0
2237,0.546143,2039,15,12,30,0
2238,0.546387,2039,16,14,33,0
2239,0.546631,2040,13,14,30,0
2240,0.546875,2041,15,12,30,0
2241,0.547119,2042,17,13,33,0
2242,0.547363,2042,12,14,29,0
2243,0.547607,2043,14,14,31,0
2244,0.547852,2044,13,13,29,0
2245,0.548096,2045,17,12,32,0
2246,0.548340,2045,16,14,33,0
2247,0.548584,2046,13,14,30,0
2248,0.548828,2047,13,12,28,0
2249,0.549072,2048,15,13,31,0
2250,0.549316,2048,12,14,29,0
2251,0.549561,2048,15,14,32,0
2252,0.549805,2049,13,14,30,0
2253,0.550049,2050,13,14,30,0
2254,0.550293,2051,16,12,31,0
2255,0.550537,2052,17,13,33,0
2256,0.550781,2052,13,14,30,0
2257,0.551025,2053,14,14,31,0
2258,0.551270,2054,12,13,31,0
2259,0.551514,2055,16,12,31,0
2260,0.551758,2055,15,14,32,0
2261,0.552002,2056,14,14,31,0
2262,0.552246,2057,12,12,27,0
2263,0.552490,2058,16,13,32,0
2264,0.552734,2058,13,14,30,0
2265,0.552979,2059,14,14,31,0
2266,0.553223,2060,12,13,31,0
2267,0.553467,2061,17,12,32,0
2268,0.553711,2061,13,14,30,0
2269,0.553955,2062,15,14,32,0
2270,0.554199,2063,13,14,30,0
2271,0.554443,2064,12,13,28,0
2272,0.554688,2064,15,14,32,0
2273,0.554932,2065,15,14,32,0
2274,0.555176,2066,13,13,29,0
2275,0.555420,2067,12,12,27,0
2276,0.555664,2067,17,14,34,0
2277,0.555908,2068,14,14,31,0
2278,0.556152,2069,13,12,28,0
2279,0.556396,2070,12,13,28,0
2280,0.556641,2070,15,14,32,0
2281,0.556885,2071,15,14,32,0
2282,0.557129,2072,12,13,31,0
2283,0.557373,2073,16,12,31,0
2284,0.557617,2073,15,14,32,0
2285,0.557861,2074,14,14,31,0
2286,0.558105,2075,12,12,27,0
2287,0.558350,2076,13,13,32,0
2288,0.558594,2076,15,14,32,0
2289,0.558838,2077,15,12,30,0
2290,0.559082,2078,13,13,29,0
2291,0.559326,2079,12,12,27,0
2292,0.559570,2079,17,14,34,0
2293,0.559814,2080,14,13,33,0
2294,0.560059,2081,12,12,27,0
2295,0.560303,2081,15,14,32,0
2296,0.560547,2082,13,14,30,0
2297,0.560791,2083,14,12,29,0
2298,0.561035,2084,12,13,31,0
2299,0.561279,2084,15,14,32,0
2300,0.561523,2085,13,14,30,0
2301,0.561768,2086,14,14,31,0
2302,0.562012,2087,13,12,28,0
2303,0.562256,2088,12,13,28,0
2304,0.562500,2088,12,14,29,0
2305,0.562744,2089,14,12,29,0
2306,0.562988,2090,12,13,31,0
2307,0.563232,2091,16,12,31,0
2308,0.563477,2091,15,14,32,0
2309,0.563721,2092,14,14,31,0
2310,0.563965,2093,12,12,27,0
2311,0.564209,2094,16,13,32,0
2312,0.564453,2094,15,14,32,0
2313,0.564697,2095,14,12,29,0
2314,0.564941,2096,12,13,31,0
2315,0.565186,2096,15,14,32,0
2316,0.565430,2097,13,12,28,0
2317,0.565674,2098,13,13,32,0
2318,0.565918,2099,16,12,31,0
2319,0.566162,2099,15,14,32,0
2320,0.566406,2100,13,14,30,0
2321,0.566650,2101,13,12,28,0
2322,0.566895,2101,17,14,34,0
2323,0.567139,2102,15,14,32,0
2324,0.567383,2103,13,14,30,0
2325,0.567627,2104,13,13,32,0
2326,0.567871,2104,15,14,32,0
2327,0.568115,2105,15,14,32,0
2328,0.568359,2106,13,13,29,0
2329,0.568604,2107,16,12,31,0
2330,0.568848,2107,15,14,32,0
2331,0.569092,2108,14,14,31,0
2332,0.569336,2109,13,12,28,0
2333,0.569580,2110,13,13,32,0
2334,0.569824,2111,16,12,31,0
2335,0.570068,2111,15,14,32,0
2336,0.570312,2112,13,13,29,0
2337,0.570557,2112,15,14,32,0
2338,0.570801,2113,13,14,30,0
2339,0.571045,2114,14,13,33,0
2340,0.571289,2115,13,12,28,0
2341,0.571533,2115,17,14,34,0
2342,0.571777,2116,13,14,30,0
2343,0.572021,2117,14,14,31,0
2344,0.572266,2118,13,13,29,0
2345,0.572510,2118,15,14,32,0
2346,0.572754,2119,13,12,28,0
2347,0.572998,2120,12,13,28,0
2348,0.573242,2120,15,14,32,0
2349,0.573486,2121,15,14,32,0
2350,0.573730,2122,13,13,29,0
2351,0.573975,2123,12,12,27,0
2352,0.574219,2123,15,14,32,0
2353,0.574463,2124,14,14,31,0
2354,0.574707,2125,13,12,28,0
2355,0.574951,2126,12,13,28,0
2356,0.575195,2126,15,14,32,0
2357,0.575439,2127,15,14,32,0
2358,0.575684,2128,12,13,31,0
2359,0.575928,2129,16,12,31,0
2360,0.576172,2129,15,14,32,0
2361,0.576416,2130,14,14,31,0
2362,0.576660,2131,13,12,28,0
2363,0.576904,2132,12,13,28,0
2364,0.577148,2132,12,14,29,0
2365,0.577393,2133,14,14,31,0
2366,0.577637,2134,12,13,31,0
2367,0.577881,2135,16,12,31,0
2368,0.578125,2135,15,14,32,0
2369,0.578369,2136,13,14,30,0
2370,0.578613,2137,16,12,31,0
2371,0.578857,2137,17,14,34,0
2372,0.579102,2138,13,14,30,0
2373,0.579346,2139,14,12,29,0
2374,0.579590,2140,12,13,31,0
2375,0.579834,2140,15,14,32,0
2376,0.580078,2141,13,12,28,0
2377,0.580322,2142,13,13,32,0
2378,0.580566,2142,15,14,32,0
2379,0.580811,2143,15,14,32,0
2380,0.581055,2144,13,13,29,0
2381,0.581299,2145,13,12,28,0
2382,0.581543,2145,17,14,34,0
2383,0.581787,2146,14,14,31,0
2384,0.582031,2147,13,12,28,0
2385,0.582275,2148,13,13,32,0
2386,0.582520,2148,13,14,30,0
2387,0.582764,2149,14,12,29,0
2388,0.583008,2150,13,13,29,0
2389,0.583252,2150,17,14,34,0
2390,0.583496,2151,15,14,32,0
2391,0.583740,2152,12,13,28,0
2392,0.583984,2152,17,14,34,0
2393,0.584229,2153,15,14,32,0
2394,0.584473,2154,13,14,30,0
2395,0.584717,2155,12,12,27,0
2396,0.584961,2156,16,13,32,0
2397,0.585205,2156,15,14,32,0
2398,0.585449,2157,13,14,30,0
2399,0.585693,2158,12,13,28,0
2400,0.585938,2158,15,14,32,0
2401,0.586182,2159,15,14,32,0
2402,0.586426,2160,12,14,29,0
2403,0.586670,2161,13,12,28,0
2404,0.586914,2161,15,14,32,0
2405,0.587158,2162,15,14,32,0
2406,0.587402,2163,13,12,28,0
2407,0.587646,2164,12,13,28,0
2408,0.587891,2164,12,14,29,0
2409,0.588135,2165,15,14,32,0
2410,0.588379,2166,12,13,31,0
2411,0.588623,2167,16,12,31,0
2412,0.588867,2167,15,14,32,0
2413,0.589111,2168,14,14,31,0
2414,0.589355,2169,12,12,27,0
2415,0.589600,2169,17,14,34,0
2416,0.589844,2170,13,14,30,0
2417,0.590088,2171,13,12,28,0
2418,0.590332,2172,16,13,32,0
2419,0.590576,2172,14,14,31,0
2420,0.590820,2173,13,12,28,0
2421,0.591064,2174,13,13,32,0
2422,0.591309,2174,13,14,30,0
2423,0.591553,2175,14,14,31,0
2424,0.591797,2176,13,13,29,0
2425,0.592041,2176,15,14,32,0
2426,0.592285,2177,13,12,28,0
2427,0.592529,2178,12,13,28,0
2428,0.592773,2178,15,14,32,0
2429,0.593018,2179,15,14,32,0
2430,0.593262,2180,12,13,31,0
2431,0.593506,2181,13,12,28,0
2432,0.593750,2181,15,14,32,0
2433,0.593994,2182,14,14,31,0
2434,0.594238,2183,13,12,28,0
2435,0.594482,2184,12,13,28,0
2436,0.594727,2184,12,14,29,0
2437,0.594971,2185,14,14,31,0
2438,0.595215,2186,12,13,31,0
2439,0.595459,2186,15,14,32,0
2440,0.595703,2187,13,14,30,0
2441,0.595947,2188,13,13,32,0
2442,0.596191,2188,17,14,34,0
2443,0.596436,2189,15,14,32,0
2444,0.596680,2190,13,13,29,0
2445,0.596924,2191,13,12,28,0
2446,0.597168,2192,16,13,32,0
2447,0.597412,2192,14,14,31,0
2448,0.597656,2193,13,12,28,0
2449,0.597900,2194,13,13,32,0
2450,0.598145,2194,13,14,30,0
2451,0.598389,2195,14,14,31,0
2452,0.598633,2196,13,13,29,0
2453,0.598877,2196,15,14,32,0
2454,0.599121,2197,13,14,30,0
2455,0.599365,2198,12,13,28,0
2456,0.599609,2198,15,14,32,0
2457,0.599854,2199,15,14,32,0
2458,0.600098,2200,12,13,31,0
2459,0.600342,2201,16,12,31,0
2460,0.600586,2201,15,14,32,0
2461,0.600830,2202,15,14,32,0
2462,0.601074,2203,13,12,28,0
2463,0.601318,2204,12,13,28,0
2464,0.601562,2204,12,14,29,0
2465,0.601807,2205,14,14,31,0
2466,0.602051,2206,13,13,29,0
2467,0.602295,2207,12,12,27,0
2468,0.602539,2207,15,14,32,0
2469,0.602783,2208,13,13,32,0
2470,0.603027,2208,15,14,32,0
2471,0.603271,2209,14,14,31,0
2472,0.603516,2210,13,13,29,0
2473,0.603760,2211,13,12,28,0
2474,0.604004,2211,15,14,32,0
2475,0.604248,2212,14,14,31,0
2476,0.604492,2213,13,12,28,0
2477,0.604736,2213,17,14,34,0
2478,0.604980,2214,13,14,30,0
2479,0.605225,2215,14,12,29,0
2480,0.605469,2216,13,13,29,0
2481,0.605713,2216,14,14,31,0
2482,0.605957,2217,13,12,28,0
2483,0.606201,2218,12,13,28,0
2484,0.606445,2218,12,14,29,0
2485,0.606689,2219,14,14,31,0
2486,0.606934,2220,12,13,31,0
2487,0.607178,2220,15,14,32,0
2488,0.607422,2221,13,14,30,0
2489,0.607666,2222,14,13,33,0
2490,0.607910,2223,12,12,27,0
2491,0.608154,2223,15,14,32,0
2492,0.608398,2224,13,13,29,0
2493,0.608643,2225,13,12,28,0
2494,0.608887,2226,16,13,32,0
2495,0.609131,2226,14,14,31,0
2496,0.609375,2227,13,12,28,0
2497,0.609619,2228,13,13,32,0
2498,0.609863,2228,13,14,30,0
2499,0.610107,2229,14,14,31,0
2500,0.610352,2230,13,13,29,0
2501,0.610596,2231,16,12,31,0
2502,0.610840,2231,15,14,32,0
2503,0.611084,2232,12,13,28,0
2504,0.611328,2232,15,14,32,0
2505,0.611572,2233,15,14,32,0
2506,0.611816,2234,12,13,31,0
2507,0.612061,2235,13,12,28,0
2508,0.612305,2235,15,14,32,0
2509,0.612549,2236,14,14,31,0
2510,0.612793,2237,12,12,27,0
2511,0.613037,2238,17,13,33,0
2512,0.613281,2238,13,14,30,0
2513,0.613525,2239,14,12,29,0
2514,0.613770,2240,12,13,28,0
2515,0.614014,2240,12,14,29,0
2516,0.614258,2241,16,12,31,0
2517,0.614502,2242,16,13,32,0
2518,0.614746,2242,13,14,30,0
2519,0.614990,2243,14,12,29,0
2520,0.615234,2244,13,13,29,0
2521,0.615479,2244,15,14,32,0
2522,0.615723,2245,13,14,30,0
2523,0.615967,2246,12,13,28,0
2524,0.616211,2246,12,14,29,0
2525,0.616455,2247,15,14,32,0
2526,0.616699,2248,13,14,30,0
2527,0.616943,2249,14,12,29,0
2528,0.617188,2250,15,13,31,0
2529,0.617432,2250,13,14,30,0
2530,0.617676,2251,13,12,28,0
2531,0.617920,2252,14,13,30,0
2532,0.618164,2252,12,14,29,0
2533,0.618408,2253,14,12,29,0
2534,0.618652,2254,13,13,32,0
2535,0.618896,2254,17,14,34,0
2536,0.619141,2255,16,14,33,0
2537,0.619385,2256,13,13,29,0
2538,0.619629,2256,16,14,33,0
2539,0.619873,2257,12,14,29,0
2540,0.620117,2258,13,13,32,0
2541,0.620361,2259,15,12,30,0
2542,0.620605,2260,15,13,31,0
2543,0.620850,2260,12,14,29,0
2544,0.621094,2261,13,12,28,0
2545,0.621338,2261,16,14,33,0
2546,0.621582,2262,13,14,30,0
2547,0.621826,2263,14,12,29,0
2548,0.622070,2264,15,13,31,0
2549,0.622314,2264,13,14,30,0
2550,0.622559,2265,13,14,30,0
2551,0.622803,2266,15,13,31,0
2552,0.623047,2266,12,14,29,0
2553,0.623291,2267,14,12,29,0
2554,0.623535,2268,13,13,29,0
2555,0.623779,2268,13,14,30,0
2556,0.624023,2269,12,14,29,0
2557,0.624268,2270,14,13,30,0
2558,0.624512,2271,13,12,28,0
2559,0.624756,2271,16,14,33,0
2560,0.625000,2272,12,13,28,0
2561,0.625244,2272,12,14,29,0
2562,0.625488,2273,13,14,30,0
2563,0.625732,2274,14,13,30,0
2564,0.625977,2275,15,12,30,0
2565,0.626221,2275,13,14,30,0
2566,0.626465,2276,13,13,32,0
2567,0.626709,2276,17,14,34,0
2568,0.626953,2277,16,14,33,0
2569,0.627197,2278,13,13,29,0
2570,0.627441,2279,13,12,28,0
2571,0.627686,2279,17,14,34,0
2572,0.627930,2280,12,14,29,0
2573,0.628174,2281,15,12,30,0
2574,0.628418,2282,15,13,31,0
2575,0.628662,2282,12,14,29,0
2576,0.628906,2283,13,12,28,0
2577,0.629150,2284,15,13,31,0
2578,0.629395,2284,13,14,30,0
2579,0.629639,2285,14,12,29,0
2580,0.629883,2286,13,13,29,0
2581,0.630127,2286,13,14,30,0
2582,0.630371,2287,13,14,30,0
2583,0.630615,2288,14,13,30,0
2584,0.630859,2288,12,14,29,0
2585,0.631104,2289,14,12,29,0
2586,0.631348,2290,13,13,29,0
2587,0.631592,2290,13,14,30,0
2588,0.631836,2291,12,14,29,0
2589,0.632080,2292,14,13,30,0
2590,0.632324,2293,15,12,30,0
2591,0.632568,2293,16,14,33,0
2592,0.632812,2294,12,14,29,0
2593,0.633057,2295,15,12,30,0
2594,0.633301,2296,15,13,31,0
2595,0.633545,2296,12,13,31,0
2596,0.633789,2297,15,12,30,0
2597,0.634033,2297,13,14,30,0
2598,0.634277,2298,13,13,32,0
2599,0.634521,2299,14,12,29,0
2600,0.634766,2299,16,14,33,0
2601,0.635010,2300,13,14,30,0
2602,0.635254,2301,13,12,28,0
2603,0.635498,2302,18,13,34,0
2604,0.635742,2302,12,14,29,0
2605,0.635986,2303,14,12,29,0
2606,0.636230,2304,18,13,34,0
2607,0.636475,2304,12,14,29,0
2608,0.636719,2305,13,12,28,0
2609,0.636963,2305,16,14,33,0
2610,0.637207,2306,13,14,30,0
2611,0.637451,2307,14,12,29,0
2612,0.637695,2307,17,14,34,0
2613,0.637939,2308,13,14,30,0
2614,0.638184,2309,13,12,28,0
2615,0.638428,2309,17,14,34,0
2616,0.638672,2310,12,14,29,0
2617,0.638916,2311,14,12,29,0
2618,0.639160,2312,18,13,34,0
2619,0.639404,2312,12,14,29,0
2620,0.639648,2313,13,12,28,0
2621,0.639893,2314,18,13,34,0
2622,0.640137,2314,13,14,30,0
2623,0.640381,2315,14,12,29,0
2624,0.640625,2316,15,13,31,0
2625,0.640869,2316,16,14,33,0
2626,0.641113,2317,13,14,30,0
2627,0.641357,2318,14,13,30,0
2628,0.641602,2318,12,14,29,0
2629,0.641846,2319,14,14,31,0
2630,0.642090,2320,15,13,31,0
2631,0.642334,2320,16,14,33,0
2632,0.642578,2321,12,14,29,0
2633,0.642822,2322,14,13,30,0
2634,0.643066,2322,16,14,33,0
2635,0.643311,2323,12,14,29,0
2636,0.643555,2324,13,13,29,0
2637,0.643799,2324,16,14,33,0
2638,0.644043,2325,13,14,30,0
2639,0.644287,2326,14,13,30,0
2640,0.644531,2326,16,14,33,0
2641,0.644775,2327,13,14,30,0
2642,0.645020,2328,13,13,29,0
2643,0.645264,2329,18,12,33,0
2644,0.645508,2329,12,14,29,0
2645,0.645752,2330,14,13,30,0
2646,0.645996,2330,17,14,34,0
2647,0.646240,2331,12,14,29,0
2648,0.646484,2332,13,13,29,0
2649,0.646729,2333,18,12,33,0
2650,0.646973,2333,13,14,30,0
2651,0.647217,2334,14,13,30,0
2652,0.647461,2335,15,12,30,0
2653,0.647705,2335,16,14,33,0
2654,0.647949,2336,13,14,30,0
2655,0.648193,2337,14,12,29,0
2656,0.648438,2337,16,14,33,0
2657,0.648682,2338,13,14,30,0
2658,0.648926,2339,13,12,28,0
2659,0.649170,2339,16,14,33,0
2660,0.649414,2340,12,14,29,0
2661,0.649658,2341,14,12,29,0
2662,0.649902,2341,16,14,33,0
2663,0.650146,2342,12,14,29,0
2664,0.650391,2343,13,12,28,0
2665,0.650635,2343,16,14,33,0
2666,0.650879,2344,13,14,30,0
2667,0.651123,2345,14,12,29,0
2668,0.651367,2346,18,13,34,0
2669,0.651611,2346,13,14,30,0
2670,0.651855,2347,13,12,28,0
2671,0.652100,2348,15,13,31,0
2672,0.652344,2348,12,14,29,0
2673,0.652588,2349,14,12,29,0
2674,0.652832,2350,15,13,31,0
2675,0.653076,2350,12,14,29,0
2676,0.653320,2351,13,12,28,0
2677,0.653564,2352,15,13,31,0
2678,0.653809,2352,13,14,30,0
2679,0.654053,2353,14,12,29,0
2680,0.654297,2353,16,14,33,0
2681,0.654541,2354,13,14,30,0
2682,0.654785,2355,13,12,28,0
2683,0.655029,2356,18,13,34,0
2684,0.655273,2356,12,14,29,0
2685,0.655518,2357,14,12,29,0
2686,0.655762,2358,12,13,31,0
2687,0.656006,2358,16,14,33,0
2688,0.656250,2359,13,12,28,0
2689,0.656494,2360,14,13,30,0
2690,0.656738,2360,16,14,33,0
2691,0.656982,2361,12,12,27,0
2692,0.657227,2362,13,13,29,0
2693,0.657471,2362,17,14,34,0
2694,0.657715,2363,13,12,28,0
2695,0.657959,2364,14,13,30,0
2696,0.658203,2364,16,14,33,0
2697,0.658447,2365,13,14,30,0
2698,0.658691,2366,13,13,29,0
2699,0.658936,2366,16,14,33,0
2700,0.659180,2367,12,14,29,0
2701,0.659424,2368,14,13,30,0
2702,0.659668,2368,13,14,30,0
2703,0.659912,2369,14,12,29,0
2704,0.660156,2369,12,14,29,0
2705,0.660400,2370,14,14,31,0
2706,0.660645,2371,13,12,28,0
2707,0.660889,2371,17,14,34,0
2708,0.661133,2372,12,14,29,0
2709,0.661377,2373,14,12,29,0
2710,0.661621,2374,18,13,34,0
2711,0.661865,2374,12,14,29,0
2712,0.662109,2375,13,12,28,0
2713,0.662354,2376,18,13,34,0
2714,0.662598,2376,13,14,30,0
2715,0.662842,2377,14,12,29,0
2716,0.663086,2377,17,14,34,0
2717,0.663330,2378,13,14,30,0
2718,0.663574,2379,13,12,28,0
2719,0.663818,2380,18,13,34,0
2720,0.664062,2380,12,14,29,0
2721,0.664307,2381,14,12,29,0
2722,0.664551,2382,18,13,34,0
2723,0.664795,2382,12,14,29,0
2724,0.665039,2383,13,12,28,0
2725,0.665283,2383,16,14,33,0
2726,0.665527,2384,13,14,30,0
2727,0.665771,2385,14,12,29,0
2728,0.666016,2385,16,14,33,0
2729,0.666260,2386,13,14,30,0
2730,0.666504,2387,13,12,28,0
2731,0.666748,2387,16,14,33,0
2732,0.666992,2388,12,14,29,0
2733,0.667236,2389,14,12,29,0
2734,0.667480,2389,16,14,33,0
2735,0.667725,2390,12,14,29,0
2736,0.667969,2391,13,12,28,0
2737,0.668213,2392,18,13,34,0
2738,0.668457,2392,13,14,30,0
2739,0.668701,2393,14,12,29,0
2740,0.668945,2393,16,14,33,0
2741,0.669189,2394,13,14,30,0
2742,0.669434,2395,13,12,28,0
2743,0.669678,2395,16,14,33,0
2744,0.669922,2396,12,14,29,0
2745,0.670166,2397,14,12,29,0
2746,0.670410,2397,16,14,33,0
2747,0.670654,2398,12,14,29,0
2748,0.670898,2399,15,12,30,0
2749,0.671143,2399,16,14,33,0
2750,0.671387,2400,13,13,32,0
2751,0.671631,2400,17,14,34,0
2752,0.671875,2401,12,14,29,0
2753,0.672119,2402,14,13,30,0
2754,0.672363,2402,16,14,33,0
2755,0.672607,2403,12,14,29,0
2756,0.672852,2404,13,13,32,0
2757,0.673096,2404,17,14,34,0
2758,0.673340,2405,13,14,30,0
2759,0.673584,2406,14,13,30,0
2760,0.673828,2406,17,14,34,0
2761,0.674072,2407,13,14,30,0
2762,0.674316,2408,12,13,31,0
2763,0.674561,2408,16,14,33,0
2764,0.674805,2409,13,12,28,0
2765,0.675049,2410,14,13,30,0
2766,0.675293,2410,16,14,33,0
2767,0.675537,2411,12,14,29,0
2768,0.675781,2412,13,13,29,0
2769,0.676025,2413,18,12,33,0
2770,0.676270,2413,13,14,30,0
2771,0.676514,2414,14,13,30,0
2772,0.676758,2414,16,14,33,0
2773,0.677002,2415,13,14,30,0
2774,0.677246,2416,12,13,31,0
2775,0.677490,2416,12,14,29,0
2776,0.677734,2417,13,12,28,0
2777,0.677979,2418,18,13,34,0
2778,0.678223,2418,13,14,30,0
2779,0.678467,2419,14,12,29,0
2780,0.678711,2419,16,14,33,0
2781,0.678955,2420,13,14,30,0
2782,0.679199,2421,13,12,28,0
2783,0.679443,2422,14,13,30,0
2784,0.679688,2422,12,14,29,0
2785,0.679932,2423,14,12,29,0
2786,0.680176,2423,18,14,35,0
2787,0.680420,2424,12,14,29,0
2788,0.680664,2425,13,12,28,0
2789,0.680908,2425,16,14,33,0
2790,0.681152,2426,13,14,30,0
2791,0.681396,2427,14,12,29,0
2792,0.681641,2427,16,14,33,0
2793,0.681885,2428,13,14,30,0
2794,0.682129,2429,13,12,28,0
2795,0.682373,2429,17,14,34,0
2796,0.682617,2430,12,14,29,0
2797,0.682861,2431,14,12,29,0
2798,0.683105,2431,17,14,34,0
2799,0.683350,2432,12,13,31,0
2800,0.683594,2432,16,14,33,0
2801,0.683838,2433,13,12,28,0
2802,0.684082,2433,18,14,35,0
2803,0.684326,2434,16,14,33,0
2804,0.684570,2435,13,12,28,0
2805,0.684814,2436,14,13,30,0
2806,0.685059,2436,13,14,30,0
2807,0.685303,2437,14,12,29,0
2808,0.685547,2437,17,14,34,0
2809,0.685791,2438,13,14,30,0
2810,0.686035,2439,13,12,28,0
2811,0.686279,2439,16,14,33,0
2812,0.686523,2440,12,13,28,0
2813,0.686768,2441,14,12,29,0
2814,0.687012,2441,17,14,34,0
2815,0.687256,2442,12,14,29,0
2816,0.687500,2443,13,12,28,0
2817,0.687744,2443,18,14,35,0
2818,0.687988,2444,13,14,30,0
2819,0.688232,2445,14,12,29,0
2820,0.688477,2445,16,14,33,0
2821,0.688721,2446,13,13,29,0
2822,0.688965,2447,13,12,28,0
2823,0.689209,2447,16,14,33,0
2824,0.689453,2448,12,13,28,0
2825,0.689697,2449,15,12,30,0
2826,0.689941,2449,13,14,30,0
2827,0.690186,2450,14,13,30,0
2828,0.690430,2451,15,12,30,0
2829,0.690674,2451,16,14,33,0
2830,0.690918,2452,13,13,32,0
2831,0.691162,2452,16,14,33,0
2832,0.691406,2453,12,12,27,0
2833,0.691650,2454,14,13,30,0
2834,0.691895,2454,16,14,33,0
2835,0.692139,2455,12,14,29,0
2836,0.692383,2456,13,13,29,0
2837,0.692627,2456,16,14,33,0
2838,0.692871,2457,13,12,28,0
2839,0.693115,2458,14,13,30,0
2840,0.693359,2458,16,14,33,0
2841,0.693604,2459,13,12,28,0
2842,0.693848,2460,12,13,31,0
2843,0.694092,2460,12,14,29,0
2844,0.694336,2461,13,12,28,0
2845,0.694580,2462,15,13,31,0
2846,0.694824,2462,13,13,32,0
2847,0.695068,2463,14,12,29,0
2848,0.695312,2463,17,14,34,0
2849,0.695557,2464,13,13,29,0
2850,0.695801,2465,12,12,27,0
2851,0.696045,2465,16,14,33,0
2852,0.696289,2466,13,13,32,0
2853,0.696533,2466,18,14,35,0
2854,0.696777,2467,16,14,33,0
2855,0.697021,2468,12,13,31,0
2856,0.697266,2468,16,14,33,0
2857,0.697510,2469,13,12,28,0
2858,0.697754,2470,13,13,32,0
2859,0.697998,2470,16,14,33,0
2860,0.698242,2471,12,12,27,0
2861,0.698486,2472,14,13,30,0
2862,0.698730,2472,13,14,30,0
2863,0.698975,2473,14,12,29,0
2864,0.699219,2473,17,14,34,0
2865,0.699463,2474,13,14,30,0
2866,0.699707,2475,13,12,28,0
2867,0.699951,2475,18,14,35,0
2868,0.700195,2476,12,13,28,0
2869,0.700439,2477,14,12,29,0
2870,0.700684,2477,16,14,33,0
2871,0.700928,2478,12,13,31,0
2872,0.701172,2478,18,14,35,0
2873,0.701416,2479,13,14,30,0
2874,0.701660,2480,13,13,32,0
2875,0.701904,2480,16,14,33,0
2876,0.702148,2481,12,12,27,0
2877,0.702393,2482,14,13,30,0
2878,0.702637,2482,17,14,34,0
2879,0.702881,2483,12,14,29,0
2880,0.703125,2484,13,13,29,0
2881,0.703369,2484,16,14,33,0
2882,0.703613,2485,13,12,28,0
2883,0.703857,2486,14,13,30,0
2884,0.704102,2486,12,14,29,0
2885,0.704346,2487,14,12,29,0
2886,0.704590,2488,12,13,31,0
2887,0.704834,2488,12,14,29,0
2888,0.705078,2489,13,12,28,0
2889,0.705322,2489,16,14,33,0
2890,0.705566,2490,13,13,32,0
2891,0.705811,2491,14,12,29,0
2892,0.706055,2491,16,14,33,0
2893,0.706299,2492,13,13,29,0
2894,0.706543,2492,18,14,35,0
2895,0.706787,2493,16,14,33,0
2896,0.707031,2494,12,13,28,0
2897,0.707275,2494,17,14,34,0
2898,0.707520,2495,13,14,30,0
2899,0.707764,2496,14,13,30,0
2900,0.708008,2496,12,14,29,0
2901,0.708252,2497,14,12,29,0
2902,0.708496,2497,17,14,34,0
2903,0.708740,2498,12,13,31,0
2904,0.708984,2499,15,12,30,0
2905,0.709229,2499,13,14,30,0
2906,0.709473,2500,13,13,32,0
2907,0.709717,2500,17,14,34,0
2908,0.709961,2501,12,14,29,0
2909,0.710205,2502,14,13,30,0
2910,0.710449,2503,15,12,30,0
2911,0.710693,2503,12,14,29,0
2912,0.710938,2504,13,13,29,0
2913,0.711182,2504,16,14,33,0
2914,0.711426,2505,13,14,30,0
2915,0.711670,2506,14,13,30,0
2916,0.711914,2506,16,14,33,0
2917,0.712158,2507,13,12,28,0
2918,0.712402,2508,12,13,31,0
2919,0.712646,2508,12,14,29,0
2920,0.712891,2509,13,12,28,0
2921,0.713135,2509,16,14,33,0
2922,0.713379,2510,13,14,30,0
2923,0.713623,2511,14,12,29,0
2924,0.713867,2511,16,14,33,0
2925,0.714111,2512,13,13,29,0
2926,0.714355,2513,12,12,27,0
2927,0.714600,2513,12,14,29,0
2928,0.714844,2514,13,13,29,0
2929,0.715088,2514,16,14,33,0
2930,0.715332,2515,13,14,30,0
2931,0.715576,2516,14,13,30,0
2932,0.715820,2516,12,14,29,0
2933,0.716064,2517,14,12,29,0
2934,0.716309,2518,12,13,31,0
2935,0.716553,2518,12,14,29,0
2936,0.716797,2519,13,12,28,0
2937,0.717041,2519,17,14,34,0
2938,0.717285,2520,13,14,30,0
2939,0.717529,2521,14,12,29,0
2940,0.717773,2521,12,14,29,0
2941,0.718018,2522,14,13,30,0
2942,0.718262,2523,13,12,28,0
2943,0.718506,2523,16,14,33,0
2944,0.718750,2524,12,13,28,0
2945,0.718994,2524,17,14,34,0
2946,0.719238,2525,13,14,30,0
2947,0.719482,2526,14,13,30,0
2948,0.719727,2526,17,14,34,0
2949,0.719971,2527,13,12,28,0
2950,0.720215,2528,12,13,31,0
2951,0.720459,2528,12,14,29,0
2952,0.720703,2529,13,12,28,0
2953,0.720947,2529,13,14,30,0
2954,0.721191,2530,13,13,32,0
2955,0.721436,2531,14,12,29,0
2956,0.721680,2531,16,14,33,0
2957,0.721924,2532,13,13,29,0
2958,0.722168,2532,17,14,34,0
2959,0.722412,2533,12,12,27,0
2960,0.722656,2534,13,13,29,0
2961,0.722900,2534,16,14,33,0
2962,0.723145,2535,13,12,28,0
2963,0.723389,2536,14,13,30,0
2964,0.723633,2536,12,14,29,0
2965,0.723877,2536,18,14,35,0
2966,0.724121,2537,17,14,34,0
2967,0.724365,2538,12,13,31,0
2968,0.724609,2539,13,12,28,0
2969,0.724854,2539,16,14,33,0
2970,0.725098,2540,13,13,32,0
2971,0.725342,2540,17,14,34,0
2972,0.725586,2541,12,12,27,0
2973,0.725830,2542,14,13,30,0
2974,0.726074,2543,12,12,27,0
2975,0.726318,2543,12,14,29,0
2976,0.726562,2544,13,13,29,0
2977,0.726807,2544,13,14,30,0
2978,0.727051,2545,13,12,28,0
2979,0.727295,2545,16,14,33,0
2980,0.727539,2546,12,13,28,0
2981,0.727783,2546,18,14,35,0
2982,0.728027,2547,16,14,33,0
2983,0.728271,2548,12,13,31,0
2984,0.728516,2548,17,14,34,0
2985,0.728760,2549,13,14,30,0
2986,0.729004,2550,13,13,29,0
2987,0.729248,2550,16,14,33,0
2988,0.729492,2551,12,12,27,0
2989,0.729736,2551,16,14,33,0
2990,0.729980,2552,13,14,30,0
2991,0.730225,2553,14,12,29,0
2992,0.730469,2553,16,14,33,0
2993,0.730713,2554,13,13,29,0
2994,0.730957,2555,12,12,27,0
2995,0.731201,2555,12,14,29,0
2996,0.731445,2556,13,13,32,0
2997,0.731689,2556,16,14,33,0
2998,0.731934,2557,13,14,30,0
2999,0.732178,2558,14,13,30,0
3000,0.732422,2558,17,14,34,0
3001,0.732666,2559,13,12,28,0
3002,0.732910,2560,12,13,31,0
3003,0.733154,2560,12,13,31,0
3004,0.733398,2560,12,14,29,0
3005,0.733643,2561,14,12,29,0
3006,0.733887,2561,18,14,35,0
3007,0.734131,2562,12,14,29,0
3008,0.734375,2563,13,12,28,0
3009,0.734619,2563,16,14,33,0
3010,0.734863,2564,13,13,32,0
3011,0.735107,2564,17,14,34,0
3012,0.735352,2565,12,12,27,0
3013,0.735596,2566,14,13,30,0
3014,0.735840,2567,13,12,28,0
3015,0.736084,2567,13,14,30,0
3016,0.736328,2568,12,13,28,0
3017,0.736572,2568,17,14,34,0
3018,0.736816,2569,13,12,28,0
3019,0.737061,2570,14,13,30,0
3020,0.737305,2570,16,14,33,0
3021,0.737549,2571,13,12,28,0
3022,0.737793,2571,17,14,34,0
3023,0.738037,2572,12,13,31,0
3024,0.738281,2572,18,14,35,0
3025,0.738525,2573,16,14,33,0
3026,0.738770,2574,13,13,32,0
3027,0.739014,2574,16,14,33,0
3028,0.739258,2575,12,14,29,0
3029,0.739502,2576,14,13,30,0
3030,0.739746,2576,13,14,30,0
3031,0.739990,2577,14,12,29,0
3032,0.740234,2578,13,13,29,0
3033,0.740479,2578,13,13,29,0
3034,0.740723,2579,13,12,28,0
3035,0.740967,2579,16,14,33,0
3036,0.741211,2580,12,13,28,0
3037,0.741455,2580,17,14,34,0
3038,0.741699,2581,15,14,32,0
3039,0.741943,2582,12,13,31,0
3040,0.742188,2583,16,12,31,0
3041,0.742432,2583,13,14,30,0
3042,0.742676,2584,13,13,32,0
3043,0.742920,2584,15,14,32,0
3044,0.743164,2585,14,12,29,0
3045,0.743408,2586,13,13,29,0
3046,0.743652,2586,14,14,31,0
3047,0.743896,2587,12,12,27,0
3048,0.744141,2587,15,14,32,0
3049,0.744385,2588,13,13,29,0
3050,0.744629,2589,16,12,31,0
3051,0.744873,2589,13,14,30,0
3052,0.745117,2590,12,13,28,0
3053,0.745361,2590,15,14,32,0
3054,0.745605,2591,13,12,28,0
3055,0.745850,2592,16,13,32,0
3056,0.746094,2592,12,14,29,0
3057,0.746338,2593,16,12,31,0
3058,0.746582,2593,14,14,31,0
3059,0.746826,2594,12,13,31,0
3060,0.747070,2594,15,14,32,0
3061,0.747314,2595,13,14,30,0
3062,0.747559,2596,13,13,32,0
3063,0.747803,2596,13,14,30,0
3064,0.748047,2597,12,12,27,0
3065,0.748291,2597,15,14,32,0
3066,0.748535,2598,14,13,33,0
3067,0.748779,2599,12,12,27,0
3068,0.749023,2599,15,14,32,0
3069,0.749268,2600,13,13,29,0
3070,0.749512,2600,17,14,34,0
3071,0.749756,2601,13,12,28,0
3072,0.750000,2602,12,13,28,0
3073,0.750244,2602,12,14,29,0
3074,0.750488,2603,13,12,28,0
3075,0.750732,2603,18,14,35,0
3076,0.750977,2604,14,14,31,0
3077,0.751221,2605,13,12,28,0
3078,0.751465,2605,15,14,32,0
3079,0.751709,2606,12,13,31,0
3080,0.751953,2606,17,14,34,0
3081,0.752197,2607,13,14,30,0
3082,0.752441,2608,13,13,32,0
3083,0.752686,2608,13,14,30,0
3084,0.752930,2609,12,12,27,0
3085,0.753174,2609,17,14,34,0
3086,0.753418,2610,13,13,32,0
3087,0.753662,2610,17,14,34,0
3088,0.753906,2611,14,14,31,0
3089,0.754150,2612,13,13,29,0
3090,0.754395,2612,15,14,32,0
3091,0.754639,2613,13,12,28,0
3092,0.754883,2614,12,13,28,0
3093,0.755127,2614,12,14,29,0
3094,0.755371,2615,13,12,28,0
3095,0.755615,2615,15,14,32,0
3096,0.755859,2616,14,14,31,0
3097,0.756104,2617,13,12,28,0
3098,0.756348,2617,14,14,31,0
3099,0.756592,2618,12,13,31,0
3100,0.756836,2618,14,14,31,0
3101,0.757080,2619,13,12,28,0
3102,0.757324,2620,13,13,32,0
3103,0.757568,2620,13,14,30,0
3104,0.757812,2621,12,12,27,0
3105,0.758057,2621,17,14,34,0
3106,0.758301,2622,13,13,32,0
3107,0.758545,2622,17,14,34,0
3108,0.758789,2623,14,12,29,0
3109,0.759033,2624,13,13,29,0
3110,0.759277,2624,14,14,31,0
3111,0.759521,2625,12,12,27,0
3112,0.759766,2625,15,14,32,0
3113,0.760010,2626,13,13,29,0
3114,0.760254,2626,18,14,35,0
3115,0.760498,2627,13,14,30,0
3116,0.760742,2628,12,13,28,0
3117,0.760986,2628,12,14,29,0
3118,0.761230,2629,14,12,29,0
3119,0.761475,2629,18,14,35,0
3120,0.761719,2630,14,14,31,0
3121,0.761963,2631,13,12,28,0
3122,0.762207,2631,15,14,32,0
3123,0.762451,2632,12,13,31,0
3124,0.762695,2632,15,14,32,0
3125,0.762939,2633,13,12,28,0
3126,0.763184,2634,13,13,32,0
3127,0.763428,2634,13,14,30,0
3128,0.763672,2635,12,12,27,0
3129,0.763916,2635,15,14,32,0
3130,0.764160,2636,13,13,32,0
3131,0.764404,2636,18,14,35,0
3132,0.764648,2637,14,14,31,0
3133,0.764893,2638,13,13,29,0
3134,0.765137,2638,15,14,32,0
3135,0.765381,2639,13,12,28,0
3136,0.765625,2640,12,13,28,0
3137,0.765869,2640,12,14,29,0
3138,0.766113,2641,13,12,28,0
3139,0.766357,2641,13,14,30,0
3140,0.766602,2642,12,13,28,0
3141,0.766846,2642,15,14,32,0
3142,0.767090,2643,14,14,31,0
3143,0.767334,2644,12,13,31,0
3144,0.767578,2644,14,14,31,0
3145,0.767822,2645,13,12,28,0
3146,0.768066,2645,15,14,32,0
3147,0.768311,2646,12,13,31,0
3148,0.768555,2647,16,12,31,0
3149,0.768799,2647,13,14,30,0
3150,0.769043,2648,13,13,32,0
3151,0.769287,2648,13,14,30,0
3152,0.769531,2649,12,12,27,0
3153,0.769775,2649,17,14,34,0
3154,0.770020,2650,13,13,32,0
3155,0.770264,2650,17,14,34,0
3156,0.770508,2651,14,14,31,0
3157,0.770752,2652,13,13,29,0
3158,0.770996,2652,14,14,31,0
3159,0.771240,2653,12,12,27,0
3160,0.771484,2654,13,13,32,0
3161,0.771729,2654,13,14,30,0
3162,0.771973,2655,13,12,28,0
3163,0.772217,2655,13,14,30,0
3164,0.772461,2656,12,13,28,0
3165,0.772705,2656,12,14,29,0
3166,0.772949,2657,14,12,29,0
3167,0.773193,2658,12,13,31,0
3168,0.773438,2658,14,14,31,0
3169,0.773682,2659,13,12,28,0
3170,0.773926,2659,17,14,34,0
3171,0.774170,2660,12,13,31,0
3172,0.774414,2660,18,14,35,0
3173,0.774658,2661,13,14,30,0
3174,0.774902,2662,13,13,32,0
3175,0.775146,2662,13,14,30,0
3176,0.775391,2663,12,12,27,0
3177,0.775635,2663,15,14,32,0
3178,0.775879,2664,13,13,32,0
3179,0.776123,2664,15,14,32,0
3180,0.776367,2665,14,12,29,0
3181,0.776611,2666,13,13,29,0
3182,0.776855,2666,15,14,32,0
3183,0.777100,2667,12,12,27,0
3184,0.777344,2668,16,13,32,0
3185,0.777588,2668,13,14,30,0
3186,0.777832,2669,13,12,28,0
3187,0.778076,2669,15,14,32,0
3188,0.778320,2670,12,13,28,0
3189,0.778564,2670,15,14,32,0
3190,0.778809,2671,14,14,31,0
3191,0.779053,2672,12,13,28,0
3192,0.779297,2672,12,14,29,0
3193,0.779541,2673,16,12,31,0
3194,0.779785,2673,14,14,31,0
3195,0.780029,2674,12,13,31,0
3196,0.780273,2674,15,14,32,0
3197,0.780518,2675,13,12,28,0
3198,0.780762,2675,17,14,34,0
3199,0.781006,2676,12,13,31,0
3200,0.781250,2676,17,14,34,0
3201,0.781494,2677,13,12,28,0
3202,0.781738,2678,13,13,32,0
3203,0.781982,2678,13,14,30,0
3204,0.782227,2679,14,12,29,0
3205,0.782471,2679,18,14,35,0
3206,0.782715,2680,14,14,31,0
3207,0.782959,2680,18,14,35,0
3208,0.783203,2681,14,14,31,0
3209,0.783447,2682,13,13,29,0
3210,0.783691,2682,17,14,34,0
3211,0.783936,2683,13,12,28,0
3212,0.784180,2684,12,13,28,0
3213,0.784424,2684,12,14,29,0
3214,0.784668,2685,13,12,28,0
3215,0.784912,2685,15,14,32,0
3216,0.785156,2686,12,13,28,0
3217,0.785400,2686,15,14,32,0
3218,0.785645,2687,14,14,31,0
3219,0.785889,2688,12,13,28,0
3220,0.786133,2688,12,13,28,0
3221,0.786377,2688,17,14,34,0
3222,0.786621,2689,14,14,31,0
3223,0.786865,2690,12,13,31,0
3224,0.787109,2690,14,14,31,0
3225,0.787354,2691,13,12,28,0
3226,0.787598,2691,17,14,34,0
3227,0.787842,2692,12,13,31,0
3228,0.788086,2692,15,14,32,0
3229,0.788330,2693,13,12,28,0
3230,0.788574,2694,13,13,32,0
3231,0.788818,2694,13,14,30,0
3232,0.789062,2695,12,12,27,0
3233,0.789307,2695,15,14,32,0
3234,0.789551,2696,13,13,32,0
3235,0.789795,2696,15,14,32,0
3236,0.790039,2697,12,12,27,0
3237,0.790283,2698,16,13,32,0
3238,0.790527,2698,14,14,31,0
3239,0.790771,2699,12,12,27,0
3240,0.791016,2699,15,14,32,0
3241,0.791260,2700,13,13,29,0
3242,0.791504,2700,15,14,32,0
3243,0.791748,2701,13,14,30,0
3244,0.791992,2702,12,13,28,0
3245,0.792236,2702,12,14,29,0
3246,0.792480,2703,13,12,28,0
3247,0.792725,2703,15,14,32,0
3248,0.792969,2704,12,13,28,0
3249,0.793213,2704,12,14,29,0
3250,0.793457,2705,13,12,28,0
3251,0.793701,2705,18,14,35,0
3252,0.793945,2706,12,14,29,0
3253,0.794189,2707,16,12,31,0
3254,0.794434,2707,15,14,32,0
3255,0.794678,2708,12,13,31,0
3256,0.794922,2708,14,14,31,0
3257,0.795166,2709,13,12,28,0
3258,0.795410,2709,18,14,35,0
3259,0.795654,2710,12,13,31,0
3260,0.795898,2711,16,12,31,0
3261,0.796143,2711,13,14,30,0
3262,0.796387,2712,13,13,32,0
3263,0.796631,2712,13,14,30,0
3264,0.796875,2713,12,12,27,0
3265,0.797119,2713,17,14,34,0
3266,0.797363,2714,14,13,33,0
3267,0.797607,2714,18,14,35,0
3268,0.797852,2715,14,14,31,0
3269,0.798096,2716,13,13,29,0
3270,0.798340,2716,14,14,31,0
3271,0.798584,2717,12,12,27,0
3272,0.798828,2717,15,14,32,0
3273,0.799072,2718,13,13,29,0
3274,0.799316,2718,18,14,35,0
3275,0.799561,2719,13,14,30,0
3276,0.799805,2720,12,13,28,0
3277,0.800049,2720,12,14,29,0
3278,0.800293,2720,18,14,35,0
3279,0.800537,2721,13,14,30,0
3280,0.800781,2722,12,13,28,0
3281,0.801025,2722,12,14,29,0
3282,0.801270,2723,13,12,28,0
3283,0.801514,2723,15,14,32,0
3284,0.801758,2724,12,13,28,0
3285,0.802002,2724,15,14,32,0
3286,0.802246,2725,14,12,29,0
3287,0.802490,2726,12,13,31,0
3288,0.802734,2726,14,14,31,0
3289,0.802979,2727,13,12,28,0
3290,0.803223,2727,15,14,32,0
3291,0.803467,2728,12,13,31,0
3292,0.803711,2728,14,14,31,0
3293,0.803955,2729,13,12,28,0
3294,0.804199,2729,13,14,30,0
3295,0.804443,2730,13,14,30,0
3296,0.804688,2731,14,12,29,0
3297,0.804932,2731,12,14,29,0
3298,0.805176,2732,14,13,30,0
3299,0.805420,2732,13,14,30,0
3300,0.805664,2733,14,12,29,0
3301,0.805908,2733,18,14,35,0
3302,0.806152,2734,13,13,29,0
3303,0.806396,2735,17,12,32,0
3304,0.806641,2735,12,14,29,0
3305,0.806885,2736,13,13,29,0
3306,0.807129,2736,13,14,30,0
3307,0.807373,2737,12,12,27,0
3308,0.807617,2737,12,14,29,0
3309,0.807861,2738,13,13,29,0
3310,0.808105,2738,13,14,30,0
3311,0.808350,2739,13,14,30,0
3312,0.808594,2740,15,13,31,0
3313,0.808838,2740,12,14,29,0
3314,0.809082,2741,17,12,32,0
3315,0.809326,2741,13,14,30,0
3316,0.809570,2742,14,13,30,0
3317,0.809814,2742,12,14,29,0
3318,0.810059,2743,14,12,29,0
3319,0.810303,2744,17,13,33,0
3320,0.810547,2744,12,13,31,0
3321,0.810791,2744,12,14,29,0
3322,0.811035,2745,14,12,29,0
3323,0.811279,2746,12,13,31,0
3324,0.811523,2746,12,14,29,0
3325,0.811768,2747,13,12,28,0
3326,0.812012,2747,13,14,30,0
3327,0.812256,2748,12,13,31,0
3328,0.812500,2748,12,14,29,0
3329,0.812744,2749,13,12,28,0
3330,0.812988,2749,16,14,33,0
3331,0.813232,2750,13,14,30,0
3332,0.813477,2751,15,12,30,0
3333,0.813721,2751,12,14,29,0
3334,0.813965,2752,14,13,30,0
3335,0.814209,2752,13,14,30,0
3336,0.814453,2752,18,14,35,0
3337,0.814697,2753,12,14,29,0
3338,0.814941,2754,15,13,31,0
3339,0.815186,2754,13,14,30,0
3340,0.815430,2755,14,12,29,0
3341,0.815674,2755,12,14,29,0
3342,0.815918,2756,14,13,30,0
3343,0.816162,2756,13,14,30,0
3344,0.816406,2757,14,12,29,0
3345,0.816650,2758,15,13,31,0
3346,0.816895,2758,13,13,29,0
3347,0.817139,2759,13,12,28,0
3348,0.817383,2759,13,14,30,0
3349,0.817627,2760,11,13,30,0
3350,0.817871,2760,11,14,28,0
3351,0.818115,2761,12,12,27,0
3352,0.818359,2761,12,14,29,0
3353,0.818604,2762,13,13,29,0
3354,0.818848,2762,13,14,30,0
3355,0.819092,2763,13,14,30,0
3356,0.819336,2764,14,13,30,0
3357,0.819580,2764,12,14,29,0
3358,0.819824,2765,15,12,30,0
3359,0.820068,2765,13,14,30,0
3360,0.820312,2766,14,13,30,0
3361,0.820557,2766,12,14,29,0
3362,0.820801,2767,14,12,29,0
3363,0.821045,2768,12,13,31,0
3364,0.821289,2768,12,14,29,0
3365,0.821533,2768,16,14,33,0
3366,0.821777,2769,13,12,28,0
3367,0.822021,2770,15,13,31,0
3368,0.822266,2770,12,14,29,0
3369,0.822510,2771,15,12,30,0
3370,0.822754,2771,13,14,30,0
3371,0.822998,2772,12,13,31,0
3372,0.823242,2772,12,14,29,0
3373,0.823486,2773,13,12,28,0
3374,0.823730,2773,16,14,33,0
3375,0.823975,2774,13,13,32,0
3376,0.824219,2775,17,12,32,0
3377,0.824463,2775,12,14,29,0
3378,0.824707,2776,15,13,31,0
3379,0.824951,2776,13,14,30,0
3380,0.825195,2777,14,12,29,0
3381,0.825439,2777,12,14,29,0
3382,0.825684,2778,14,13,30,0
3383,0.825928,2778,13,14,30,0
3384,0.826172,2779,14,12,29,0
3385,0.826416,2779,16,14,33,0
3386,0.826660,2780,13,14,30,0
3387,0.826904,2781,17,12,32,0
3388,0.827148,2781,12,14,29,0
3389,0.827393,2782,15,13,31,0
3390,0.827637,2782,13,14,30,0
3391,0.827881,2783,12,12,27,0
3392,0.828125,2783,12,14,29,0
3393,0.828369,2784,13,13,29,0
3394,0.828613,2784,13,14,30,0
3395,0.828857,2785,12,12,27,0
3396,0.829102,2785,12,14,29,0
3397,0.829346,2786,13,13,29,0
3398,0.829590,2786,18,14,35,0
3399,0.829834,2787,13,14,30,0
3400,0.830078,2788,17,13,33,0
3401,0.830322,2788,12,14,29,0
3402,0.830566,2789,14,12,29,0
3403,0.830811,2789,13,14,30,0
3404,0.831055,2790,15,13,31,0
3405,0.831299,2790,12,14,29,0
3406,0.831543,2791,14,12,29,0
3407,0.831787,2791,13,14,30,0
3408,0.832031,2792,14,13,30,0
3409,0.832275,2792,12,14,29,0
3410,0.832520,2793,14,12,29,0
3411,0.832764,2793,16,14,33,0
3412,0.833008,2794,12,14,29,0
3413,0.833252,2795,17,12,32,0
3414,0.833496,2795,13,14,30,0
3415,0.833740,2796,15,13,31,0
3416,0.833984,2796,12,14,29,0
3417,0.834229,2797,13,12,28,0
3418,0.834473,2797,13,14,30,0
3419,0.834717,2798,12,13,31,0
3420,0.834961,2798,12,14,29,0
3421,0.835205,2799,13,12,28,0
3422,0.835449,2799,13,14,30,0
3423,0.835693,2800,12,13,31,0
3424,0.835938,2800,12,14,29,0
3425,0.836182,2801,13,12,28,0
3426,0.836426,2801,13,14,30,0
3427,0.836670,2802,13,13,32,0
3428,0.836914,2802,16,14,33,0
3429,0.837158,2803,12,12,27,0
3430,0.837402,2804,17,13,33,0
3431,0.837646,2804,13,14,30,0
3432,0.837891,2805,15,12,30,0
3433,0.838135,2805,12,14,29,0
3434,0.838379,2806,14,13,30,0
3435,0.838623,2806,13,14,30,0
3436,0.838867,2807,15,12,30,0
3437,0.839111,2807,12,14,29,0
3438,0.839355,2808,14,13,30,0
3439,0.839600,2808,13,14,30,0
3440,0.839844,2809,14,12,29,0
3441,0.840088,2809,12,14,29,0
3442,0.840332,2810,14,13,30,0
3443,0.840576,2811,15,12,30,0
3444,0.840820,2811,12,14,29,0
3445,0.841064,2812,15,13,31,0
3446,0.841309,2812,13,14,30,0
3447,0.841553,2813,15,12,30,0
3448,0.841797,2813,12,14,29,0
3449,0.842041,2814,13,13,29,0
3450,0.842285,2814,13,14,30,0
3451,0.842529,2815,12,12,27,0
3452,0.842773,2815,12,14,29,0
3453,0.843018,2816,13,13,29,0
3454,0.843262,2816,13,14,30,0
3455,0.843506,2817,15,12,30,0
3456,0.843750,2817,12,14,29,0
3457,0.843994,2818,15,13,31,0
3458,0.844238,2818,13,14,30,0
3459,0.844482,2819,12,12,27,0
3460,0.844727,2819,12,14,29,0
3461,0.844971,2820,13,13,29,0
3462,0.845215,2820,13,14,30,0
3463,0.845459,2821,12,12,27,0
3464,0.845703,2821,12,14,29,0
3465,0.845947,2822,13,13,32,0
3466,0.846191,2822,18,14,35,0
3467,0.846436,2823,13,14,30,0
3468,0.846680,2824,17,13,33,0
3469,0.846924,2824,12,14,29,0
3470,0.847168,2825,17,12,32,0
3471,0.847412,2825,13,12,28,0
3472,0.847656,2826,17,13,33,0
3473,0.847900,2826,12,13,28,0
3474,0.848145,2827,17,12,32,0
3475,0.848389,2827,13,14,30,0
3476,0.848633,2828,14,13,30,0
3477,0.848877,2828,12,14,29,0
3478,0.849121,2829,14,12,29,0
3479,0.849365,2829,13,14,30,0
3480,0.849609,2830,14,13,30,0
3481,0.849854,2830,12,14,29,0
3482,0.850098,2831,14,12,29,0
3483,0.850342,2831,13,14,30,0
3484,0.850586,2832,14,13,30,0
3485,0.850830,2832,12,14,29,0
3486,0.851074,2833,14,12,29,0
3487,0.851318,2833,13,14,30,0
3488,0.851562,2834,14,13,30,0
3489,0.851807,2834,12,14,29,0
3490,0.852051,2835,14,12,29,0
3491,0.852295,2835,18,14,35,0
3492,0.852539,2836,12,14,29,0
3493,0.852783,2836,18,14,35,0
3494,0.853027,2837,13,14,30,0
3495,0.853271,2838,15,13,31,0
3496,0.853516,2838,12,14,29,0
3497,0.853760,2839,15,12,30,0
3498,0.854004,2839,13,14,30,0
3499,0.854248,2840,12,13,31,0
3500,0.854492,2840,12,14,29,0
3501,0.854736,2841,15,12,30,0
3502,0.854980,2841,13,14,30,0
3503,0.855225,2842,12,13,31,0
3504,0.855469,2842,12,14,29,0
3505,0.855713,2843,13,12,28,0
3506,0.855957,2843,13,14,30,0
3507,0.856201,2844,12,13,31,0
3508,0.856445,2844,12,14,29,0
3509,0.856689,2845,13,12,28,0
3510,0.856934,2846,17,13,33,0
3511,0.857178,2846,13,13,32,0
3512,0.857422,2846,18,14,35,0
3513,0.857666,2847,12,12,27,0
3514,0.857910,2848,17,13,33,0
3515,0.858154,2848,12,13,31,0
3516,0.858398,2848,12,14,29,0
3517,0.858643,2849,13,12,28,0
3518,0.858887,2849,13,14,30,0
3519,0.859131,2850,12,13,31,0
3520,0.859375,2850,12,14,29,0
3521,0.859619,2851,13,12,28,0
3522,0.859863,2851,18,14,35,0
3523,0.860107,2852,13,13,32,0
3524,0.860352,2853,15,12,30,0
3525,0.860596,2853,12,14,29,0
3526,0.860840,2854,15,13,31,0
3527,0.861084,2854,13,14,30,0
3528,0.861328,2855,14,12,29,0
3529,0.861572,2855,12,14,29,0
3530,0.861816,2856,14,13,30,0
3531,0.862061,2856,13,14,30,0
3532,0.862305,2857,15,12,30,0
3533,0.862549,2857,12,14,29,0
3534,0.862793,2858,14,13,30,0
3535,0.863037,2858,13,14,30,0
3536,0.863281,2859,14,12,29,0
3537,0.863525,2859,12,14,29,0
3538,0.863770,2860,14,13,30,0
3539,0.864014,2860,13,14,30,0
3540,0.864258,2861,14,12,29,0
3541,0.864502,2861,12,14,29,0
3542,0.864746,2862,14,13,30,0
3543,0.864990,2862,13,14,30,0
3544,0.865234,2863,14,12,29,0
3545,0.865479,2863,16,14,33,0
3546,0.865723,2864,13,13,29,0
3547,0.865967,2864,16,14,33,0
3548,0.866211,2865,12,12,27,0
3549,0.866455,2865,16,14,33,0
3550,0.866699,2866,13,13,29,0
3551,0.866943,2867,15,12,30,0
3552,0.867188,2867,12,14,29,0
3553,0.867432,2868,15,13,31,0
3554,0.867676,2868,13,14,30,0
3555,0.867920,2869,13,12,28,0
3556,0.868164,2869,13,14,30,0
3557,0.868408,2870,12,13,28,0
3558,0.868652,2870,12,14,29,0
3559,0.868896,2871,13,12,28,0
3560,0.869141,2871,13,14,30,0
3561,0.869385,2872,12,13,28,0
3562,0.869629,2872,12,14,29,0
3563,0.869873,2873,13,12,28,0
3564,0.870117,2873,13,14,30,0
3565,0.870361,2874,12,13,28,0
3566,0.870605,2874,12,14,29,0
3567,0.870850,2875,13,12,28,0
3568,0.871094,2875,15,14,32,0
3569,0.871338,2876,12,13,28,0
3570,0.871582,2876,12,14,29,0
3571,0.871826,2877,13,12,28,0
3572,0.872070,2877,13,14,30,0
3573,0.872314,2878,12,13,28,0
3574,0.872559,2878,12,14,29,0
3575,0.872803,2879,13,12,28,0
3576,0.873047,2879,15,14,32,0
3577,0.873291,2880,12,13,28,0
3578,0.873535,2880,12,14,29,0
3579,0.873779,2881,13,12,28,0
3580,0.874023,2881,13,14,30,0
3581,0.874268,2882,12,13,28,0
3582,0.874512,2882,12,14,29,0
3583,0.874756,2883,13,12,28,0
3584,0.875000,2883,13,14,30,0
3585,0.875244,2884,12,13,28,0
3586,0.875488,2884,12,14,29,0
3587,0.875732,2885,13,12,28,0
3588,0.875977,2885,13,14,30,0
3589,0.876221,2886,12,13,28,0
3590,0.876465,2886,12,14,29,0
3591,0.876709,2887,13,12,28,0
3592,0.876953,2887,13,14,30,0
3593,0.877197,2888,12,13,28,0
3594,0.877441,2888,12,14,29,0
3595,0.877686,2889,13,12,28,0
3596,0.877930,2889,13,14,30,0
3597,0.878174,2890,12,13,28,0
3598,0.878418,2890,12,14,29,0
3599,0.878662,2891,13,12,28,0
3600,0.878906,2891,15,14,32,0
3601,0.879150,2892,12,13,28,0
3602,0.879395,2892,12,14,29,0
3603,0.879639,2893,13,12,28,0
3604,0.879883,2893,15,14,32,0
3605,0.880127,2894,12,13,28,0
3606,0.880371,2894,12,14,29,0
3607,0.880615,2895,13,12,28,0
3608,0.880859,2895,18,14,35,0
3609,0.881104,2896,12,13,28,0
3610,0.881348,2896,12,14,29,0
3611,0.881592,2897,13,12,28,0
3612,0.881836,2897,13,14,30,0
3613,0.882080,2898,12,13,28,0
3614,0.882324,2898,12,14,29,0
3615,0.882568,2899,13,12,28,0
3616,0.882812,2899,13,14,30,0
3617,0.883057,2900,12,13,28,0
3618,0.883301,2900,12,14,29,0
3619,0.883545,2901,13,12,28,0
3620,0.883789,2901,18,14,35,0
3621,0.884033,2902,12,13,28,0
3622,0.884277,2902,15,14,32,0
3623,0.884521,2903,13,12,28,0
3624,0.884766,2903,18,14,35,0
3625,0.885010,2904,12,13,28,0
3626,0.885254,2904,12,14,29,0
3627,0.885498,2905,13,12,28,0
3628,0.885742,2905,13,14,30,0
3629,0.885986,2906,12,13,28,0
3630,0.886230,2906,12,14,29,0
3631,0.886475,2907,13,12,28,0
3632,0.886719,2907,15,14,32,0
3633,0.886963,2908,12,13,28,0
3634,0.887207,2908,12,14,29,0
3635,0.887451,2909,13,12,28,0
3636,0.887695,2909,15,14,32,0
3637,0.887939,2910,12,13,28,0
3638,0.888184,2910,15,14,32,0
3639,0.888428,2911,13,12,28,0
3640,0.888672,2911,18,14,35,0
3641,0.888916,2912,12,13,28,0
3642,0.889160,2912,12,14,29,0
3643,0.889404,2913,13,12,28,0
3644,0.889648,2913,13,14,30,0
3645,0.889893,2914,12,13,28,0
3646,0.890137,2914,12,14,29,0
3647,0.890381,2915,13,12,28,0
3648,0.890625,2915,13,14,30,0
3649,0.890869,2916,12,13,28,0
3650,0.891113,2916,12,14,29,0
3651,0.891357,2917,12,12,27,0
3652,0.891602,2917,12,14,29,0
3653,0.891846,2918,16,13,32,0
3654,0.892090,2918,13,14,30,0
3655,0.892334,2919,13,12,28,0
3656,0.892578,2919,13,14,30,0
3657,0.892822,2920,12,13,28,0
3658,0.893066,2920,12,14,29,0
3659,0.893311,2921,17,12,32,0
3660,0.893555,2921,12,14,29,0
3661,0.893799,2922,16,13,32,0
3662,0.894043,2922,13,14,30,0
3663,0.894287,2923,16,12,31,0
3664,0.894531,2923,12,14,29,0
3665,0.894775,2924,16,13,32,0
3666,0.895020,2924,13,14,30,0
3667,0.895264,2925,12,12,27,0
3668,0.895508,2925,12,14,29,0
3669,0.895752,2926,16,13,32,0
3670,0.895996,2926,13,14,30,0
3671,0.896240,2927,17,12,32,0
3672,0.896484,2927,12,14,29,0
3673,0.896729,2927,18,14,35,0
3674,0.896973,2928,13,13,29,0
3675,0.897217,2928,14,14,31,0
3676,0.897461,2929,12,12,27,0
3677,0.897705,2929,14,14,31,0
3678,0.897949,2930,13,13,29,0
3679,0.898193,2930,14,14,31,0
3680,0.898438,2931,12,12,27,0
3681,0.898682,2931,14,14,31,0
3682,0.898926,2932,13,13,29,0
3683,0.899170,2932,15,14,32,0
3684,0.899414,2933,12,12,27,0
3685,0.899658,2933,15,14,32,0
3686,0.899902,2934,13,13,29,0
3687,0.900146,2934,15,14,32,0
3688,0.900391,2935,12,12,27,0
3689,0.900635,2935,15,14,32,0
3690,0.900879,2936,13,13,29,0
3691,0.901123,2936,14,14,31,0
3692,0.901367,2937,12,12,27,0
3693,0.901611,2937,14,14,31,0
3694,0.901855,2938,13,13,29,0
3695,0.902100,2938,14,14,31,0
3696,0.902344,2939,12,12,27,0
3697,0.902588,2939,14,14,31,0
3698,0.902832,2940,13,13,29,0
3699,0.903076,2940,13,14,30,0
3700,0.903320,2941,16,12,31,0
3701,0.903564,2941,14,14,31,0
3702,0.903809,2942,13,13,29,0
3703,0.904053,2942,13,14,30,0
3704,0.904297,2943,16,12,31,0
3705,0.904541,2943,14,14,31,0
3706,0.904785,2944,13,13,29,0
3707,0.905029,2944,13,13,32,0
3708,0.905273,2944,15,14,32,0
3709,0.905518,2945,12,12,27,0
3710,0.905762,2945,18,14,35,0
3711,0.906006,2946,13,13,32,0
3712,0.906250,2946,13,14,30,0
3713,0.906494,2947,12,12,27,0
3714,0.906738,2947,15,14,32,0
3715,0.906982,2948,13,13,32,0
3716,0.907227,2948,13,14,30,0
3717,0.907471,2949,12,12,27,0
3718,0.907715,2949,12,14,29,0
3719,0.907959,2950,13,13,32,0
3720,0.908203,2950,13,14,30,0
3721,0.908447,2951,12,12,27,0
3722,0.908691,2951,12,14,29,0
3723,0.908936,2952,16,13,32,0
3724,0.909180,2952,12,14,29,0
3725,0.909424,2953,17,12,32,0
3726,0.909668,2953,13,14,30,0
3727,0.909912,2954,16,13,32,0
3728,0.910156,2954,12,14,29,0
3729,0.910400,2955,13,12,28,0
3730,0.910645,2955,13,14,30,0
3731,0.910889,2956,12,13,31,0
3732,0.911133,2956,12,14,29,0
3733,0.911377,2957,17,12,32,0
3734,0.911621,2957,13,14,30,0
3735,0.911865,2958,17,13,33,0
3736,0.912109,2958,12,14,29,0
3737,0.912354,2959,17,12,32,0
3738,0.912598,2959,13,14,30,0
3739,0.912842,2959,15,14,32,0
3740,0.913086,2960,12,13,31,0
3741,0.913330,2960,14,14,31,0
3742,0.913574,2961,13,12,28,0
3743,0.913818,2961,14,14,31,0
3744,0.914062,2962,12,13,31,0
3745,0.914307,2962,14,14,31,0
3746,0.914551,2963,13,12,28,0
3747,0.914795,2963,14,14,31,0
3748,0.915039,2964,12,13,31,0
3749,0.915283,2964,14,14,31,0
3750,0.915527,2965,13,12,28,0
3751,0.915771,2965,14,14,31,0
3752,0.916016,2966,12,13,28,0
3753,0.916260,2966,14,14,31,0
3754,0.916504,2967,13,12,28,0
3755,0.916748,2967,13,14,30,0
3756,0.916992,2968,17,13,33,0
3757,0.917236,2968,12,14,29,0
3758,0.917480,2969,17,12,32,0
3759,0.917725,2969,13,14,30,0
3760,0.917969,2969,18,14,35,0
3761,0.918213,2970,12,13,28,0
3762,0.918457,2970,15,14,32,0
3763,0.918701,2971,13,12,28,0
3764,0.918945,2971,13,14,30,0
3765,0.919189,2972,12,13,28,0
3766,0.919434,2972,12,14,29,0
3767,0.919678,2973,11,12,26,0
3768,0.919922,2973,11,14,28,0
3769,0.920166,2974,13,13,32,0
3770,0.920410,2974,13,14,30,0
3771,0.920654,2975,13,12,28,0
3772,0.920898,2975,13,14,30,0
3773,0.921143,2976,11,13,30,0
3774,0.921387,2976,11,14,28,0
3775,0.921631,2977,16,12,31,0
3776,0.921875,2977,12,12,27,0
3777,0.922119,2978,17,13,33,0
3778,0.922363,2978,13,13,29,0
3779,0.922607,2978,15,14,32,0
3780,0.922852,2979,12,12,27,0
3781,0.923096,2979,14,14,31,0
3782,0.923340,2980,13,13,29,0
3783,0.923584,2980,14,14,31,0
3784,0.923828,2981,12,12,27,0
3785,0.924072,2981,14,14,31,0
3786,0.924316,2982,13,13,29,0
3787,0.924561,2982,14,14,31,0
3788,0.924805,2983,12,12,27,0
3789,0.925049,2983,14,14,31,0
3790,0.925293,2984,13,13,29,0
3791,0.925537,2984,13,14,30,0
3792,0.925781,2984,13,14,30,0
3793,0.926025,2985,12,12,27,0
3794,0.926270,2985,12,14,29,0
3795,0.926514,2986,13,13,32,0
3796,0.926758,2986,13,14,30,0
3797,0.927002,2987,12,12,27,0
3798,0.927246,2987,12,14,29,0
3799,0.927490,2988,13,13,32,0
3800,0.927734,2988,13,14,30,0
3801,0.927979,2989,12,12,27,0
3802,0.928223,2989,12,14,29,0
3803,0.928467,2990,13,13,32,0
3804,0.928711,2990,13,14,30,0
3805,0.928955,2991,12,12,27,0
3806,0.929199,2991,12,14,29,0
3807,0.929443,2992,11,13,27,0
3808,0.929688,2992,11,13,27,0
3809,0.929932,2992,14,14,31,0
3810,0.930176,2993,13,12,28,0
3811,0.930420,2994,12,13,31,0
3812,0.930664,2994,12,13,31,0
3813,0.930908,2994,15,14,32,0
3814,0.931152,2995,13,12,28,0
3815,0.931396,2995,15,14,32,0
3816,0.931641,2996,12,13,31,0
3817,0.931885,2996,14,14,31,0
3818,0.932129,2997,13,12,28,0
3819,0.932373,2997,14,14,31,0
3820,0.932617,2998,12,13,31,0
3821,0.932861,2998,14,14,31,0
3822,0.933105,2999,13,12,28,0
3823,0.933350,2999,14,14,31,0
3824,0.933594,3000,12,13,28,0
3825,0.933838,3000,12,14,29,0
3826,0.934082,3000,12,14,29,0
3827,0.934326,3001,13,14,30,0
3828,0.934570,3001,17,14,34,0
3829,0.934814,3002,12,13,28,0
3830,0.935059,3002,15,14,32,0
3831,0.935303,3003,13,12,28,0
3832,0.935547,3003,13,14,30,0
3833,0.935791,3004,12,13,28,0
3834,0.936035,3004,12,14,29,0
3835,0.936279,3005,12,12,27,0
3836,0.936523,3005,12,14,29,0
3837,0.936768,3005,17,14,34,0
3838,0.937012,3006,13,13,29,0
3839,0.937256,3006,15,14,32,0
3840,0.937500,3007,12,12,27,0
3841,0.937744,3007,15,14,32,0
3842,0.937988,3008,13,13,29,0
3843,0.938232,3008,14,14,31,0
3844,0.938477,3009,12,12,27,0
3845,0.938721,3009,14,14,31,0
3846,0.938965,3010,13,13,29,0
3847,0.939209,3010,13,14,30,0
3848,0.939453,3011,16,12,31,0
3849,0.939697,3011,12,14,29,0
3850,0.939941,3012,18,13,34,0
3851,0.940186,3012,13,14,30,0
3852,0.940430,3012,13,14,30,0
3853,0.940674,3013,12,12,27,0
3854,0.940918,3013,12,14,29,0
3855,0.941162,3014,13,13,32,0
3856,0.941406,3014,13,14,30,0
3857,0.941650,3015,12,12,27,0
3858,0.941895,3015,12,14,29,0
3859,0.942139,3016,12,13,31,0
3860,0.942383,3016,12,14,29,0
3861,0.942627,3016,15,14,32,0
3862,0.942871,3017,13,12,28,0
3863,0.943115,3018,17,13,33,0
3864,0.943359,3018,12,13,31,0
3865,0.943604,3018,14,14,31,0
3866,0.943848,3019,13,12,28,0
3867,0.944092,3019,15,14,32,0
3868,0.944336,3020,12,13,31,0
3869,0.944580,3020,12,14,29,0
3870,0.944824,3021,18,12,33,0
3871,0.945068,3021,14,14,31,0
3872,0.945312,3022,12,13,31,0
3873,0.945557,3022,12,14,29,0
3874,0.945801,3023,16,12,31,0
3875,0.946045,3023,14,14,31,0
3876,0.946289,3024,12,13,28,0
3877,0.946533,3024,12,14,29,0
3878,0.946777,3024,12,14,29,0
3879,0.947021,3025,13,12,28,0
3880,0.947266,3025,13,14,30,0
3881,0.947510,3026,12,13,28,0
3882,0.947754,3026,12,14,29,0
3883,0.947998,3027,13,12,28,0
3884,0.948242,3027,13,14,30,0
3885,0.948486,3028,11,13,30,0
3886,0.948730,3028,11,13,30,0
3887,0.948975,3028,14,14,31,0
3888,0.949219,3029,12,12,27,0
3889,0.949463,3029,15,14,32,0
3890,0.949707,3030,13,13,29,0
3891,0.949951,3030,15,14,32,0
3892,0.950195,3031,12,12,27,0
3893,0.950439,3031,14,14,31,0
3894,0.950684,3032,13,13,29,0
3895,0.950928,3032,14,14,31,0
3896,0.951172,3033,12,12,27,0
3897,0.951416,3033,12,14,29,0
3898,0.951660,3034,16,13,32,0
3899,0.951904,3034,13,13,32,0
3900,0.952148,3034,13,14,30,0
3901,0.952393,3035,12,12,27,0
3902,0.952637,3035,12,14,29,0
3903,0.952881,3036,13,13,32,0
3904,0.953125,3036,13,14,30,0
3905,0.953369,3037,12,12,27,0
3906,0.953613,3037,12,14,29,0
3907,0.953857,3037,16,14,33,0
3908,0.954102,3038,12,13,31,0
3909,0.954346,3038,14,14,31,0
3910,0.954590,3039,13,12,28,0
3911,0.954834,3039,15,14,32,0
3912,0.955078,3040,12,13,28,0
3913,0.955322,3040,12,14,29,0
3914,0.955566,3040,15,14,32,0
3915,0.955811,3041,13,14,30,0
3916,0.956055,3041,15,14,32,0
3917,0.956299,3042,12,13,28,0
3918,0.956543,3042,12,14,29,0
3919,0.956787,3043,13,12,28,0
3920,0.957031,3043,13,14,30,0
3921,0.957275,3044,12,13,28,0
3922,0.957520,3044,12,14,29,0
3923,0.957764,3045,12,12,27,0
3924,0.958008,3045,12,14,29,0
3925,0.958252,3046,18,13,34,0
3926,0.958496,3046,13,13,29,0
3927,0.958740,3046,15,14,32,0
3928,0.958984,3047,12,12,27,0
3929,0.959229,3048,18,13,34,0
3930,0.959473,3048,13,13,29,0
3931,0.959717,3048,14,14,31,0
3932,0.959961,3049,12,12,27,0
3933,0.960205,3049,12,14,29,0
3934,0.960449,3049,15,14,32,0
3935,0.960693,3050,13,14,30,0
3936,0.960938,3050,13,14,30,0
3937,0.961182,3051,12,12,27,0
3938,0.961426,3051,12,14,29,0
3939,0.961670,3052,13,13,32,0
3940,0.961914,3052,13,14,30,0
3941,0.962158,3053,12,12,27,0
3942,0.962402,3053,12,14,29,0
3943,0.962646,3054,11,13,27,0
3944,0.962891,3054,11,14,28,0
3945,0.963135,3055,16,12,31,0
3946,0.963379,3055,13,14,30,0
3947,0.963623,3056,16,13,32,0
3948,0.963867,3056,12,13,31,0
3949,0.964111,3056,12,14,29,0
3950,0.964355,3057,16,12,31,0
3951,0.964600,3057,13,14,30,0
3952,0.964844,3057,17,14,34,0
3953,0.965088,3058,12,13,28,0
3954,0.965332,3058,15,14,32,0
3955,0.965576,3059,13,12,28,0
3956,0.965820,3059,15,14,32,0
3957,0.966064,3060,12,13,28,0
3958,0.966309,3060,12,14,29,0
3959,0.966553,3061,18,12,33,0
3960,0.966797,3061,11,14,28,0
3961,0.967041,3062,13,13,29,0
3962,0.967285,3062,13,13,29,0
3963,0.967529,3063,18,12,33,0
3964,0.967773,3063,12,12,27,0
3965,0.968018,3063,17,14,34,0
3966,0.968262,3064,13,13,29,0
3967,0.968506,3064,13,14,30,0
3968,0.968750,3064,15,14,32,0
3969,0.968994,3065,12,14,29,0
3970,0.969238,3065,15,14,32,0
3971,0.969482,3066,13,14,30,0
3972,0.969727,3066,13,14,30,0
3973,0.969971,3067,12,12,27,0
3974,0.970215,3067,12,14,29,0
3975,0.970459,3068,11,13,27,0
3976,0.970703,3068,11,14,28,0
3977,0.970947,3069,18,12,33,0
3978,0.971191,3069,13,14,30,0
3979,0.971436,3069,15,14,32,0
3980,0.971680,3070,12,13,31,0
3981,0.971924,3070,14,14,31,0
3982,0.972168,3071,13,12,28,0
3983,0.972412,3071,14,14,31,0
3984,0.972656,3072,12,13,28,0
3985,0.972900,3072,12,14,29,0
3986,0.973145,3072,12,14,29,0
3987,0.973389,3073,12,12,27,0
3988,0.973633,3073,12,14,29,0
3989,0.973877,3074,16,13,32,0
3990,0.974121,3074,13,14,30,0
3991,0.974365,3074,15,14,32,0
3992,0.974609,3075,12,12,27,0
3993,0.974854,3075,15,14,32,0
3994,0.975098,3076,13,13,29,0
3995,0.975342,3076,14,14,31,0
3996,0.975586,3077,12,12,27,0
3997,0.975830,3077,12,12,27,0
3998,0.976074,3078,16,13,32,0
3999,0.976318,3078,13,13,32,0
4000,0.976562,3078,13,14,30,0
4001,0.976807,3079,12,12,27,0
4002,0.977051,3079,12,14,29,0
4003,0.977295,3080,13,13,32,0
4004,0.977539,3080,13,14,30,0
4005,0.977783,3081,16,12,31,0
4006,0.978027,3081,11,14,28,0
4007,0.978271,3081,15,14,32,0
4008,0.978516,3082,12,13,31,0
4009,0.978760,3082,14,14,31,0
4010,0.979004,3083,13,12,28,0
4011,0.979248,3083,14,14,31,0
4012,0.979492,3084,12,13,31,0
4013,0.979736,3084,12,14,29,0
4014,0.979980,3085,18,12,33,0
4015,0.980225,3085,13,12,28,0
4016,0.980469,3085,17,14,34,0
4017,0.980713,3086,12,13,28,0
4018,0.980957,3086,12,14,29,0
4019,0.981201,3087,13,12,28,0
4020,0.981445,3087,13,14,30,0
4021,0.981689,3088,11,13,30,0
4022,0.981934,3088,11,14,28,0
4023,0.982178,3088,15,14,32,0
4024,0.982422,3089,12,12,27,0
4025,0.982666,3089,14,14,31,0
4026,0.982910,3090,13,13,29,0
4027,0.983154,3090,14,14,31,0
4028,0.983398,3091,12,12,27,0
4029,0.983643,3091,12,12,27,0
4030,0.983887,3091,17,14,34,0
4031,0.984131,3092,13,13,32,0
4032,0.984375,3092,13,14,30,0
4033,0.984619,3093,12,12,27,0
4034,0.984863,3093,12,14,29,0
4035,0.985107,3094,18,13,34,0
4036,0.985352,3094,12,14,29,0
4037,0.985596,3094,15,14,32,0
4038,0.985840,3095,13,12,28,0
4039,0.986084,3095,14,14,31,0
4040,0.986328,3096,12,13,31,0
4041,0.986572,3096,14,14,31,0
4042,0.986816,3097,13,12,28,0
4043,0.987061,3097,13,12,28,0
4044,0.987305,3097,17,14,34,0
4045,0.987549,3098,12,13,28,0
4046,0.987793,3098,12,14,29,0
4047,0.988037,3099,11,12,26,0
4048,0.988281,3099,11,14,28,0
4049,0.988525,3100,18,13,34,0
4050,0.988770,3100,13,13,29,0
4051,0.989014,3100,15,14,32,0
4052,0.989258,3101,12,12,27,0
4053,0.989502,3101,14,14,31,0
4054,0.989746,3102,13,13,29,0
4055,0.989990,3102,14,14,31,0
4056,0.990234,3103,12,12,27,0
4057,0.990479,3103,12,14,29,0
4058,0.990723,3104,18,13,34,0
4059,0.990967,3104,13,13,32,0
4060,0.991211,3104,13,14,30,0
4061,0.991455,3105,11,12,26,0
4062,0.991699,3105,11,14,28,0
4063,0.991943,3106,18,13,34,0
4064,0.992188,3106,12,13,31,0
4065,0.992432,3106,15,14,32,0
4066,0.992676,3107,13,12,28,0
4067,0.992920,3107,13,14,30,0
4068,0.993164,3108,12,13,31,0
4069,0.993408,3108,12,14,29,0
4070,0.993652,3109,18,12,33,0
4071,0.993896,3109,13,14,30,0
4072,0.994141,3109,16,14,33,0
4073,0.994385,3110,12,13,31,0
4074,0.994629,3110,12,14,29,0
4075,0.994873,3111,14,12,29,0
4076,0.995117,3111,13,14,30,0
4077,0.995361,3112,14,13,30,0
4078,0.995605,3112,12,14,29,0
4079,0.995850,3112,16,14,33,0
4080,0.996094,3113,11,12,26,0
4081,0.996338,3113,11,14,28,0
4082,0.996582,3114,13,13,29,0
4083,0.996826,3114,13,14,30,0
4084,0.997070,3115,18,12,33,0
4085,0.997314,3115,12,12,27,0
4086,0.997559,3115,17,14,34,0
4087,0.997803,3116,13,13,29,0
4088,0.998047,3116,13,14,30,0
4089,0.998291,3117,14,12,29,0
4090,0.998535,3117,12,14,29,0
4091,0.998779,3118,18,13,34,0
4092,0.999023,3118,13,13,32,0
4093,0.999268,3118,16,14,33,0
4094,0.999512,3119,11,12,26,0
4095,0.999756,3119,11,14,28,0
4096,1.000000,3120,12,13,31,0
4097,1.000244,3120,12,13,31,0
4098,1.000488,3120,12,14,29,0
4099,1.000732,3121,14,12,29,0
4100,1.000977,3121,13,14,30,0
4101,1.001221,3122,14,13,30,0
4102,1.001465,3122,12,14,29,0
4103,1.001709,3123,14,12,29,0
4104,1.001953,3123,11,12,26,0
4105,1.002197,3123,11,14,28,0
4106,1.002441,3124,13,13,29,0
4107,1.002686,3124,13,14,30,0
4108,1.002930,3125,12,12,27,0
4109,1.003174,3125,12,14,29,0
4110,1.003418,3125,16,14,33,0
4111,1.003662,3126,13,13,29,0
4112,1.003906,3126,13,14,30,0
4113,1.004150,3127,14,12,29,0
4114,1.004395,3127,12,14,29,0
4115,1.004639,3128,15,13,31,0
4116,1.004883,3128,12,13,31,0
4117,1.005127,3128,12,14,29,0
4118,1.005371,3129,13,12,28,0
4119,1.005615,3129,13,14,30,0
4120,1.005859,3130,12,13,31,0
4121,1.006104,3130,12,14,29,0
4122,1.006348,3130,17,14,34,0
4123,1.006592,3131,13,12,28,0
4124,1.006836,3131,16,14,33,0
4125,1.007080,3132,12,13,28,0
4126,1.007324,3132,12,14,29,0
4127,1.007568,3133,15,12,30,0
4128,1.007812,3133,13,12,28,0
4129,1.008057,3133,16,14,33,0
4130,1.008301,3134,12,13,28,0
4131,1.008545,3134,12,14,29,0
4132,1.008789,3135,15,12,30,0
4133,1.009033,3135,12,14,29,0
4134,1.009277,3135,16,14,33,0
4135,1.009521,3136,13,13,29,0
4136,1.009766,3136,13,14,30,0
4137,1.010010,3136,17,14,34,0
4138,1.010254,3137,12,12,27,0
4139,1.010498,3137,16,14,33,0
4140,1.010742,3138,12,13,31,0
4141,1.010986,3138,12,14,29,0
4142,1.011230,3138,17,14,34,0
4143,1.011475,3139,13,14,30,0
4144,1.011719,3139,16,14,33,0
4145,1.011963,3140,12,13,31,0
4146,1.012207,3140,12,14,29,0
4147,1.012451,3141,14,12,29,0
4148,1.012695,3141,13,14,30,0
4149,1.012939,3142,14,13,30,0
4150,1.013184,3142,12,13,28,0
4151,1.013428,3142,16,14,33,0
4152,1.013672,3143,11,12,26,0
4153,1.013916,3143,11,14,28,0
4154,1.014160,3144,13,13,29,0
4155,1.014404,3144,13,14,30,0
4156,1.014648,3144,13,14,30,0
4157,1.014893,3145,14,12,29,0
4158,1.015137,3145,12,14,29,0
4159,1.015381,3146,14,13,30,0
4160,1.015625,3146,13,14,30,0
4161,1.015869,3147,14,12,29,0
4162,1.016113,3147,12,12,27,0
4163,1.016357,3147,16,14,33,0
4164,1.016602,3148,12,13,31,0
4165,1.016846,3148,12,14,29,0
4166,1.017090,3148,16,14,33,0
4167,1.017334,3149,13,14,30,0
4168,1.017578,3149,13,14,30,0
4169,1.017822,3150,14,13,30,0
4170,1.018066,3150,12,14,29,0
4171,1.018311,3151,14,12,29,0
4172,1.018555,3151,13,12,28,0
4173,1.018799,3152,18,13,34,0
4174,1.019043,3152,11,13,30,0
4175,1.019287,3152,11,14,28,0
4176,1.019531,3153,17,12,32,0
4177,1.019775,3153,12,14,29,0
4178,1.020020,3153,12,14,29,0
4179,1.020264,3154,14,13,30,0
4180,1.020508,3154,13,14,30,0
4181,1.020752,3155,14,12,29,0
4182,1.020996,3155,12,14,29,0
4183,1.021240,3156,15,13,31,0
4184,1.021484,3156,11,13,27,0
4185,1.021729,3156,11,14,28,0
4186,1.021973,3157,13,12,28,0
4187,1.022217,3157,13,14,30,0
4188,1.022461,3158,12,13,31,0
4189,1.022705,3158,12,14,29,0
4190,1.022949,3158,12,14,29,0
4191,1.023193,3159,14,12,29,0
4192,1.023438,3159,13,14,30,0
4193,1.023682,3160,14,13,30,0
4194,1.023926,3160,12,13,28,0
4195,1.024170,3160,12,14,29,0
4196,1.024414,3161,12,12,27,0
4197,1.024658,3161,12,14,29,0
4198,1.024902,3162,13,13,29,0
4199,1.025146,3162,13,13,29,0
4200,1.025391,3162,18,14,35,0
4201,1.025635,3163,12,12,27,0
4202,1.025879,3163,12,14,29,0
4203,1.026123,3164,14,13,30,0
4204,1.026367,3164,13,14,30,0
4205,1.026611,3164,18,14,35,0
4206,1.026855,3165,11,12,26,0
4207,1.027100,3165,11,14,28,0
4208,1.027344,3166,12,13,31,0
4209,1.027588,3166,12,14,29,0
4210,1.027832,3166,18,14,35,0
4211,1.028076,3167,13,12,28,0
4212,1.028320,3167,17,14,34,0
4213,1.028564,3168,12,13,28,0
4214,1.028809,3168,12,14,29,0
4215,1.029053,3168,12,14,29,0
4216,1.029297,3169,11,12,26,0
4217,1.029541,3169,11,14,28,0
4218,1.029785,3170,13,13,29,0
4219,1.030029,3170,13,13,29,0
4220,1.030273,3171,12,12,27,0
4221,1.030518,3171,12,12,27,0
4222,1.030762,3171,12,14,29,0
4223,1.031006,3172,14,13,30,0
4224,1.031250,3172,13,14,30,0
4225,1.031494,3172,16,14,33,0
4226,1.031738,3173,12,12,27,0
4227,1.031982,3173,12,14,29,0
4228,1.032227,3174,12,13,31,0
4229,1.032471,3174,12,14,29,0
4230,1.032715,3175,15,12,30,0
4231,1.032959,3175,13,12,28,0
4232,1.033203,3175,16,14,33,0
4233,1.033447,3176,12,13,28,0
4234,1.033691,3176,12,14,29,0
4235,1.033936,3176,16,14,33,0
4236,1.034180,3177,12,12,27,0
4237,1.034424,3177,12,14,29,0
4238,1.034668,3178,13,13,29,0
4239,1.034912,3178,13,13,29,0
4240,1.035156,3178,16,14,33,0
4241,1.035400,3179,12,12,27,0
4242,1.035645,3179,16,14,33,0
4243,1.035889,3180,13,13,29,0
4244,1.036133,3180,13,14,30,0
4245,1.036377,3180,16,14,33,0
4246,1.036621,3181,11,12,26,0
4247,1.036865,3181,11,14,28,0
4248,1.037109,3182,12,13,31,0
4249,1.037354,3182,12,14,29,0
4250,1.037598,3183,15,12,30,0
4251,1.037842,3183,13,12,28,0
4252,1.038086,3183,16,14,33,0
4253,1.038330,3184,12,13,28,0
4254,1.038574,3184,12,14,29,0
4255,1.038818,3184,16,14,33,0
4256,1.039062,3185,11,12,26,0
4257,1.039307,3185,11,14,28,0
4258,1.039551,3186,13,13,29,0
4259,1.039795,3186,13,14,30,0
4260,1.040039,3186,13,14,30,0
4261,1.040283,3187,14,12,29,0
4262,1.040527,3187,12,14,29,0
4263,1.040771,3188,14,13,30,0
4264,1.041016,3188,11,14,28,0
4265,1.041260,3188,11,14,28,0
4266,1.041504,3189,13,12,28,0
4267,1.041748,3189,13,14,30,0
4268,1.041992,3190,12,13,31,0
4269,1.042236,3190,12,13,31,0
4270,1.042480,3190,12,14,29,0
4271,1.042725,3191,14,12,29,0
4272,1.042969,3191,13,14,30,0
4273,1.043213,3192,18,13,34,0
4274,1.043457,3192,12,14,29,0
4275,1.043701,3192,12,14,29,0
4276,1.043945,3193,12,12,27,0
4277,1.044189,3193,12,14,29,0
4278,1.044434,3194,13,13,29,0
4279,1.044678,3194,13,14,30,0
4280,1.044922,3194,13,14,30,0
4281,1.045166,3195,14,12,29,0
4282,1.045410,3195,12,14,29,0
4283,1.045654,3196,14,13,30,0
4284,1.045898,3196,12,14,29,0
4285,1.046143,3196,12,14,29,0
4286,1.046387,3197,13,12,28,0
4287,1.046631,3197,13,14,30,0
4288,1.046875,3198,18,13,34,0
4289,1.047119,3198,12,13,31,0
4290,1.047363,3198,12,14,29,0
4291,1.047607,3199,14,12,29,0
4292,1.047852,3199,13,14,30,0
4293,1.048096,3200,15,13,31,0
4294,1.048340,3200,11,13,30,0
4295,1.048584,3200,11,14,28,0
4296,1.048828,3200,13,14,30,0
4297,1.049072,3201,14,12,29,0
4298,1.049316,3201,12,14,29,0
4299,1.049561,3202,15,13,31,0
4300,1.049805,3202,13,13,29,0
4301,1.050049,3202,13,14,30,0
4302,1.050293,3203,11,12,26,0
4303,1.050537,3203,11,14,28,0
4304,1.050781,3204,15,13,31,0
4305,1.051025,3204,12,13,31,0
4306,1.051270,3204,12,14,29,0
4307,1.051514,3205,14,12,29,0
4308,1.051758,3205,13,14,30,0
4309,1.052002,3206,15,13,31,0
4310,1.052246,3206,11,13,30,0
4311,1.052490,3206,11,14,28,0
4312,1.052734,3207,12,12,27,0
4313,1.052979,3207,12,14,29,0
4314,1.053223,3208,18,13,34,0
4315,1.053467,3208,13,13,29,0
4316,1.053711,3208,13,14,30,0
4317,1.053955,3209,15,12,30,0
4318,1.054199,3209,12,14,29,0
4319,1.054443,3209,12,14,29,0
4320,1.054688,3210,11,13,27,0
4321,1.054932,3210,11,14,28,0
4322,1.055176,3211,15,12,30,0
4323,1.055420,3211,13,12,28,0
4324,1.055664,3211,16,14,33,0
4325,1.055908,3212,12,13,28,0
4326,1.056152,3212,12,14,29,0
4327,1.056396,3212,17,14,34,0
4328,1.056641,3213,11,12,26,0
4329,1.056885,3213,11,14,28,0
4330,1.057129,3214,13,13,29,0
4331,1.057373,3214,13,13,29,0
4332,1.057617,3214,18,14,35,0
4333,1.057861,3215,12,12,27,0
4334,1.058105,3215,12,14,29,0
4335,1.058350,3216,14,13,30,0
4336,1.058594,3216,11,13,27,0
4337,1.058838,3216,11,14,28,0
4338,1.059082,3217,13,12,28,0
4339,1.059326,3217,13,12,28,0
4340,1.059570,3217,17,14,34,0
4341,1.059814,3218,12,13,31,0
4342,1.060059,3218,12,14,29,0
4343,1.060303,3219,14,12,29,0
4344,1.060547,3219,13,12,28,0
4345,1.060791,3219,13,14,30,0
4346,1.061035,3220,12,13,28,0
4347,1.061279,3220,12,14,29,0
4348,1.061523,3221,15,12,30,0
4349,1.061768,3221,12,12,27,0
4350,1.062012,3221,16,14,33,0
4351,1.062256,3222,13,13,29,0
4352,1.062500,3222,13,14,30,0
4353,1.062744,3222,16,14,33,0
4354,1.062988,3223,12,12,27,0
4355,1.063232,3223,12,14,29,0
4356,1.063477,3224,12,13,31,0
4357,1.063721,3224,12,13,31,0
4358,1.063965,3224,12,14,29,0
4359,1.064209,3225,14,12,29,0
4360,1.064453,3225,13,14,30,0
4361,1.064697,3225,16,14,33,0
4362,1.064941,3226,12,13,28,0
4363,1.065186,3226,12,14,29,0
4364,1.065430,3227,12,12,27,0
4365,1.065674,3227,12,12,27,0
4366,1.065918,3227,16,14,33,0
4367,1.066162,3228,13,13,29,0
4368,1.066406,3228,13,14,30,0
4369,1.066650,3228,17,14,34,0
4370,1.066895,3229,12,12,27,0
4371,1.067139,3229,12,14,29,0
4372,1.067383,3230,12,13,31,0
4373,1.067627,3230,12,14,29,0
4374,1.067871,3230,16,14,33,0
4375,1.068115,3231,13,12,28,0
4376,1.068359,3231,13,14,30,0
4377,1.068604,3232,14,13,30,0
4378,1.068848,3232,12,13,28,0
4379,1.069092,3232,12,14,29,0
4380,1.069336,3233,12,12,27,0
4381,1.069580,3233,12,12,27,0
4382,1.069824,3233,16,14,33,0
4383,1.070068,3234,13,13,29,0
4384,1.070312,3234,13,14,30,0
4385,1.070557,3235,15,12,30,0
4386,1.070801,3235,12,12,27,0
4387,1.071045,3235,12,14,29,0
4388,1.071289,3236,12,13,31,0
4389,1.071533,3236,12,14,29,0
4390,1.071777,3236,12,14,29,0
4391,1.072021,3237,14,12,29,0
4392,1.072266,3237,13,14,30,0
4393,1.072510,3238,15,13,31,0
4394,1.072754,3238,12,13,28,0
4395,1.072998,3238,12,14,29,0
4396,1.073242,3239,12,12,27,0
4397,1.073486,3239,12,14,29,0
4398,1.073730,3240,18,13,34,0
4399,1.073975,3240,13,13,29,0
4400,1.074219,3240,13,14,30,0
4401,1.074463,3241,15,12,30,0
4402,1.074707,3241,12,12,27,0
4403,1.074951,3241,12,14,29,0
4404,1.075195,3242,12,13,31,0
4405,1.075439,3242,12,14,29,0
4406,1.075684,3242,16,14,33,0
4407,1.075928,3243,13,12,28,0
4408,1.076172,3243,13,14,30,0
4409,1.076416,3244,14,13,30,0
4410,1.076660,3244,12,13,28,0
4411,1.076904,3244,12,14,29,0
4412,1.077148,3245,12,12,27,0
4413,1.077393,3245,12,14,29,0
4414,1.077637,3245,16,14,33,0
4415,1.077881,3246,13,13,29,0
4416,1.078125,3246,13,14,30,0
4417,1.078369,3247,14,12,29,0
4418,1.078613,3247,12,12,27,0
4419,1.078857,3247,12,14,29,0
4420,1.079102,3248,12,13,31,0
4421,1.079346,3248,12,14,29,0
4422,1.079590,3248,12,14,29,0
4423,1.079834,3249,14,12,29,0
4424,1.080078,3249,13,14,30,0
4425,1.080322,3249,16,14,33,0
4426,1.080566,3250,12,13,28,0
4427,1.080811,3250,12,14,29,0
4428,1.081055,3251,12,12,27,0
4429,1.081299,3251,12,14,29,0
4430,1.081543,3251,12,14,29,0
4431,1.081787,3252,14,13,30,0
4432,1.082031,3252,13,14,30,0
4433,1.082275,3252,16,14,33,0
4434,1.082520,3253,12,12,27,0
4435,1.082764,3253,12,14,29,0
4436,1.083008,3254,12,13,31,0
4437,1.083252,3254,12,13,31,0
4438,1.083496,3254,12,14,29,0
4439,1.083740,3255,14,12,29,0
4440,1.083984,3255,13,14,30,0
4441,1.084229,3256,15,13,31,0
4442,1.084473,3256,12,13,28,0
4443,1.084717,3256,12,14,29,0
4444,1.084961,3257,18,12,33,0
4445,1.085205,3257,12,12,27,0
4446,1.085449,3257,12,14,29,0
4447,1.085693,3258,14,13,30,0
4448,1.085938,3258,13,14,30,0
4449,1.086182,3258,16,14,33,0
4450,1.086426,3259,12,12,27,0
4451,1.086670,3259,12,14,29,0
4452,1.086914,3260,12,13,31,0
4453,1.087158,3260,12,13,31,0
4454,1.087402,3260,12,14,29,0
4455,1.087646,3260,18,14,35,0
4456,1.087891,3261,13,12,28,0
4457,1.088135,3261,16,14,33,0
4458,1.088379,3262,12,13,28,0
4459,1.088623,3262,12,14,29,0
4460,1.088867,3263,12,12,27,0
4461,1.089111,3263,12,12,27,0
4462,1.089355,3263,12,14,29,0
4463,1.089600,3264,14,13,30,0
4464,1.089844,3264,11,13,27,0
4465,1.090088,3264,11,14,28,0
4466,1.090332,3264,16,14,33,0
4467,1.090576,3265,13,12,28,0
4468,1.090820,3265,16,14,33,0
4469,1.091064,3266,12,13,28,0
4470,1.091309,3266,12,14,29,0
4471,1.091553,3266,16,14,33,0
4472,1.091797,3267,11,12,26,0
4473,1.092041,3267,11,14,28,0
4474,1.092285,3267,18,14,35,0
4475,1.092529,3268,13,13,29,0
4476,1.092773,3268,13,14,30,0
4477,1.093018,3269,15,12,30,0
4478,1.093262,3269,11,12,26,0
4479,1.093506,3269,11,14,28,0
4480,1.093750,3270,12,13,31,0
4481,1.093994,3270,12,14,29,0
4482,1.094238,3270,16,14,33,0
4483,1.094482,3271,13,12,28,0
4484,1.094727,3271,13,14,30,0
4485,1.094971,3272,14,13,30,0
4486,1.095215,3272,11,13,30,0
4487,1.095459,3272,11,14,28,0
4488,1.095703,3273,15,12,30,0
4489,1.095947,3273,12,12,27,0
4490,1.096191,3273,16,14,33,0
4491,1.096436,3274,13,13,29,0
4492,1.096680,3274,13,14,30,0
4493,1.096924,3274,18,14,35,0
4494,1.097168,3275,11,12,26,0
4495,1.097412,3275,11,14,28,0
4496,1.097656,3276,15,13,31,0
4497,1.097900,3276,12,13,31,0
4498,1.098145,3276,12,14,29,0
4499,1.098389,3277,14,12,29,0
4500,1.098633,3277,12,12,27,0
4501,1.098877,3277,12,14,29,0
4502,1.099121,3278,13,13,29,0
4503,1.099365,3278,13,14,30,0
4504,1.099609,3278,13,14,30,0
4505,1.099854,3279,14,12,29,0
4506,1.100098,3279,12,14,29,0
4507,1.100342,3280,15,13,31,0
4508,1.100586,3280,12,13,31,0
4509,1.100830,3280,12,14,29,0
4510,1.101074,3280,18,14,35,0
4511,1.101318,3281,13,12,28,0
4512,1.101562,3281,13,14,30,0
4513,1.101807,3282,14,13,30,0
4514,1.102051,3282,12,13,28,0
4515,1.102295,3282,16,14,33,0
4516,1.102539,3283,12,12,27,0
4517,1.102783,3283,12,14,29,0
4518,1.103027,3283,12,14,29,0
4519,1.103271,3284,14,13,30,0
4520,1.103516,3284,13,14,30,0
4521,1.103760,3284,16,14,33,0
4522,1.104004,3285,12,12,27,0
4523,1.104248,3285,12,14,29,0
4524,1.104492,3285,16,14,33,0
4525,1.104736,3286,12,13,28,0
4526,1.104980,3286,12,14,29,0
4527,1.105225,3287,14,12,29,0
4528,1.105469,3287,11,12,26,0
4529,1.105713,3287,11,14,28,0
4530,1.105957,3288,13,13,29,0
4531,1.106201,3288,13,14,30,0
4532,1.106445,3288,13,14,30,0
4533,1.106689,3289,14,12,29,0
4534,1.106934,3289,12,14,29,0
4535,1.107178,3289,16,14,33,0
4536,1.107422,3290,11,13,27,0
4537,1.107666,3290,11,14,28,0
4538,1.107910,3291,18,12,33,0
4539,1.108154,3291,13,12,28,0
4540,1.108398,3291,13,14,30,0
4541,1.108643,3292,15,13,31,0
4542,1.108887,3292,11,13,30,0
4543,1.109131,3292,11,14,28,0
4544,1.109375,3293,12,12,27,0
4545,1.109619,3293,12,14,29,0
4546,1.109863,3293,12,14,29,0
4547,1.110107,3294,14,13,30,0
4548,1.110352,3294,13,14,30,0
4549,1.110596,3294,16,14,33,0
4550,1.110840,3295,11,12,26,0
4551,1.111084,3295,11,14,28,0
4552,1.111328,3296,18,13,34,0
4553,1.111572,3296,12,13,28,0
4554,1.111816,3296,12,14,29,0
4555,1.112061,3297,15,12,30,0
4556,1.112305,3297,12,12,27,0
4557,1.112549,3297,12,14,29,0
4558,1.112793,3298,15,13,31,0
4559,1.113037,3298,13,14,30,0
4560,1.113281,3298,13,14,30,0
4561,1.113525,3299,14,12,29,0
4562,1.113770,3299,12,12,27,0
4563,1.114014,3299,12,14,29,0
4564,1.114258,3300,12,13,31,0
4565,1.114502,3300,12,14,29,0
4566,1.114746,3300,12,14,29,0
4567,1.114990,3301,14,12,29,0
4568,1.115234,3301,13,12,28,0
4569,1.115479,3301,16,14,33,0
4570,1.115723,3302,12,13,28,0
4571,1.115967,3302,12,14,29,0
4572,1.116211,3303,15,12,30,0
4573,1.116455,3303,12,12,27,0
4574,1.116699,3303,12,14,29,0
4575,1.116943,3303,17,14,34,0
4576,1.117188,3304,11,13,27,0
4577,1.117432,3304,11,14,28,0
4578,1.117676,3304,16,14,33,0
4579,1.117920,3305,13,12,28,1
4580,1.118164,3305,13,14,30,1
4581,1.118408,3305,13,14,30,1
4582,1.118652,3305,13,14,30,1
4583,1.118896,3305,13,14,30,1
4584,1.119141,3305,13,14,30,1
4585,1.119385,3305,13,14,30,1
4586,1.119629,3305,13,14,30,1
4587,1.119873,3305,13,14,30,1
4588,1.120117,3305,13,14,30,1
4589,1.120361,3305,13,14,30,1
4590,1.120605,3305,13,14,30,1
4591,1.120850,3305,13,14,30,1
4592,1.121094,3305,13,14,30,1
4593,1.121338,3305,13,14,30,1
4594,1.121582,3305,13,14,30,1
4595,1.121826,3305,13,14,30,1
4596,1.122070,3305,13,14,30,1
4597,1.122314,3305,13,14,30,1
4598,1.122559,3305,13,14,30,1
4599,1.122803,3305,13,14,30,1
4600,1.123047,3305,13,14,30,1
4601,1.123291,3305,13,14,30,1
4602,1.123535,3305,13,14,30,1
4603,1.123779,3305,13,14,30,1
4604,1.124023,3305,13,14,30,1
4605,1.124268,3305,13,14,30,1
4606,1.124512,3305,13,14,30,1
4607,1.124756,3305,13,14,30,1
4608,1.125000,3305,13,14,30,1
4609,1.125244,3305,13,14,30,1
4610,1.125488,3305,13,14,30,1
4611,1.125732,3305,13,14,30,1
4612,1.125977,3305,13,14,30,1
4613,1.126221,3305,13,14,30,1
4614,1.126465,3305,13,14,30,1
4615,1.126709,3305,13,14,30,1
4616,1.126953,3305,13,14,30,1
4617,1.127197,3305,13,14,30,1
4618,1.127441,3305,13,14,30,1
4619,1.127686,3305,13,14,30,1
4620,1.127930,3305,13,14,30,1
4621,1.128174,3305,13,14,30,1
4622,1.128418,3305,13,14,30,1
4623,1.128662,3305,13,14,30,1
4624,1.128906,3305,13,14,30,1
4625,1.129150,3305,13,14,30,1
4626,1.129395,3305,13,14,30,1
4627,1.129639,3305,13,14,30,1
4628,1.129883,3305,13,14,30,1
4629,1.130127,3305,13,14,30,1
4630,1.130371,3305,13,14,30,1
4631,1.130615,3305,13,14,30,1
4632,1.130859,3305,13,14,30,1
4633,1.131104,3305,13,14,30,1
4634,1.131348,3305,13,14,30,1
4635,1.131592,3305,13,14,30,1
4636,1.131836,3305,13,14,30,1
4637,1.132080,3305,13,14,30,1
4638,1.132324,3305,13,14,30,1
4639,1.132568,3305,13,14,30,1
4640,1.132812,3305,13,14,30,1
4641,1.133057,3305,13,14,30,1
4642,1.133301,3305,13,14,30,1
4643,1.133545,3305,13,14,30,1
4644,1.133789,3305,13,14,30,1
4645,1.134033,3305,13,14,30,1
4646,1.134277,3305,13,14,30,1
4647,1.134521,3305,13,14,30,1
4648,1.134766,3305,13,14,30,1
4649,1.135010,3305,13,14,30,1
4650,1.135254,3305,13,14,30,1
4651,1.135498,3305,13,14,30,1
4652,1.135742,3305,13,14,30,1
4653,1.135986,3305,13,14,30,1
4654,1.136230,3305,13,14,30,1
4655,1.136475,3305,13,14,30,1
4656,1.136719,3305,13,14,30,1
4657,1.136963,3305,13,14,30,1
4658,1.137207,3305,13,14,30,1
4659,1.137451,3305,13,14,30,1
4660,1.137695,3305,13,14,30,1
4661,1.137939,3305,13,14,30,1
4662,1.138184,3305,13,14,30,1
4663,1.138428,3305,13,14,30,1
4664,1.138672,3305,13,14,30,1
4665,1.138916,3305,13,14,30,1
4666,1.139160,3305,13,14,30,1
4667,1.139404,3305,13,14,30,1
4668,1.139648,3305,13,14,30,1
4669,1.139893,3305,13,14,30,1
4670,1.140137,3305,13,14,30,1
4671,1.140381,3305,13,14,30,1
4672,1.140625,3305,13,14,30,1
4673,1.140869,3305,13,14,30,1
4674,1.141113,3305,13,14,30,1
4675,1.141357,3305,13,14,30,1
4676,1.141602,3305,13,14,30,1
4677,1.141846,3305,13,14,30,1
4678,1.142090,3305,13,14,30,1
4679,1.142334,3305,13,14,30,1
4680,1.142578,3305,13,14,30,1
4681,1.142822,3305,13,14,30,1
4682,1.143066,3305,13,14,30,1
4683,1.143311,3305,13,14,30,1
4684,1.143555,3305,13,14,30,1
4685,1.143799,3305,13,14,30,1
4686,1.144043,3305,13,14,30,1
4687,1.144287,3305,13,14,30,1
4688,1.144531,3305,13,14,30,1
4689,1.144775,3305,13,14,30,1
4690,1.145020,3305,13,14,30,1
4691,1.145264,3305,13,14,30,1
4692,1.145508,3305,13,14,30,1
4693,1.145752,3305,13,14,30,1
4694,1.145996,3305,13,14,30,1
4695,1.146240,3305,13,14,30,1
4696,1.146484,3305,13,14,30,1
4697,1.146729,3305,13,14,30,1
4698,1.146973,3305,13,14,30,1
4699,1.147217,3305,13,14,30,1
4700,1.147461,3305,13,14,30,1
4701,1.147705,3305,13,14,30,1
4702,1.147949,3305,13,14,30,1
4703,1.148193,3305,13,14,30,1
4704,1.148438,3305,13,14,30,1
4705,1.148682,3305,13,14,30,1
4706,1.148926,3305,13,14,30,1
4707,1.149170,3305,13,14,30,1
4708,1.149414,3305,13,14,30,1
4709,1.149658,3305,13,14,30,1
4710,1.149902,3305,13,14,30,1
4711,1.150146,3305,13,14,30,1
4712,1.150391,3305,13,14,30,1
4713,1.150635,3305,13,14,30,1
4714,1.150879,3305,13,14,30,1
4715,1.151123,3305,13,14,30,1
4716,1.151367,3305,13,14,30,1
4717,1.151611,3305,13,14,30,1
4718,1.151855,3305,13,14,30,1
4719,1.152100,3305,13,14,30,1
4720,1.152344,3305,13,14,30,1
4721,1.152588,3305,13,14,30,1
4722,1.152832,3305,13,14,30,1
4723,1.153076,3305,13,14,30,1
4724,1.153320,3305,13,14,30,1
4725,1.153564,3305,13,14,30,1
4726,1.153809,3305,13,14,30,1
4727,1.154053,3305,13,14,30,1
4728,1.154297,3305,13,14,30,1
4729,1.154541,3305,13,14,30,1
4730,1.154785,3305,13,14,30,1
4731,1.155029,3305,13,14,30,1
4732,1.155273,3305,13,14,30,1
4733,1.155518,3305,13,14,30,1
4734,1.155762,3305,13,14,30,1
4735,1.156006,3305,13,14,30,1
4736,1.156250,3305,13,14,30,1
4737,1.156494,3305,13,14,30,1
4738,1.156738,3305,13,14,30,1
4739,1.156982,3305,13,14,30,1
4740,1.157227,3305,13,14,30,1
4741,1.157471,3305,13,14,30,1
4742,1.157715,3305,13,14,30,1
4743,1.157959,3305,13,14,30,1
4744,1.158203,3305,13,14,30,1
4745,1.158447,3305,13,14,30,1
4746,1.158691,3305,13,14,30,1
4747,1.158936,3305,13,14,30,1
4748,1.159180,3305,13,14,30,1
4749,1.159424,3305,13,14,30,1
4750,1.159668,3305,13,14,30,1
4751,1.159912,3305,13,14,30,1
4752,1.160156,3305,13,14,30,1
4753,1.160400,3305,13,14,30,1
4754,1.160645,3305,13,14,30,1
4755,1.160889,3305,13,14,30,1
4756,1.161133,3305,13,14,30,1
4757,1.161377,3305,13,14,30,1
4758,1.161621,3305,13,14,30,1
4759,1.161865,3305,13,14,30,1
4760,1.162109,3305,13,14,30,1
4761,1.162354,3305,13,14,30,1
4762,1.162598,3305,13,14,30,1
4763,1.162842,3305,13,14,30,1
4764,1.163086,3305,13,14,30,1
4765,1.163330,3305,13,14,30,1
4766,1.163574,3305,13,14,30,1
4767,1.163818,3305,13,14,30,1
4768,1.164062,3305,13,14,30,1
4769,1.164307,3305,13,14,30,1
4770,1.164551,3305,13,14,30,1
4771,1.164795,3305,13,14,30,1
4772,1.165039,3305,13,14,30,1
4773,1.165283,3305,13,14,30,1
4774,1.165527,3305,13,14,30,1
4775,1.165771,3305,13,14,30,1
4776,1.166016,3305,13,14,30,1
4777,1.166260,3305,13,14,30,1
4778,1.166504,3305,13,14,30,1
4779,1.166748,3305,13,14,30,1
4780,1.166992,3305,13,14,30,1
4781,1.167236,3305,13,14,30,1
4782,1.167480,3305,13,14,30,1
4783,1.167725,3305,13,14,30,1
4784,1.167969,3305,13,14,30,1
4785,1.168213,3305,13,14,30,1
4786,1.168457,3305,13,14,30,1
4787,1.168701,3305,13,14,30,1
4788,1.168945,3305,13,14,30,1
4789,1.169189,3305,13,14,30,1
4790,1.169434,3305,13,14,30,1
4791,1.169678,3305,13,14,30,1
4792,1.169922,3305,13,14,30,1
4793,1.170166,3305,13,14,30,1
4794,1.170410,3305,13,14,30,1
4795,1.170654,3305,13,14,30,1
4796,1.170898,3305,13,14,30,1
4797,1.171143,3305,13,14,30,1
4798,1.171387,3305,13,14,30,1
4799,1.171631,3305,13,14,30,1
4800,1.171875,3305,13,14,30,1
4801,1.172119,3305,13,14,30,1
4802,1.172363,3305,13,14,30,1
4803,1.172607,3305,13,14,30,1
4804,1.172852,3305,13,14,30,1
4805,1.173096,3305,13,14,30,1
4806,1.173340,3305,13,14,30,1
4807,1.173584,3305,13,14,30,1
4808,1.173828,3305,13,14,30,1
4809,1.174072,3305,13,14,30,1
4810,1.174316,3305,13,14,30,1
4811,1.174561,3305,13,14,30,1
4812,1.174805,3305,13,14,30,1
4813,1.175049,3305,13,14,30,1
4814,1.175293,3305,13,14,30,1
4815,1.175537,3305,13,14,30,1
4816,1.175781,3305,13,14,30,1
4817,1.176025,3305,13,14,30,1
4818,1.176270,3305,13,14,30,1
4819,1.176514,3305,13,14,30,1
4820,1.176758,3305,13,14,30,1
4821,1.177002,3305,13,14,30,1
4822,1.177246,3305,13,14,30,1
4823,1.177490,3305,13,14,30,1
4824,1.177734,3305,13,14,30,1
4825,1.177979,3305,13,14,30,1
4826,1.178223,3305,13,14,30,1
4827,1.178467,3305,13,14,30,1
4828,1.178711,3305,13,14,30,1
4829,1.178955,3305,13,14,30,1
4830,1.179199,3305,13,14,30,1
4831,1.179443,3305,13,14,30,1
4832,1.179688,3305,13,14,30,1
4833,1.179932,3305,13,14,30,1
4834,1.180176,3305,13,14,30,1
4835,1.180420,3305,13,14,30,1
4836,1.180664,3305,13,14,30,1
4837,1.180908,3305,13,14,30,1
4838,1.181152,3305,13,14,30,1
4839,1.181396,3305,13,14,30,1
4840,1.181641,3305,13,14,30,1
4841,1.181885,3305,13,14,30,1
4842,1.182129,3305,13,14,30,1
4843,1.182373,3305,13,14,30,1
4844,1.182617,3305,13,14,30,1
4845,1.182861,3305,13,14,30,1
4846,1.183105,3305,13,14,30,1
4847,1.183350,3305,13,14,30,1
4848,1.183594,3305,13,14,30,1
4849,1.183838,3305,13,14,30,1
4850,1.184082,3305,13,14,30,1
4851,1.184326,3305,13,14,30,1
4852,1.184570,3305,13,14,30,1
4853,1.184814,3305,13,14,30,1
4854,1.185059,3305,13,14,30,1
4855,1.185303,3305,13,14,30,1
4856,1.185547,3305,13,14,30,1
4857,1.185791,3305,13,14,30,1
4858,1.186035,3305,13,14,30,1
4859,1.186279,3305,13,14,30,1
4860,1.186523,3305,13,14,30,1
4861,1.186768,3305,13,14,30,1
4862,1.187012,3305,13,14,30,1
4863,1.187256,3305,13,14,30,1
4864,1.187500,3305,13,14,30,1
4865,1.187744,3305,13,14,30,1
4866,1.187988,3305,13,14,30,1
4867,1.188232,3305,13,14,30,1
4868,1.188477,3305,13,14,30,1
4869,1.188721,3305,13,14,30,1
4870,1.188965,3305,13,14,30,1
4871,1.189209,3305,13,14,30,1
4872,1.189453,3305,13,14,30,1
4873,1.189697,3305,13,14,30,1
4874,1.189941,3305,13,14,30,1
4875,1.190186,3305,13,14,30,1
4876,1.190430,3305,13,14,30,1
4877,1.190674,3305,13,14,30,1
4878,1.190918,3305,13,14,30,1
4879,1.191162,3305,13,14,30,1
4880,1.191406,3305,13,14,30,1
4881,1.191650,3305,13,14,30,1
4882,1.191895,3305,13,14,30,1
4883,1.192139,3305,13,14,30,1
4884,1.192383,3305,13,14,30,1
4885,1.192627,3305,13,14,30,1
4886,1.192871,3305,13,14,30,1
4887,1.193115,3305,13,14,30,1
4888,1.193359,3305,13,14,30,1
4889,1.193604,3305,13,14,30,1
4890,1.193848,3305,13,14,30,1
4891,1.194092,3305,13,14,30,1
4892,1.194336,3305,13,14,30,1
4893,1.194580,3305,13,14,30,1
4894,1.194824,3305,13,14,30,1
4895,1.195068,3305,13,14,30,1
4896,1.195312,3305,13,14,30,1
4897,1.195557,3305,13,14,30,1
4898,1.195801,3305,13,14,30,1
4899,1.196045,3305,13,14,30,1
4900,1.196289,3305,13,14,30,1
4901,1.196533,3305,13,14,30,1
4902,1.196777,3305,13,14,30,1
4903,1.197021,3305,13,14,30,1
4904,1.197266,3305,13,14,30,1
4905,1.197510,3305,13,14,30,1
4906,1.197754,3305,13,14,30,1
4907,1.197998,3305,13,14,30,1
4908,1.198242,3305,13,14,30,1
4909,1.198486,3305,13,14,30,1
4910,1.198730,3305,13,14,30,1
4911,1.198975,3305,13,14,30,1
4912,1.199219,3305,13,14,30,1
4913,1.199463,3305,13,14,30,1
4914,1.199707,3305,13,14,30,1
4915,1.199951,3305,13,14,30,1
4916,1.200195,3305,13,14,30,1
4917,1.200439,3305,13,14,30,1
4918,1.200684,3305,13,14,30,1
4919,1.200928,3305,13,14,30,1
4920,1.201172,3305,13,14,30,1
4921,1.201416,3305,13,14,30,1
4922,1.201660,3305,13,14,30,1
4923,1.201904,3305,13,14,30,1
4924,1.202148,3305,13,14,30,1
4925,1.202393,3305,13,14,30,1
4926,1.202637,3305,13,14,30,1
4927,1.202881,3305,13,14,30,1
4928,1.203125,3305,13,14,30,1
4929,1.203369,3305,13,14,30,1
4930,1.203613,3305,13,14,30,1
4931,1.203857,3305,13,14,30,1
4932,1.204102,3305,13,14,30,1
4933,1.204346,3305,13,14,30,1
4934,1.204590,3305,13,14,30,1
4935,1.204834,3305,13,14,30,1
4936,1.205078,3305,13,14,30,1
4937,1.205322,3305,13,14,30,1
4938,1.205566,3305,13,14,30,1
4939,1.205811,3305,13,14,30,1
4940,1.206055,3305,13,14,30,1
4941,1.206299,3305,13,14,30,1
4942,1.206543,3305,13,14,30,1
4943,1.206787,3305,13,14,30,1
4944,1.207031,3305,13,14,30,1
4945,1.207275,3305,13,14,30,1
4946,1.207520,3305,13,14,30,1
4947,1.207764,3305,13,14,30,1
4948,1.208008,3305,13,14,30,1
4949,1.208252,3305,13,14,30,1
4950,1.208496,3305,13,14,30,1
4951,1.208740,3305,13,14,30,1
4952,1.208984,3305,13,14,30,1
4953,1.209229,3305,13,14,30,1
4954,1.209473,3305,13,14,30,1
4955,1.209717,3305,13,14,30,1
4956,1.209961,3305,13,14,30,1
4957,1.210205,3305,13,14,30,1
4958,1.210449,3305,13,14,30,1
4959,1.210693,3305,13,14,30,1
4960,1.210938,3305,13,14,30,1
4961,1.211182,3305,13,14,30,1
4962,1.211426,3305,13,14,30,1
4963,1.211670,3305,13,14,30,1
4964,1.211914,3305,13,14,30,1
4965,1.212158,3305,13,14,30,1
4966,1.212402,3305,13,14,30,1
4967,1.212646,3305,13,14,30,1
4968,1.212891,3305,13,14,30,1
4969,1.213135,3305,13,14,30,1
4970,1.213379,3305,13,14,30,1
4971,1.213623,3305,13,14,30,1
4972,1.213867,3305,13,14,30,1
4973,1.214111,3305,13,14,30,1
4974,1.214355,3305,13,14,30,1
4975,1.214600,3305,13,14,30,1
4976,1.214844,3305,13,14,30,1
4977,1.215088,3305,13,14,30,1
4978,1.215332,3305,13,14,30,1
4979,1.215576,3305,13,14,30,1
4980,1.215820,3305,13,14,30,1
4981,1.216064,3305,13,14,30,1
4982,1.216309,3305,13,14,30,1
4983,1.216553,3305,13,14,30,1
4984,1.216797,3305,13,14,30,1
4985,1.217041,3305,13,14,30,1
4986,1.217285,3305,13,14,30,1
4987,1.217529,3305,13,14,30,1
4988,1.217773,3305,13,14,30,1
4989,1.218018,3305,13,14,30,1
4990,1.218262,3305,13,14,30,1
4991,1.218506,3305,13,14,30,1
4992,1.218750,3305,13,14,30,1
4993,1.218994,3305,13,14,30,1
4994,1.219238,3305,13,14,30,1
4995,1.219482,3305,13,14,30,1
4996,1.219727,3305,13,14,30,1
4997,1.219971,3305,13,14,30,1
4998,1.220215,3305,13,14,30,1
4999,1.220459,3305,13,14,30,1
5000,1.220703,3305,13,14,30,1
5001,1.220947,3305,13,14,30,1
5002,1.221191,3305,13,14,30,1
5003,1.221436,3305,13,14,30,1
5004,1.221680,3305,13,14,30,1
5005,1.221924,3305,13,14,30,1
5006,1.222168,3305,13,14,30,1
5007,1.222412,3305,13,14,30,1
5008,1.222656,3305,13,14,30,1
5009,1.222900,3305,13,14,30,1
5010,1.223145,3305,13,14,30,1
5011,1.223389,3305,13,14,30,1
5012,1.223633,3305,13,14,30,1
5013,1.223877,3305,13,14,30,1
5014,1.224121,3305,13,14,30,1
5015,1.224365,3305,13,14,30,1
5016,1.224609,3305,13,14,30,1
5017,1.224854,3305,13,14,30,1
5018,1.225098,3305,13,14,30,1
5019,1.225342,3305,13,14,30,1
5020,1.225586,3305,13,14,30,1
5021,1.225830,3305,13,14,30,1
5022,1.226074,3305,13,14,30,1
5023,1.226318,3305,13,14,30,1
5024,1.226562,3305,13,14,30,1
5025,1.226807,3305,13,14,30,1
5026,1.227051,3305,13,14,30,1
5027,1.227295,3305,13,14,30,1
5028,1.227539,3305,13,14,30,1
5029,1.227783,3305,13,14,30,1
5030,1.228027,3305,13,14,30,1
5031,1.228271,3305,13,14,30,1
5032,1.228516,3305,13,14,30,1
5033,1.228760,3305,13,14,30,1
5034,1.229004,3305,13,14,30,1
5035,1.229248,3305,13,14,30,1
5036,1.229492,3305,13,14,30,1
5037,1.229736,3305,13,14,30,1
5038,1.229980,3305,13,14,30,1
5039,1.230225,3305,13,14,30,1
5040,1.230469,3305,13,14,30,1
5041,1.230713,3305,13,14,30,1
5042,1.230957,3305,13,14,30,1
5043,1.231201,3305,13,14,30,1
5044,1.231445,3305,13,14,30,1
5045,1.231689,3305,13,14,30,1
5046,1.231934,3305,13,14,30,1
5047,1.232178,3305,13,14,30,1
5048,1.232422,3305,13,14,30,1
5049,1.232666,3305,13,14,30,1
5050,1.232910,3305,13,14,30,1
5051,1.233154,3305,13,14,30,1
5052,1.233398,3305,13,14,30,1
5053,1.233643,3305,13,14,30,1
5054,1.233887,3305,13,14,30,1
5055,1.234131,3305,13,14,30,1
5056,1.234375,3305,13,14,30,1
5057,1.234619,3305,13,14,30,1
5058,1.234863,3305,13,14,30,1
5059,1.235107,3305,13,14,30,1
5060,1.235352,3305,13,14,30,1
5061,1.235596,3305,13,14,30,1
5062,1.235840,3305,13,14,30,1
5063,1.236084,3305,13,14,30,1
5064,1.236328,3305,13,14,30,1
5065,1.236572,3305,13,14,30,1
5066,1.236816,3305,13,14,30,1
5067,1.237061,3305,13,14,30,1
5068,1.237305,3305,13,14,30,1
5069,1.237549,3305,13,14,30,1
5070,1.237793,3305,13,14,30,1
5071,1.238037,3305,13,14,30,1
5072,1.238281,3305,13,14,30,1
5073,1.238525,3305,13,14,30,1
5074,1.238770,3305,13,14,30,1
5075,1.239014,3305,13,14,30,1
5076,1.239258,3305,13,14,30,1
5077,1.239502,3305,13,14,30,1
5078,1.239746,3305,13,14,30,1
5079,1.239990,3305,13,14,30,1
5080,1.240234,3305,13,14,30,1
5081,1.240479,3305,13,14,30,1
5082,1.240723,3305,13,14,30,1
5083,1.240967,3305,13,14,30,1
5084,1.241211,3305,13,14,30,1
5085,1.241455,3305,13,14,30,1
5086,1.241699,3305,13,14,30,1
5087,1.241943,3305,13,14,30,1
5088,1.242188,3305,13,14,30,1
5089,1.242432,3305,13,14,30,1
5090,1.242676,3305,13,14,30,1
5091,1.242920,3305,13,14,30,1
5092,1.243164,3305,13,14,30,1
5093,1.243408,3305,13,14,30,1
5094,1.243652,3305,13,14,30,1
5095,1.243896,3305,13,14,30,1
5096,1.244141,3305,13,14,30,1
5097,1.244385,3305,13,14,30,1
5098,1.244629,3305,13,14,30,1
5099,1.244873,3305,13,14,30,1
5100,1.245117,3305,13,14,30,1
5101,1.245361,3305,13,14,30,1
5102,1.245605,3305,13,14,30,1
5103,1.245850,3305,13,14,30,1
5104,1.246094,3305,13,14,30,1
5105,1.246338,3305,13,14,30,1
5106,1.246582,3305,13,14,30,1
5107,1.246826,3305,13,14,30,1
5108,1.247070,3305,13,14,30,1
5109,1.247314,3305,13,14,30,1
5110,1.247559,3305,13,14,30,1
5111,1.247803,3305,13,14,30,1
5112,1.248047,3305,13,14,30,1
5113,1.248291,3305,13,14,30,1
5114,1.248535,3305,13,14,30,1
5115,1.248779,3305,13,14,30,1
5116,1.249023,3305,13,14,30,1
5117,1.249268,3305,13,14,30,1
5118,1.249512,3305,13,14,30,1
5119,1.249756,3305,13,14,30,1
5120,1.250000,3305,13,14,30,1
5121,1.250244,3305,13,14,30,1
5122,1.250488,3305,13,14,30,1
5123,1.250732,3305,13,14,30,1
5124,1.250977,3305,13,14,30,1
5125,1.251221,3305,13,14,30,1
5126,1.251465,3305,13,14,30,1
5127,1.251709,3305,13,14,30,1
5128,1.251953,3305,13,14,30,1
5129,1.252197,3305,13,14,30,1
5130,1.252441,3305,13,14,30,1
5131,1.252686,3305,13,14,30,1
5132,1.252930,3305,13,14,30,1
5133,1.253174,3305,13,14,30,1
5134,1.253418,3305,13,14,30,1
5135,1.253662,3305,13,14,30,1
5136,1.253906,3305,13,14,30,1
5137,1.254150,3305,13,14,30,1
5138,1.254395,3305,13,14,30,1
5139,1.254639,3305,13,14,30,1
5140,1.254883,3305,13,14,30,1
5141,1.255127,3305,13,14,30,1
5142,1.255371,3305,13,14,30,1
5143,1.255615,3305,13,14,30,1
5144,1.255859,3305,13,14,30,1
5145,1.256104,3305,13,14,30,1
5146,1.256348,3305,13,14,30,1
5147,1.256592,3305,13,14,30,1
5148,1.256836,3305,13,14,30,1
5149,1.257080,3305,13,14,30,1
5150,1.257324,3305,13,14,30,1
5151,1.257568,3305,13,14,30,1
5152,1.257812,3305,13,14,30,1
5153,1.258057,3305,13,14,30,1
5154,1.258301,3305,13,14,30,1
5155,1.258545,3305,13,14,30,1
5156,1.258789,3305,13,14,30,1
5157,1.259033,3305,13,14,30,1
5158,1.259277,3305,13,14,30,1
5159,1.259521,3305,13,14,30,1
5160,1.259766,3305,13,14,30,1
5161,1.260010,3305,13,14,30,1
5162,1.260254,3305,13,14,30,1
5163,1.260498,3305,13,14,30,1
5164,1.260742,3305,13,14,30,1
5165,1.260986,3305,13,14,30,1
5166,1.261230,3305,13,14,30,1
5167,1.261475,3305,13,14,30,1
5168,1.261719,3305,13,14,30,1
5169,1.261963,3305,13,14,30,1
5170,1.262207,3305,13,14,30,1
5171,1.262451,3305,13,14,30,1
5172,1.262695,3305,13,14,30,1
5173,1.262939,3305,13,14,30,1
5174,1.263184,3305,13,14,30,1
5175,1.263428,3305,13,14,30,1
5176,1.263672,3305,13,14,30,1
5177,1.263916,3305,13,14,30,1
5178,1.264160,3305,13,14,30,1
5179,1.264404,3305,13,14,30,1
5180,1.264648,3305,13,14,30,1
5181,1.264893,3305,13,14,30,1
5182,1.265137,3305,13,14,30,1
5183,1.265381,3305,13,14,30,1
5184,1.265625,3305,13,14,30,1
5185,1.265869,3305,13,14,30,1
5186,1.266113,3305,13,14,30,1
5187,1.266357,3305,13,14,30,1
5188,1.266602,3305,13,14,30,1
5189,1.266846,3305,13,14,30,1
5190,1.267090,3305,13,14,30,1
5191,1.267334,3305,13,14,30,1
5192,1.267578,3305,13,14,30,1
5193,1.267822,3305,13,14,30,1
5194,1.268066,3305,13,14,30,1
5195,1.268311,3305,13,14,30,1
5196,1.268555,3305,13,14,30,1
5197,1.268799,3305,13,14,30,1
5198,1.269043,3305,13,14,30,1
5199,1.269287,3305,13,14,30,1
5200,1.269531,3305,13,14,30,1
5201,1.269775,3305,13,14,30,1
5202,1.270020,3305,13,14,30,1
5203,1.270264,3305,13,14,30,1
5204,1.270508,3305,13,14,30,1
5205,1.270752,3305,13,14,30,1
5206,1.270996,3305,13,14,30,1
5207,1.271240,3305,13,14,30,1
5208,1.271484,3305,13,14,30,1
5209,1.271729,3305,13,14,30,1
5210,1.271973,3305,13,14,30,1
5211,1.272217,3305,13,14,30,1
5212,1.272461,3305,13,14,30,1
5213,1.272705,3305,13,14,30,1
5214,1.272949,3305,13,14,30,1
5215,1.273193,3305,13,14,30,1
5216,1.273438,3305,13,14,30,1
5217,1.273682,3305,13,14,30,1
5218,1.273926,3305,13,14,30,1
5219,1.274170,3305,13,14,30,1
5220,1.274414,3305,13,14,30,1
5221,1.274658,3305,13,14,30,1
5222,1.274902,3305,13,14,30,1
5223,1.275146,3305,13,14,30,1
5224,1.275391,3305,13,14,30,1
5225,1.275635,3305,13,14,30,1
5226,1.275879,3305,13,14,30,1
5227,1.276123,3305,13,14,30,1
5228,1.276367,3305,13,14,30,1
5229,1.276611,3305,13,14,30,1
5230,1.276855,3305,13,14,30,1
5231,1.277100,3305,13,14,30,1
5232,1.277344,3305,13,14,30,1
5233,1.277588,3305,13,14,30,1
5234,1.277832,3305,13,14,30,1
5235,1.278076,3305,13,14,30,1
5236,1.278320,3305,13,14,30,1
5237,1.278564,3305,13,14,30,1
5238,1.278809,3305,13,14,30,1
5239,1.279053,3305,13,14,30,1
5240,1.279297,3305,13,14,30,1
5241,1.279541,3305,13,14,30,1
5242,1.279785,3305,13,14,30,1
5243,1.280029,3305,13,14,30,1
5244,1.280273,3305,13,14,30,1
5245,1.280518,3305,13,14,30,1
5246,1.280762,3305,13,14,30,1
5247,1.281006,3305,13,14,30,1
5248,1.281250,3305,13,14,30,1
5249,1.281494,3305,13,14,30,1
5250,1.281738,3305,13,14,30,1
5251,1.281982,3305,13,14,30,1
5252,1.282227,3305,13,14,30,1
5253,1.282471,3305,13,14,30,1
5254,1.282715,3305,13,14,30,1
5255,1.282959,3305,13,14,30,1
5256,1.283203,3305,13,14,30,1
5257,1.283447,3305,13,14,30,1
5258,1.283691,3305,13,14,30,1
5259,1.283936,3305,13,14,30,1
5260,1.284180,3305,13,14,30,1
5261,1.284424,3305,13,14,30,1
5262,1.284668,3305,13,14,30,1
5263,1.284912,3305,13,14,30,1
5264,1.285156,3305,13,14,30,1
5265,1.285400,3305,13,14,30,1
5266,1.285645,3305,13,14,30,1
5267,1.285889,3305,13,14,30,1
5268,1.286133,3305,13,14,30,1
5269,1.286377,3305,13,14,30,1
5270,1.286621,3305,13,14,30,1
5271,1.286865,3305,13,14,30,1
5272,1.287109,3305,13,14,30,1
5273,1.287354,3305,13,14,30,1
5274,1.287598,3305,13,14,30,1
5275,1.287842,3305,13,14,30,1
5276,1.288086,3305,13,14,30,1
5277,1.288330,3305,13,14,30,1
5278,1.288574,3305,13,14,30,1
5279,1.288818,3305,13,14,30,1
5280,1.289062,3305,13,14,30,1
5281,1.289307,3305,13,14,30,1
5282,1.289551,3305,13,14,30,1
5283,1.289795,3305,13,14,30,1
5284,1.290039,3305,13,14,30,1
5285,1.290283,3305,13,14,30,1
5286,1.290527,3305,13,14,30,1
5287,1.290771,3305,13,14,30,1
5288,1.291016,3305,13,14,30,1
5289,1.291260,3305,13,14,30,1
5290,1.291504,3305,13,14,30,1
5291,1.291748,3305,13,14,30,1
5292,1.291992,3305,13,14,30,1
5293,1.292236,3305,13,14,30,1
5294,1.292480,3305,13,14,30,1
5295,1.292725,3305,13,14,30,1
5296,1.292969,3305,13,14,30,1
5297,1.293213,3305,13,14,30,1
5298,1.293457,3305,13,14,30,1
5299,1.293701,3305,13,14,30,1
5300,1.293945,3305,13,14,30,1
5301,1.294189,3305,13,14,30,1
5302,1.294434,3305,13,14,30,1
5303,1.294678,3305,13,14,30,1
5304,1.294922,3305,13,14,30,1
5305,1.295166,3305,13,14,30,1
5306,1.295410,3305,13,14,30,1
5307,1.295654,3305,13,14,30,1
5308,1.295898,3305,13,14,30,1
5309,1.296143,3305,13,14,30,1
5310,1.296387,3305,13,14,30,1
5311,1.296631,3305,13,14,30,1
5312,1.296875,3305,13,14,30,1
5313,1.297119,3305,13,14,30,1
5314,1.297363,3305,13,14,30,1
5315,1.297607,3305,13,14,30,1
5316,1.297852,3305,13,14,30,1
5317,1.298096,3305,13,14,30,1
5318,1.298340,3305,13,14,30,1
5319,1.298584,3305,13,14,30,1
5320,1.298828,3305,13,14,30,1
5321,1.299072,3305,13,14,30,1
5322,1.299316,3305,13,14,30,1
5323,1.299561,3305,13,14,30,1
5324,1.299805,3305,13,14,30,1
5325,1.300049,3305,13,14,30,1
5326,1.300293,3305,13,14,30,1
5327,1.300537,3305,13,14,30,1
5328,1.300781,3305,13,14,30,1
5329,1.301025,3305,13,14,30,1
5330,1.301270,3305,13,14,30,1
5331,1.301514,3305,13,14,30,1
5332,1.301758,3305,13,14,30,1
5333,1.302002,3305,13,14,30,1
5334,1.302246,3305,13,14,30,1
5335,1.302490,3305,13,14,30,1
5336,1.302734,3305,13,14,30,1
5337,1.302979,3305,13,14,30,1
5338,1.303223,3305,13,14,30,1
5339,1.303467,3305,13,14,30,1
5340,1.303711,3305,13,14,30,1
5341,1.303955,3305,13,14,30,1
5342,1.304199,3305,13,14,30,1
5343,1.304443,3305,13,14,30,1
5344,1.304688,3305,13,14,30,1
5345,1.304932,3305,13,14,30,1
5346,1.305176,3305,13,14,30,1
5347,1.305420,3305,13,14,30,1
5348,1.305664,3305,13,14,30,1
5349,1.305908,3305,13,14,30,1
5350,1.306152,3305,13,14,30,1
5351,1.306396,3305,13,14,30,1
5352,1.306641,3305,13,14,30,1
5353,1.306885,3305,13,14,30,1
5354,1.307129,3305,13,14,30,1
5355,1.307373,3305,13,14,30,1
5356,1.307617,3305,13,14,30,1
5357,1.307861,3305,13,14,30,1
5358,1.308105,3305,13,14,30,1
5359,1.308350,3305,13,14,30,1
5360,1.308594,3305,13,14,30,1
5361,1.308838,3305,13,14,30,1
5362,1.309082,3305,13,14,30,1
5363,1.309326,3305,13,14,30,1
5364,1.309570,3305,13,14,30,1
5365,1.309814,3305,13,14,30,1
5366,1.310059,3305,13,14,30,1
5367,1.310303,3305,13,14,30,1
5368,1.310547,3305,13,14,30,1
5369,1.310791,3305,13,14,30,1
5370,1.311035,3305,13,14,30,1
5371,1.311279,3305,13,14,30,1
5372,1.311523,3305,13,14,30,1
5373,1.311768,3305,13,14,30,1
5374,1.312012,3305,13,14,30,1
5375,1.312256,3305,13,14,30,1
5376,1.312500,3305,13,14,30,1
5377,1.312744,3305,13,14,30,1
5378,1.312988,3305,13,14,30,1
5379,1.313232,3305,13,14,30,1
5380,1.313477,3305,13,14,30,1
5381,1.313721,3305,13,14,30,1
5382,1.313965,3305,13,14,30,1
5383,1.314209,3305,13,14,30,1
5384,1.314453,3305,13,14,30,1
5385,1.314697,3305,13,14,30,1
5386,1.314941,3305,13,14,30,1
5387,1.315186,3305,13,14,30,1
5388,1.315430,3305,13,14,30,1
5389,1.315674,3305,13,14,30,1
5390,1.315918,3305,13,14,30,1
5391,1.316162,3305,13,14,30,1
5392,1.316406,3305,13,14,30,1
5393,1.316650,3305,13,14,30,1
5394,1.316895,3305,13,14,30,1
5395,1.317139,3305,13,14,30,1
5396,1.317383,3305,13,14,30,1
5397,1.317627,3305,13,14,30,1
5398,1.317871,3305,13,14,30,1
5399,1.318115,3305,13,14,30,1
5400,1.318359,3305,13,14,30,1
5401,1.318604,3305,13,14,30,1
5402,1.318848,3305,13,14,30,1
5403,1.319092,3305,13,14,30,1
5404,1.319336,3305,13,14,30,1
5405,1.319580,3305,13,14,30,1
5406,1.319824,3305,13,14,30,1
5407,1.320068,3305,13,14,30,1
5408,1.320312,3305,13,14,30,1
5409,1.320557,3305,13,14,30,1
5410,1.320801,3305,13,14,30,1
5411,1.321045,3305,13,14,30,1
5412,1.321289,3305,13,14,30,1
5413,1.321533,3305,13,14,30,1
5414,1.321777,3305,13,14,30,1
5415,1.322021,3305,13,14,30,1
5416,1.322266,3305,13,14,30,1
5417,1.322510,3305,13,14,30,1
5418,1.322754,3305,13,14,30,1
5419,1.322998,3305,13,14,30,1
5420,1.323242,3305,13,14,30,1
5421,1.323486,3305,13,14,30,1
5422,1.323730,3305,13,14,30,1
5423,1.323975,3305,13,14,30,1
5424,1.324219,3305,13,14,30,1
5425,1.324463,3305,13,14,30,1
5426,1.324707,3305,13,14,30,1
5427,1.324951,3305,13,14,30,1
5428,1.325195,3305,13,14,30,1
5429,1.325439,3305,13,14,30,1
5430,1.325684,3305,13,14,30,1
5431,1.325928,3305,13,14,30,1
5432,1.326172,3305,13,14,30,1
5433,1.326416,3305,13,14,30,1
5434,1.326660,3305,13,14,30,1
5435,1.326904,3305,13,14,30,1
5436,1.327148,3305,13,14,30,1
5437,1.327393,3305,13,14,30,1
5438,1.327637,3305,13,14,30,1
5439,1.327881,3305,13,14,30,1
5440,1.328125,3305,13,14,30,1
5441,1.328369,3305,13,14,30,1
5442,1.328613,3305,13,14,30,1
5443,1.328857,3305,13,14,30,1
5444,1.329102,3305,13,14,30,1
5445,1.329346,3305,13,14,30,1
5446,1.329590,3305,13,14,30,1
5447,1.329834,3305,13,14,30,1
5448,1.330078,3305,13,14,30,1
5449,1.330322,3305,13,14,30,1
5450,1.330566,3305,13,14,30,1
5451,1.330811,3305,13,14,30,1
5452,1.331055,3305,13,14,30,1
5453,1.331299,3305,13,14,30,1
5454,1.331543,3305,13,14,30,1
5455,1.331787,3305,13,14,30,1
5456,1.332031,3305,13,14,30,1
5457,1.332275,3305,13,14,30,1
5458,1.332520,3305,13,14,30,1
5459,1.332764,3305,13,14,30,1
5460,1.333008,3305,13,14,30,1
5461,1.333252,3305,13,14,30,1
5462,1.333496,3305,13,14,30,1
5463,1.333740,3305,13,14,30,1
5464,1.333984,3305,13,14,30,1
5465,1.334229,3305,13,14,30,1
5466,1.334473,3305,13,14,30,1
5467,1.334717,3305,13,14,30,1
5468,1.334961,3305,13,14,30,1
5469,1.335205,3305,13,14,30,1
5470,1.335449,3305,13,14,30,1
5471,1.335693,3305,13,14,30,1
5472,1.335938,3305,13,14,30,1
5473,1.336182,3305,13,14,30,1
5474,1.336426,3305,13,14,30,1
5475,1.336670,3305,13,14,30,1
5476,1.336914,3305,13,14,30,1
5477,1.337158,3305,13,14,30,1
5478,1.337402,3305,13,14,30,1
5479,1.337646,3305,13,14,30,1
5480,1.337891,3305,13,14,30,1
5481,1.338135,3305,13,14,30,1
5482,1.338379,3305,13,14,30,1
5483,1.338623,3305,13,14,30,1
5484,1.338867,3305,13,14,30,1
5485,1.339111,3305,13,14,30,1
5486,1.339355,3305,13,14,30,1
5487,1.339600,3305,13,14,30,1
5488,1.339844,3305,13,14,30,1
5489,1.340088,3305,13,14,30,1
5490,1.340332,3305,13,14,30,1
5491,1.340576,3305,13,14,30,1
5492,1.340820,3305,13,14,30,1
5493,1.341064,3305,13,14,30,1
5494,1.341309,3305,13,14,30,1
5495,1.341553,3305,13,14,30,1
5496,1.341797,3305,13,14,30,1
5497,1.342041,3305,13,14,30,1
5498,1.342285,3305,13,14,30,1
5499,1.342529,3305,13,14,30,1
5500,1.342773,3305,13,14,30,1
5501,1.343018,3305,13,14,30,1
5502,1.343262,3305,13,14,30,1
5503,1.343506,3305,13,14,30,1
5504,1.343750,3305,13,14,30,1
5505,1.343994,3305,13,14,30,1
5506,1.344238,3305,13,14,30,1
5507,1.344482,3305,13,14,30,1
5508,1.344727,3305,13,14,30,1
5509,1.344971,3305,13,14,30,1
5510,1.345215,3305,13,14,30,1
5511,1.345459,3305,13,14,30,1
5512,1.345703,3305,13,14,30,1
5513,1.345947,3305,13,14,30,1
5514,1.346191,3305,13,14,30,1
5515,1.346436,3305,13,14,30,1
5516,1.346680,3305,13,14,30,1
5517,1.346924,3305,13,14,30,1
5518,1.347168,3305,13,14,30,1
5519,1.347412,3305,13,14,30,1
5520,1.347656,3305,13,14,30,1
5521,1.347900,3305,13,14,30,1
5522,1.348145,3305,13,14,30,1
5523,1.348389,3305,13,14,30,1
5524,1.348633,3305,13,14,30,1
5525,1.348877,3305,13,14,30,1
5526,1.349121,3305,13,14,30,1
5527,1.349365,3305,13,14,30,1
5528,1.349609,3305,13,14,30,1
5529,1.349854,3305,13,14,30,1
5530,1.350098,3305,13,14,30,1
5531,1.350342,3305,13,14,30,1
5532,1.350586,3305,13,14,30,1
5533,1.350830,3305,13,14,30,1
5534,1.351074,3305,13,14,30,1
5535,1.351318,3305,13,14,30,1
5536,1.351562,3305,13,14,30,1
5537,1.351807,3305,13,14,30,1
5538,1.352051,3305,13,14,30,1
5539,1.352295,3305,13,14,30,1
5540,1.352539,3305,13,14,30,1
5541,1.352783,3305,13,14,30,1
5542,1.353027,3305,13,14,30,1
5543,1.353271,3305,13,14,30,1
5544,1.353516,3305,13,14,30,1
5545,1.353760,3305,13,14,30,1
5546,1.354004,3305,13,14,30,1
5547,1.354248,3305,13,14,30,1
5548,1.354492,3305,13,14,30,1
5549,1.354736,3305,13,14,30,1
5550,1.354980,3305,13,14,30,1
5551,1.355225,3305,13,14,30,1
5552,1.355469,3305,13,14,30,1
5553,1.355713,3305,13,14,30,1
5554,1.355957,3305,13,14,30,1
5555,1.356201,3305,13,14,30,1
5556,1.356445,3305,13,14,30,1
5557,1.356689,3305,13,14,30,1
5558,1.356934,3305,13,14,30,1
5559,1.357178,3305,13,14,30,1
5560,1.357422,3305,13,14,30,1
5561,1.357666,3305,13,14,30,1
5562,1.357910,3305,13,14,30,1
5563,1.358154,3305,13,14,30,1
5564,1.358398,3305,13,14,30,1
5565,1.358643,3305,13,14,30,1
5566,1.358887,3305,13,14,30,1
5567,1.359131,3305,13,14,30,1
5568,1.359375,3305,13,14,30,1
5569,1.359619,3305,13,14,30,1
5570,1.359863,3305,13,14,30,1
5571,1.360107,3305,13,14,30,1
5572,1.360352,3305,13,14,30,1
5573,1.360596,3305,13,14,30,1
5574,1.360840,3305,13,14,30,1
5575,1.361084,3305,13,14,30,1
5576,1.361328,3305,13,14,30,1
5577,1.361572,3305,13,14,30,1
5578,1.361816,3305,13,14,30,1
5579,1.362061,3305,13,14,30,1
5580,1.362305,3305,13,14,30,1
5581,1.362549,3305,13,14,30,1
5582,1.362793,3305,13,14,30,1
5583,1.363037,3305,13,14,30,1
5584,1.363281,3305,13,14,30,1
5585,1.363525,3305,13,14,30,1
5586,1.363770,3305,13,14,30,1
5587,1.364014,3305,13,14,30,1
5588,1.364258,3305,13,14,30,1
5589,1.364502,3305,13,14,30,1
5590,1.364746,3305,13,14,30,1
5591,1.364990,3305,13,14,30,1
5592,1.365234,3305,13,14,30,1
5593,1.365479,3305,13,14,30,1
5594,1.365723,3305,13,14,30,1
5595,1.365967,3305,13,14,30,1
5596,1.366211,3305,13,14,30,1
5597,1.366455,3305,13,14,30,1
5598,1.366699,3305,13,14,30,1
5599,1.366943,3305,13,14,30,1
5600,1.367188,3305,13,14,30,1
5601,1.367432,3305,13,14,30,1
5602,1.367676,3305,13,14,30,1
5603,1.367920,3305,13,14,30,1
5604,1.368164,3305,13,14,30,1
5605,1.368408,3305,13,14,30,1
5606,1.368652,3305,13,14,30,1
5607,1.368896,3305,13,14,30,1
5608,1.369141,3305,13,14,30,1
5609,1.369385,3305,13,14,30,1
5610,1.369629,3305,13,14,30,1
5611,1.369873,3305,13,14,30,1
5612,1.370117,3305,13,14,30,1
5613,1.370361,3305,13,14,30,1
5614,1.370605,3305,13,14,30,1
5615,1.370850,3305,13,14,30,1
5616,1.371094,3305,13,14,30,1
5617,1.371338,3305,13,14,30,1
5618,1.371582,3305,13,14,30,1
5619,1.371826,3305,13,14,30,1
5620,1.372070,3305,13,14,30,1
5621,1.372314,3305,13,14,30,1
5622,1.372559,3305,13,14,30,1
5623,1.372803,3305,13,14,30,1
5624,1.373047,3305,13,14,30,1
5625,1.373291,3305,13,14,30,1
5626,1.373535,3305,13,14,30,1
5627,1.373779,3305,13,14,30,1
5628,1.374023,3305,13,14,30,1
5629,1.374268,3305,13,14,30,1
5630,1.374512,3305,13,14,30,1
5631,1.374756,3305,13,14,30,1
5632,1.375000,3305,13,14,30,1
5633,1.375244,3305,13,14,30,1
5634,1.375488,3305,13,14,30,1
5635,1.375732,3305,13,14,30,1
5636,1.375977,3305,13,14,30,1
5637,1.376221,3305,13,14,30,1
5638,1.376465,3305,13,14,30,1
5639,1.376709,3305,13,14,30,1
5640,1.376953,3305,13,14,30,1
5641,1.377197,3305,13,14,30,1
5642,1.377441,3305,13,14,30,1
5643,1.377686,3305,13,14,30,1
5644,1.377930,3305,13,14,30,1
5645,1.378174,3305,13,14,30,1
5646,1.378418,3305,13,14,30,1
5647,1.378662,3305,13,14,30,1
5648,1.378906,3305,13,14,30,1
5649,1.379150,3305,13,14,30,1
5650,1.379395,3305,13,14,30,1
5651,1.379639,3305,13,14,30,1
5652,1.379883,3305,13,14,30,1
5653,1.380127,3305,13,14,30,1
5654,1.380371,3305,13,14,30,1
5655,1.380615,3305,13,14,30,1
5656,1.380859,3305,13,14,30,1
5657,1.381104,3305,13,14,30,1
5658,1.381348,3305,13,14,30,1
5659,1.381592,3305,13,14,30,1
5660,1.381836,3305,13,14,30,1
5661,1.382080,3305,13,14,30,1
5662,1.382324,3305,13,14,30,1
5663,1.382568,3305,13,14,30,1
5664,1.382812,3305,13,14,30,1
5665,1.383057,3305,13,14,30,1
5666,1.383301,3305,13,14,30,1
5667,1.383545,3305,13,14,30,1
5668,1.383789,3305,13,14,30,1
5669,1.384033,3305,13,14,30,1
5670,1.384277,3305,13,14,30,1
5671,1.384521,3305,13,14,30,1
5672,1.384766,3305,13,14,30,1
5673,1.385010,3305,13,14,30,1
5674,1.385254,3305,13,14,30,1
5675,1.385498,3305,13,14,30,1
5676,1.385742,3305,13,14,30,1
5677,1.385986,3305,13,14,30,1
5678,1.386230,3305,13,14,30,1
5679,1.386475,3305,13,14,30,1
5680,1.386719,3305,13,14,30,1
5681,1.386963,3305,13,14,30,1
5682,1.387207,3305,13,14,30,1
5683,1.387451,3305,13,14,30,1
5684,1.387695,3305,13,14,30,1
5685,1.387939,3305,13,14,30,1
5686,1.388184,3305,13,14,30,1
5687,1.388428,3305,13,14,30,1
5688,1.388672,3305,13,14,30,1
5689,1.388916,3305,13,14,30,1
5690,1.389160,3305,13,14,30,1
5691,1.389404,3305,13,14,30,1
5692,1.389648,3305,13,14,30,1
5693,1.389893,3305,13,14,30,1
5694,1.390137,3305,13,14,30,1
5695,1.390381,3305,13,14,30,1
5696,1.390625,3305,13,14,30,1
5697,1.390869,3305,13,14,30,1
5698,1.391113,3305,13,14,30,1
5699,1.391357,3305,13,14,30,1
5700,1.391602,3305,13,14,30,1
5701,1.391846,3305,13,14,30,1
5702,1.392090,3305,13,14,30,1
5703,1.392334,3305,13,14,30,1
5704,1.392578,3305,13,14,30,1
5705,1.392822,3305,13,14,30,1
5706,1.393066,3305,13,14,30,1
5707,1.393311,3305,13,14,30,1
5708,1.393555,3305,13,14,30,1
5709,1.393799,3305,13,14,30,1
5710,1.394043,3305,13,14,30,1
5711,1.394287,3305,13,14,30,1
5712,1.394531,3305,13,14,30,1
5713,1.394775,3305,13,14,30,1
5714,1.395020,3305,13,14,30,1
5715,1.395264,3305,13,14,30,1
5716,1.395508,3305,13,14,30,1
5717,1.395752,3305,13,14,30,1
5718,1.395996,3305,13,14,30,1
5719,1.396240,3305,13,14,30,1
5720,1.396484,3305,13,14,30,1
5721,1.396729,3305,13,14,30,1
5722,1.396973,3305,13,14,30,1
5723,1.397217,3305,13,14,30,1
5724,1.397461,3305,13,14,30,1
5725,1.397705,3305,13,14,30,1
5726,1.397949,3305,13,14,30,1
5727,1.398193,3305,13,14,30,1
5728,1.398438,3305,13,14,30,1
5729,1.398682,3305,13,14,30,1
5730,1.398926,3305,13,14,30,1
5731,1.399170,3305,13,14,30,1
5732,1.399414,3305,13,14,30,1
5733,1.399658,3305,13,14,30,1
5734,1.399902,3305,13,14,30,1
5735,1.400146,3305,13,14,30,1
5736,1.400391,3305,13,14,30,1
5737,1.400635,3305,13,14,30,1
5738,1.400879,3305,13,14,30,1
5739,1.401123,3305,13,14,30,1
5740,1.401367,3305,13,14,30,1
5741,1.401611,3305,13,14,30,1
5742,1.401855,3305,13,14,30,1
5743,1.402100,3305,13,14,30,1
5744,1.402344,3305,13,14,30,1
5745,1.402588,3305,13,14,30,1
5746,1.402832,3305,13,14,30,1
5747,1.403076,3305,13,14,30,1
5748,1.403320,3305,13,14,30,1
5749,1.403564,3305,13,14,30,1
5750,1.403809,3305,13,14,30,1
5751,1.404053,3305,13,14,30,1
5752,1.404297,3305,13,14,30,1
5753,1.404541,3305,13,14,30,1
5754,1.404785,3305,13,14,30,1
5755,1.405029,3305,13,14,30,1
5756,1.405273,3305,13,14,30,1
5757,1.405518,3305,13,14,30,1
5758,1.405762,3305,13,14,30,1
5759,1.406006,3305,13,14,30,1
5760,1.406250,3305,13,14,30,1
5761,1.406494,3305,13,14,30,1
5762,1.406738,3305,13,14,30,1
5763,1.406982,3305,13,14,30,1
5764,1.407227,3305,13,14,30,1
5765,1.407471,3305,13,14,30,1
5766,1.407715,3305,13,14,30,1
5767,1.407959,3305,13,14,30,1
5768,1.408203,3305,13,14,30,1
5769,1.408447,3305,13,14,30,1
5770,1.408691,3305,13,14,30,1
5771,1.408936,3305,13,14,30,1
5772,1.409180,3305,13,14,30,1
5773,1.409424,3305,13,14,30,1
5774,1.409668,3305,13,14,30,1
5775,1.409912,3305,13,14,30,1
5776,1.410156,3305,13,14,30,1
5777,1.410400,3305,13,14,30,1
5778,1.410645,3305,13,14,30,1
5779,1.410889,3305,13,14,30,1
5780,1.411133,3305,13,14,30,1
5781,1.411377,3305,13,14,30,1
5782,1.411621,3305,13,14,30,1
5783,1.411865,3305,13,14,30,1
5784,1.412109,3305,13,14,30,1
5785,1.412354,3305,13,14,30,1
5786,1.412598,3305,13,14,30,1
5787,1.412842,3305,13,14,30,1
5788,1.413086,3305,13,14,30,1
5789,1.413330,3305,13,14,30,1
5790,1.413574,3305,13,14,30,1
5791,1.413818,3305,13,14,30,1
5792,1.414062,3305,13,14,30,1
5793,1.414307,3305,13,14,30,1
5794,1.414551,3305,13,14,30,1
5795,1.414795,3305,13,14,30,1
5796,1.415039,3305,13,14,30,1
5797,1.415283,3305,13,14,30,1
5798,1.415527,3305,13,14,30,1
5799,1.415771,3305,13,14,30,1
5800,1.416016,3305,13,14,30,1
5801,1.416260,3305,13,14,30,1
5802,1.416504,3305,13,14,30,1
5803,1.416748,3305,13,14,30,1
5804,1.416992,3305,13,14,30,1
5805,1.417236,3305,13,14,30,1
5806,1.417480,3305,13,14,30,1
5807,1.417725,3305,13,14,30,1
5808,1.417969,3305,13,14,30,1
5809,1.418213,3305,13,14,30,1
5810,1.418457,3305,13,14,30,1
5811,1.418701,3305,13,14,30,1
5812,1.418945,3305,13,14,30,1
5813,1.419189,3305,13,14,30,1
5814,1.419434,3305,13,14,30,1
5815,1.419678,3305,13,14,30,1
5816,1.419922,3305,13,14,30,1
5817,1.420166,3305,13,14,30,1
5818,1.420410,3305,13,14,30,1
5819,1.420654,3305,13,14,30,1
5820,1.420898,3305,13,14,30,1
5821,1.421143,3305,13,14,30,1
5822,1.421387,3305,13,14,30,1
5823,1.421631,3305,13,14,30,1
5824,1.421875,3305,13,14,30,1
5825,1.422119,3305,13,14,30,1
5826,1.422363,3305,13,14,30,1
5827,1.422607,3305,13,14,30,1
5828,1.422852,3305,13,14,30,1
5829,1.423096,3305,13,14,30,1
5830,1.423340,3305,13,14,30,1
5831,1.423584,3305,13,14,30,1
5832,1.423828,3305,13,14,30,1
5833,1.424072,3305,13,14,30,1
5834,1.424316,3305,13,14,30,1
5835,1.424561,3305,13,14,30,1
5836,1.424805,3305,13,14,30,1
5837,1.425049,3305,13,14,30,1
5838,1.425293,3305,13,14,30,1
5839,1.425537,3305,13,14,30,1
5840,1.425781,3305,13,14,30,1
5841,1.426025,3305,13,14,30,1
5842,1.426270,3305,13,14,30,1
5843,1.426514,3305,13,14,30,1
5844,1.426758,3305,13,14,30,1
5845,1.427002,3305,13,14,30,1
5846,1.427246,3305,13,14,30,1
5847,1.427490,3305,13,14,30,1
5848,1.427734,3305,13,14,30,1
5849,1.427979,3305,13,14,30,1
5850,1.428223,3305,13,14,30,1
5851,1.428467,3305,13,14,30,1
5852,1.428711,3305,13,14,30,1
5853,1.428955,3305,13,14,30,1
5854,1.429199,3305,13,14,30,1
5855,1.429443,3305,13,14,30,1
5856,1.429688,3305,13,14,30,1
5857,1.429932,3305,13,14,30,1
5858,1.430176,3305,13,14,30,1
5859,1.430420,3305,13,14,30,1
5860,1.430664,3305,13,14,30,1
5861,1.430908,3305,13,14,30,1
5862,1.431152,3305,13,14,30,1
5863,1.431396,3305,13,14,30,1
5864,1.431641,3305,13,14,30,1
5865,1.431885,3305,13,14,30,1
5866,1.432129,3305,13,14,30,1
5867,1.432373,3305,13,14,30,1
5868,1.432617,3305,13,14,30,1
5869,1.432861,3305,13,14,30,1
5870,1.433105,3305,13,14,30,1
5871,1.433350,3305,13,14,30,1
5872,1.433594,3305,13,14,30,1
5873,1.433838,3305,13,14,30,1
5874,1.434082,3305,13,14,30,1
5875,1.434326,3305,13,14,30,1
5876,1.434570,3305,13,14,30,1
5877,1.434814,3305,13,14,30,1
5878,1.435059,3305,13,14,30,1
5879,1.435303,3305,13,14,30,1
5880,1.435547,3305,13,14,30,1
5881,1.435791,3305,13,14,30,1
5882,1.436035,3305,13,14,30,1
5883,1.436279,3305,13,14,30,1
5884,1.436523,3305,13,14,30,1
5885,1.436768,3305,13,14,30,1
5886,1.437012,3305,13,14,30,1
5887,1.437256,3305,13,14,30,1
5888,1.437500,3305,13,14,30,1
5889,1.437744,3305,13,14,30,1
5890,1.437988,3305,13,14,30,1
5891,1.438232,3305,13,14,30,1
5892,1.438477,3305,13,14,30,1
5893,1.438721,3305,13,14,30,1
5894,1.438965,3305,13,14,30,1
5895,1.439209,3305,13,14,30,1
5896,1.439453,3305,13,14,30,1
5897,1.439697,3305,13,14,30,1
5898,1.439941,3305,13,14,30,1
5899,1.440186,3305,13,14,30,1
5900,1.440430,3305,13,14,30,1
5901,1.440674,3305,13,14,30,1
5902,1.440918,3305,13,14,30,1
5903,1.441162,3305,13,14,30,1
5904,1.441406,3305,13,14,30,1
5905,1.441650,3305,13,14,30,1
5906,1.441895,3305,13,14,30,1
5907,1.442139,3305,13,14,30,1
5908,1.442383,3305,13,14,30,1
5909,1.442627,3305,13,14,30,1
5910,1.442871,3305,13,14,30,1
5911,1.443115,3305,13,14,30,1
5912,1.443359,3305,13,14,30,1
5913,1.443604,3305,13,14,30,1
5914,1.443848,3305,13,14,30,1
5915,1.444092,3305,13,14,30,1
5916,1.444336,3305,13,14,30,1
5917,1.444580,3305,13,14,30,1
5918,1.444824,3305,13,14,30,1
5919,1.445068,3305,13,14,30,1
5920,1.445312,3305,13,14,30,1
5921,1.445557,3305,13,14,30,1
5922,1.445801,3305,13,14,30,1
5923,1.446045,3305,13,14,30,1
5924,1.446289,3305,13,14,30,1
5925,1.446533,3305,13,14,30,1
5926,1.446777,3305,13,14,30,1
5927,1.447021,3305,13,14,30,1
5928,1.447266,3305,13,14,30,1
5929,1.447510,3305,13,14,30,1
5930,1.447754,3305,13,14,30,1
5931,1.447998,3305,13,14,30,1
5932,1.448242,3305,13,14,30,1
5933,1.448486,3305,13,14,30,1
5934,1.448730,3305,13,14,30,1
5935,1.448975,3305,13,14,30,1
5936,1.449219,3305,13,14,30,1
5937,1.449463,3305,13,14,30,1
5938,1.449707,3305,13,14,30,1
5939,1.449951,3305,13,14,30,1
5940,1.450195,3305,13,14,30,1
5941,1.450439,3305,13,14,30,1
5942,1.450684,3305,13,14,30,1
5943,1.450928,3305,13,14,30,1
5944,1.451172,3305,13,14,30,1
5945,1.451416,3305,13,14,30,1
5946,1.451660,3305,13,14,30,1
5947,1.451904,3305,13,14,30,1
5948,1.452148,3305,13,14,30,1
5949,1.452393,3305,13,14,30,1
5950,1.452637,3305,13,14,30,1
5951,1.452881,3305,13,14,30,1
5952,1.453125,3305,13,14,30,1
5953,1.453369,3305,13,14,30,1
5954,1.453613,3305,13,14,30,1
5955,1.453857,3305,13,14,30,1
5956,1.454102,3305,13,14,30,1
5957,1.454346,3305,13,14,30,1
5958,1.454590,3305,13,14,30,1
5959,1.454834,3305,13,14,30,1
5960,1.455078,3305,13,14,30,1
5961,1.455322,3305,13,14,30,1
5962,1.455566,3305,13,14,30,1
5963,1.455811,3305,13,14,30,1
5964,1.456055,3305,13,14,30,1
5965,1.456299,3305,13,14,30,1
5966,1.456543,3305,13,14,30,1
5967,1.456787,3305,13,14,30,1
5968,1.457031,3305,13,14,30,1
5969,1.457275,3305,13,14,30,1
5970,1.457520,3305,13,14,30,1
5971,1.457764,3305,13,14,30,1
5972,1.458008,3305,13,14,30,1
5973,1.458252,3305,13,14,30,1
5974,1.458496,3305,13,14,30,1
5975,1.458740,3305,13,14,30,1
5976,1.458984,3305,13,14,30,1
5977,1.459229,3305,13,14,30,1
5978,1.459473,3305,13,14,30,1
5979,1.459717,3305,13,14,30,1
5980,1.459961,3305,13,14,30,1
5981,1.460205,3305,13,14,30,1
5982,1.460449,3305,13,14,30,1
5983,1.460693,3305,13,14,30,1
5984,1.460938,3305,13,14,30,1
5985,1.461182,3305,13,14,30,1
5986,1.461426,3305,13,14,30,1
5987,1.461670,3305,13,14,30,1
5988,1.461914,3305,13,14,30,1
5989,1.462158,3305,13,14,30,1
5990,1.462402,3305,13,14,30,1
5991,1.462646,3305,13,14,30,1
5992,1.462891,3305,13,14,30,1
5993,1.463135,3305,13,14,30,1
5994,1.463379,3305,13,14,30,1
5995,1.463623,3305,13,14,30,1
5996,1.463867,3305,13,14,30,1
5997,1.464111,3305,13,14,30,1
5998,1.464355,3305,13,14,30,1
5999,1.464600,3305,13,14,30,1
6000,1.464844,3305,13,14,30,1
6001,1.465088,3305,13,14,30,1
6002,1.465332,3305,13,14,30,1
6003,1.465576,3305,13,14,30,1
6004,1.465820,3305,13,14,30,1
6005,1.466064,3305,13,14,30,1
6006,1.466309,3305,13,14,30,1
6007,1.466553,3305,13,14,30,1
6008,1.466797,3305,13,14,30,1
6009,1.467041,3305,13,14,30,1
6010,1.467285,3305,13,14,30,1
6011,1.467529,3305,13,14,30,1
6012,1.467773,3305,13,14,30,1
6013,1.468018,3305,13,14,30,1
6014,1.468262,3305,13,14,30,1
6015,1.468506,3305,13,14,30,1
6016,1.468750,3305,13,14,30,1
6017,1.468994,3305,13,14,30,1
6018,1.469238,3305,13,14,30,1
6019,1.469482,3305,13,14,30,1
6020,1.469727,3305,13,14,30,1
6021,1.469971,3305,13,14,30,1
6022,1.470215,3305,13,14,30,1
6023,1.470459,3305,13,14,30,1
6024,1.470703,3305,13,14,30,1
6025,1.470947,3305,13,14,30,1
6026,1.471191,3305,13,14,30,1
6027,1.471436,3305,13,14,30,1
6028,1.471680,3305,13,14,30,1
6029,1.471924,3305,13,14,30,1
6030,1.472168,3305,13,14,30,1
6031,1.472412,3305,13,14,30,1
6032,1.472656,3305,13,14,30,1
6033,1.472900,3305,13,14,30,1
6034,1.473145,3305,13,14,30,1
6035,1.473389,3305,13,14,30,1
6036,1.473633,3305,13,14,30,1
6037,1.473877,3305,13,14,30,1
6038,1.474121,3305,13,14,30,1
6039,1.474365,3305,13,14,30,1
6040,1.474609,3305,13,14,30,1
6041,1.474854,3305,13,14,30,1
6042,1.475098,3305,13,14,30,1
6043,1.475342,3305,13,14,30,1
6044,1.475586,3305,13,14,30,1
6045,1.475830,3305,13,14,30,1
6046,1.476074,3305,13,14,30,1
6047,1.476318,3305,13,14,30,1
6048,1.476562,3305,13,14,30,1
6049,1.476807,3305,13,14,30,1
6050,1.477051,3305,13,14,30,1
6051,1.477295,3305,13,14,30,1
6052,1.477539,3305,13,14,30,1
6053,1.477783,3305,13,14,30,1
6054,1.478027,3305,13,14,30,1
6055,1.478271,3305,13,14,30,1
6056,1.478516,3305,13,14,30,1
6057,1.478760,3305,13,14,30,1
6058,1.479004,3305,13,14,30,1
6059,1.479248,3305,13,14,30,1
6060,1.479492,3305,13,14,30,1
6061,1.479736,3305,13,14,30,1
6062,1.479980,3305,13,14,30,1
6063,1.480225,3305,13,14,30,1
6064,1.480469,3305,13,14,30,1
6065,1.480713,3305,13,14,30,1
6066,1.480957,3305,13,14,30,1
6067,1.481201,3305,13,14,30,1
6068,1.481445,3305,13,14,30,1
6069,1.481689,3305,13,14,30,1
6070,1.481934,3305,13,14,30,1
6071,1.482178,3305,13,14,30,1
6072,1.482422,3305,13,14,30,1
6073,1.482666,3305,13,14,30,1
6074,1.482910,3305,13,14,30,1
6075,1.483154,3305,13,14,30,1
6076,1.483398,3305,13,14,30,1
6077,1.483643,3305,13,14,30,1
6078,1.483887,3305,13,14,30,1
6079,1.484131,3305,13,14,30,1
6080,1.484375,3305,13,14,30,1
6081,1.484619,3305,13,14,30,1
6082,1.484863,3305,13,14,30,1
6083,1.485107,3305,13,14,30,1
6084,1.485352,3305,13,14,30,1
6085,1.485596,3305,13,14,30,1
6086,1.485840,3305,13,14,30,1
6087,1.486084,3305,13,14,30,1
6088,1.486328,3305,13,14,30,1
6089,1.486572,3305,13,14,30,1
6090,1.486816,3305,13,14,30,1
6091,1.487061,3305,13,14,30,1
6092,1.487305,3305,13,14,30,1
6093,1.487549,3305,13,14,30,1
6094,1.487793,3305,13,14,30,1
6095,1.488037,3305,13,14,30,1
6096,1.488281,3305,13,14,30,1
6097,1.488525,3305,13,14,30,1
6098,1.488770,3305,13,14,30,1
6099,1.489014,3305,13,14,30,1
6100,1.489258,3305,13,14,30,1
6101,1.489502,3305,13,14,30,1
6102,1.489746,3305,13,14,30,1
6103,1.489990,3305,13,14,30,1
6104,1.490234,3305,13,14,30,1
6105,1.490479,3305,13,14,30,1
6106,1.490723,3305,13,14,30,1
6107,1.490967,3305,13,14,30,1
6108,1.491211,3305,13,14,30,1
6109,1.491455,3305,13,14,30,1
6110,1.491699,3305,13,14,30,1
6111,1.491943,3305,13,14,30,1
6112,1.492188,3305,13,14,30,1
6113,1.492432,3305,13,14,30,1
6114,1.492676,3305,13,14,30,1
6115,1.492920,3305,13,14,30,1
6116,1.493164,3305,13,14,30,1
6117,1.493408,3305,13,14,30,1
6118,1.493652,3305,13,14,30,1
6119,1.493896,3305,13,14,30,1
6120,1.494141,3305,13,14,30,1
6121,1.494385,3305,13,14,30,1
6122,1.494629,3305,13,14,30,1
6123,1.494873,3305,13,14,30,1
6124,1.495117,3305,13,14,30,1
6125,1.495361,3305,13,14,30,1
6126,1.495605,3305,13,14,30,1
6127,1.495850,3305,13,14,30,1
6128,1.496094,3305,13,14,30,1
6129,1.496338,3305,13,14,30,1
6130,1.496582,3305,13,14,30,1
6131,1.496826,3305,13,14,30,1
6132,1.497070,3305,13,14,30,1
6133,1.497314,3305,13,14,30,1
6134,1.497559,3305,13,14,30,1
6135,1.497803,3305,13,14,30,1
6136,1.498047,3305,13,14,30,1
6137,1.498291,3305,13,14,30,1
6138,1.498535,3305,13,14,30,1
6139,1.498779,3305,13,14,30,1
6140,1.499023,3305,13,14,30,1
6141,1.499268,3305,13,14,30,1
6142,1.499512,3305,13,14,30,1
6143,1.499756,3305,13,14,30,1
6144,1.500000,3305,13,14,30,1
6145,1.500244,3305,13,14,30,1
6146,1.500488,3305,13,14,30,1
6147,1.500732,3305,13,14,30,1
6148,1.500977,3305,13,14,30,1
6149,1.501221,3305,13,14,30,1
6150,1.501465,3305,13,14,30,1
6151,1.501709,3305,13,14,30,1
6152,1.501953,3305,13,14,30,1
6153,1.502197,3305,13,14,30,1
6154,1.502441,3305,13,14,30,1
6155,1.502686,3305,13,14,30,1
6156,1.502930,3305,13,14,30,1
6157,1.503174,3305,13,14,30,1
6158,1.503418,3305,13,14,30,1
6159,1.503662,3305,13,14,30,1
6160,1.503906,3305,13,14,30,1
6161,1.504150,3305,13,14,30,1
6162,1.504395,3305,13,14,30,1
6163,1.504639,3305,13,14,30,1
6164,1.504883,3305,13,14,30,1
6165,1.505127,3305,13,14,30,1
6166,1.505371,3305,13,14,30,1
6167,1.505615,3305,13,14,30,1
6168,1.505859,3305,13,14,30,1
6169,1.506104,3305,13,14,30,1
6170,1.506348,3305,13,14,30,1
6171,1.506592,3305,13,14,30,1
6172,1.506836,3305,13,14,30,1
6173,1.507080,3305,13,14,30,1
6174,1.507324,3305,13,14,30,1
6175,1.507568,3305,13,14,30,1
6176,1.507812,3305,13,14,30,1
6177,1.508057,3305,13,14,30,1
6178,1.508301,3305,13,14,30,1
6179,1.508545,3305,13,14,30,1
6180,1.508789,3305,13,14,30,1
6181,1.509033,3305,13,14,30,1
6182,1.509277,3305,13,14,30,1
6183,1.509521,3305,13,14,30,1
6184,1.509766,3305,13,14,30,1
6185,1.510010,3305,13,14,30,1
6186,1.510254,3305,13,14,30,1
6187,1.510498,3305,13,14,30,1
6188,1.510742,3305,13,14,30,1
6189,1.510986,3305,13,14,30,1
6190,1.511230,3305,13,14,30,1
6191,1.511475,3305,13,14,30,1
6192,1.511719,3305,13,14,30,1
6193,1.511963,3305,13,14,30,1
6194,1.512207,3305,13,14,30,1
6195,1.512451,3305,13,14,30,1
6196,1.512695,3305,13,14,30,1
6197,1.512939,3305,13,14,30,1
6198,1.513184,3305,13,14,30,1
6199,1.513428,3305,13,14,30,1
6200,1.513672,3305,13,14,30,1
6201,1.513916,3305,13,14,30,1
6202,1.514160,3305,13,14,30,1
6203,1.514404,3305,13,14,30,1
6204,1.514648,3305,13,14,30,1
6205,1.514893,3305,13,14,30,1
6206,1.515137,3305,13,14,30,1
6207,1.515381,3305,13,14,30,1
6208,1.515625,3305,13,14,30,1
6209,1.515869,3305,13,14,30,1
6210,1.516113,3305,13,14,30,1
6211,1.516357,3305,13,14,30,1
6212,1.516602,3305,13,14,30,1
6213,1.516846,3305,13,14,30,1
6214,1.517090,3305,13,14,30,1
6215,1.517334,3305,13,14,30,1
6216,1.517578,3305,13,14,30,1
6217,1.517822,3305,13,14,30,1
6218,1.518066,3305,13,14,30,1
6219,1.518311,3305,13,14,30,1
6220,1.518555,3305,13,14,30,1
6221,1.518799,3305,13,14,30,1
6222,1.519043,3305,13,14,30,1
6223,1.519287,3305,13,14,30,1
6224,1.519531,3305,13,14,30,1
6225,1.519775,3305,13,14,30,1
6226,1.520020,3305,13,14,30,1
6227,1.520264,3305,13,14,30,1
6228,1.520508,3305,13,14,30,1
6229,1.520752,3305,13,14,30,1
6230,1.520996,3305,13,14,30,1
6231,1.521240,3305,13,14,30,1
6232,1.521484,3305,13,14,30,1
6233,1.521729,3305,13,14,30,1
6234,1.521973,3305,13,14,30,1
6235,1.522217,3305,13,14,30,1
6236,1.522461,3305,13,14,30,1
6237,1.522705,3305,13,14,30,1
6238,1.522949,3305,13,14,30,1
6239,1.523193,3305,13,14,30,1
6240,1.523438,3305,13,14,30,1
6241,1.523682,3305,13,14,30,1
6242,1.523926,3305,13,14,30,1
6243,1.524170,3305,13,14,30,1
6244,1.524414,3305,13,14,30,1
6245,1.524658,3305,13,14,30,1
6246,1.524902,3305,13,14,30,1
6247,1.525146,3305,13,14,30,1
6248,1.525391,3305,13,14,30,1
6249,1.525635,3305,13,14,30,1
6250,1.525879,3305,13,14,30,1
6251,1.526123,3305,13,14,30,1
6252,1.526367,3305,13,14,30,1
6253,1.526611,3305,13,14,30,1
6254,1.526855,3305,13,14,30,1
6255,1.527100,3305,13,14,30,1
6256,1.527344,3305,13,14,30,1
6257,1.527588,3305,13,14,30,1
6258,1.527832,3305,13,14,30,1
6259,1.528076,3305,13,14,30,1
6260,1.528320,3305,13,14,30,1
6261,1.528564,3305,13,14,30,1
6262,1.528809,3305,13,14,30,1
6263,1.529053,3305,13,14,30,1
6264,1.529297,3305,13,14,30,1
6265,1.529541,3305,13,14,30,1
6266,1.529785,3305,13,14,30,1
6267,1.530029,3305,13,14,30,1
6268,1.530273,3305,13,14,30,1
6269,1.530518,3305,13,14,30,1
6270,1.530762,3305,13,14,30,1
6271,1.531006,3305,13,14,30,1
6272,1.531250,3305,13,14,30,1
6273,1.531494,3305,13,14,30,1
6274,1.531738,3305,13,14,30,1
6275,1.531982,3305,13,14,30,1
6276,1.532227,3305,13,14,30,1
6277,1.532471,3305,13,14,30,1
6278,1.532715,3305,13,14,30,1
6279,1.532959,3305,13,14,30,1
6280,1.533203,3305,13,14,30,1
6281,1.533447,3305,13,14,30,1
6282,1.533691,3305,13,14,30,1
6283,1.533936,3305,13,14,30,1
6284,1.534180,3305,13,14,30,1
6285,1.534424,3305,13,14,30,1
6286,1.534668,3305,13,14,30,1
6287,1.534912,3305,13,14,30,1
6288,1.535156,3305,13,14,30,1
6289,1.535400,3305,13,14,30,1
6290,1.535645,3305,13,14,30,1
6291,1.535889,3305,13,14,30,1
6292,1.536133,3305,13,14,30,1
6293,1.536377,3305,13,14,30,1
6294,1.536621,3305,13,14,30,1
6295,1.536865,3305,13,14,30,1
6296,1.537109,3305,13,14,30,1
6297,1.537354,3305,13,14,30,1
6298,1.537598,3305,13,14,30,1
6299,1.537842,3305,13,14,30,1
6300,1.538086,3305,13,14,30,1
6301,1.538330,3305,13,14,30,1
6302,1.538574,3305,13,14,30,1
6303,1.538818,3305,13,14,30,1
6304,1.539062,3305,13,14,30,1
6305,1.539307,3305,13,14,30,1
6306,1.539551,3305,13,14,30,1
6307,1.539795,3305,13,14,30,1
6308,1.540039,3305,13,14,30,1
6309,1.540283,3305,13,14,30,1
6310,1.540527,3305,13,14,30,1
6311,1.540771,3305,13,14,30,1
6312,1.541016,3305,13,14,30,1
6313,1.541260,3305,13,14,30,1
6314,1.541504,3305,13,14,30,1
6315,1.541748,3305,13,14,30,1
6316,1.541992,3305,13,14,30,1
6317,1.542236,3305,13,14,30,1
6318,1.542480,3305,13,14,30,1
6319,1.542725,3305,13,14,30,1
6320,1.542969,3305,13,14,30,1
6321,1.543213,3305,13,14,30,1
6322,1.543457,3305,13,14,30,1
6323,1.543701,3305,13,14,30,1
6324,1.543945,3305,13,14,30,1
6325,1.544189,3305,13,14,30,1
6326,1.544434,3305,13,14,30,1
6327,1.544678,3305,13,14,30,1
6328,1.544922,3305,13,14,30,1
6329,1.545166,3305,13,14,30,1
6330,1.545410,3305,13,14,30,1
6331,1.545654,3305,13,14,30,1
6332,1.545898,3305,13,14,30,1
6333,1.546143,3305,13,14,30,1
6334,1.546387,3305,13,14,30,1
6335,1.546631,3305,13,14,30,1
6336,1.546875,3305,13,14,30,1
6337,1.547119,3305,13,14,30,1
6338,1.547363,3305,13,14,30,1
6339,1.547607,3305,13,14,30,1
6340,1.547852,3305,13,14,30,1
6341,1.548096,3305,13,14,30,1
6342,1.548340,3305,13,14,30,1
6343,1.548584,3305,13,14,30,1
6344,1.548828,3305,13,14,30,1
6345,1.549072,3305,13,14,30,1
6346,1.549316,3305,13,14,30,1
6347,1.549561,3305,13,14,30,1
6348,1.549805,3305,13,14,30,1
6349,1.550049,3305,13,14,30,1
6350,1.550293,3305,13,14,30,1
6351,1.550537,3305,13,14,30,1
6352,1.550781,3305,13,14,30,1
6353,1.551025,3305,13,14,30,1
6354,1.551270,3305,13,14,30,1
6355,1.551514,3305,13,14,30,1
6356,1.551758,3305,13,14,30,1
6357,1.552002,3305,13,14,30,1
6358,1.552246,3305,13,14,30,1
6359,1.552490,3305,13,14,30,1
6360,1.552734,3305,13,14,30,1
6361,1.552979,3305,13,14,30,1
6362,1.553223,3305,13,14,30,1
6363,1.553467,3305,13,14,30,1
6364,1.553711,3305,13,14,30,1
6365,1.553955,3305,13,14,30,1
6366,1.554199,3305,13,14,30,1
6367,1.554443,3305,13,14,30,1
6368,1.554688,3305,13,14,30,1
6369,1.554932,3305,13,14,30,1
6370,1.555176,3305,13,14,30,1
6371,1.555420,3305,13,14,30,1
6372,1.555664,3305,13,14,30,1
6373,1.555908,3305,13,14,30,1
6374,1.556152,3305,13,14,30,1
6375,1.556396,3305,13,14,30,1
6376,1.556641,3305,13,14,30,1
6377,1.556885,3305,13,14,30,1
6378,1.557129,3305,13,14,30,1
6379,1.557373,3305,13,14,30,1
6380,1.557617,3305,13,14,30,1
6381,1.557861,3305,13,14,30,1
6382,1.558105,3305,13,14,30,1
6383,1.558350,3305,13,14,30,1
6384,1.558594,3305,13,14,30,1
6385,1.558838,3305,13,14,30,1
6386,1.559082,3305,13,14,30,1
6387,1.559326,3305,13,14,30,1
6388,1.559570,3305,13,14,30,1
6389,1.559814,3305,13,14,30,1
6390,1.560059,3305,13,14,30,1
6391,1.560303,3305,13,14,30,1
6392,1.560547,3305,13,14,30,1
6393,1.560791,3305,13,14,30,1
6394,1.561035,3305,13,14,30,1
6395,1.561279,3305,13,14,30,1
6396,1.561523,3305,13,14,30,1
6397,1.561768,3305,13,14,30,1
6398,1.562012,3305,13,14,30,1
6399,1.562256,3305,13,14,30,1
6400,1.562500,3305,13,14,30,1
6401,1.562744,3305,13,14,30,1
6402,1.562988,3305,13,14,30,1
6403,1.563232,3305,13,14,30,1
6404,1.563477,3305,13,14,30,1
6405,1.563721,3305,13,14,30,1
6406,1.563965,3305,13,14,30,1
6407,1.564209,3305,13,14,30,1
6408,1.564453,3305,13,14,30,1
6409,1.564697,3305,13,14,30,1
6410,1.564941,3305,13,14,30,1
6411,1.565186,3305,13,14,30,1
6412,1.565430,3305,13,14,30,1
6413,1.565674,3305,13,14,30,1
6414,1.565918,3305,13,14,30,1
6415,1.566162,3305,13,14,30,1
6416,1.566406,3305,13,14,30,1
6417,1.566650,3305,13,14,30,1
6418,1.566895,3305,13,14,30,1
6419,1.567139,3305,13,14,30,1
6420,1.567383,3305,13,14,30,1
6421,1.567627,3305,13,14,30,1
6422,1.567871,3305,13,14,30,1
6423,1.568115,3305,13,14,30,1
6424,1.568359,3305,13,14,30,1
6425,1.568604,3305,13,14,30,1
6426,1.568848,3305,13,14,30,1
6427,1.569092,3305,13,14,30,1
6428,1.569336,3305,13,14,30,1
6429,1.569580,3305,13,14,30,1
6430,1.569824,3305,13,14,30,1
6431,1.570068,3305,13,14,30,1
6432,1.570312,3305,13,14,30,1
6433,1.570557,3305,13,14,30,1
6434,1.570801,3305,13,14,30,1
6435,1.571045,3305,13,14,30,1
6436,1.571289,3305,13,14,30,1
6437,1.571533,3305,13,14,30,1
6438,1.571777,3305,13,14,30,1
6439,1.572021,3305,13,14,30,1
6440,1.572266,3305,13,14,30,1
6441,1.572510,3305,13,14,30,1
6442,1.572754,3305,13,14,30,1
6443,1.572998,3305,13,14,30,1
6444,1.573242,3305,13,14,30,1
6445,1.573486,3305,13,14,30,1
6446,1.573730,3305,13,14,30,1
6447,1.573975,3305,13,14,30,1
6448,1.574219,3305,13,14,30,1
6449,1.574463,3305,13,14,30,1
6450,1.574707,3305,13,14,30,1
6451,1.574951,3305,13,14,30,1
6452,1.575195,3305,13,14,30,1
6453,1.575439,3305,13,14,30,1
6454,1.575684,3305,13,14,30,1
6455,1.575928,3305,13,14,30,1
6456,1.576172,3305,13,14,30,1
6457,1.576416,3305,13,14,30,1
6458,1.576660,3305,13,14,30,1
6459,1.576904,3305,13,14,30,1
6460,1.577148,3305,13,14,30,1
6461,1.577393,3305,13,14,30,1
6462,1.577637,3305,13,14,30,1
6463,1.577881,3305,13,14,30,1
6464,1.578125,3305,13,14,30,1
6465,1.578369,3305,13,14,30,1
6466,1.578613,3305,13,14,30,1
6467,1.578857,3305,13,14,30,1
6468,1.579102,3305,13,14,30,1
6469,1.579346,3305,13,14,30,1
6470,1.579590,3305,13,14,30,1
6471,1.579834,3305,13,14,30,1
6472,1.580078,3305,13,14,30,1
6473,1.580322,3305,13,14,30,1
6474,1.580566,3305,13,14,30,1
6475,1.580811,3305,13,14,30,1
6476,1.581055,3305,13,14,30,1
6477,1.581299,3305,13,14,30,1
6478,1.581543,3305,13,14,30,1
6479,1.581787,3305,13,14,30,1
6480,1.582031,3305,13,14,30,1
6481,1.582275,3305,13,14,30,1
6482,1.582520,3305,13,14,30,1
6483,1.582764,3305,13,14,30,1
6484,1.583008,3305,13,14,30,1
6485,1.583252,3305,13,14,30,1
6486,1.583496,3305,13,14,30,1
6487,1.583740,3305,13,14,30,1
6488,1.583984,3305,13,14,30,1
6489,1.584229,3305,13,14,30,1
6490,1.584473,3305,13,14,30,1
6491,1.584717,3305,13,14,30,1
6492,1.584961,3305,13,14,30,1
6493,1.585205,3305,13,14,30,1
6494,1.585449,3305,13,14,30,1
6495,1.585693,3305,13,14,30,1
6496,1.585938,3305,13,14,30,1
6497,1.586182,3305,13,14,30,1
6498,1.586426,3305,13,14,30,1
6499,1.586670,3305,13,14,30,1
6500,1.586914,3305,13,14,30,1
6501,1.587158,3305,13,14,30,1
6502,1.587402,3305,13,14,30,1
6503,1.587646,3305,13,14,30,1
6504,1.587891,3305,13,14,30,1
6505,1.588135,3305,13,14,30,1
6506,1.588379,3305,13,14,30,1
6507,1.588623,3305,13,14,30,1
6508,1.588867,3305,13,14,30,1
6509,1.589111,3305,13,14,30,1
6510,1.589355,3305,13,14,30,1
6511,1.589600,3305,13,14,30,1
6512,1.589844,3305,13,14,30,1
6513,1.590088,3305,13,14,30,1
6514,1.590332,3305,13,14,30,1
6515,1.590576,3305,13,14,30,1
6516,1.590820,3305,13,14,30,1
6517,1.591064,3305,13,14,30,1
6518,1.591309,3305,13,14,30,1
6519,1.591553,3305,13,14,30,1
6520,1.591797,3305,13,14,30,1
6521,1.592041,3305,13,14,30,1
6522,1.592285,3305,13,14,30,1
6523,1.592529,3305,13,14,30,1
6524,1.592773,3305,13,14,30,1
6525,1.593018,3305,13,14,30,1
6526,1.593262,3305,13,14,30,1
6527,1.593506,3305,13,14,30,1
6528,1.593750,3305,13,14,30,1
6529,1.593994,3305,13,14,30,1
6530,1.594238,3305,13,14,30,1
6531,1.594482,3305,13,14,30,1
6532,1.594727,3305,13,14,30,1
6533,1.594971,3305,13,14,30,1
6534,1.595215,3305,13,14,30,1
6535,1.595459,3305,13,14,30,1
6536,1.595703,3305,13,14,30,1
6537,1.595947,3305,13,14,30,1
6538,1.596191,3305,13,14,30,1
6539,1.596436,3305,13,14,30,1
6540,1.596680,3305,13,14,30,1
6541,1.596924,3305,13,14,30,1
6542,1.597168,3305,13,14,30,1
6543,1.597412,3305,13,14,30,1
6544,1.597656,3305,13,14,30,1
6545,1.597900,3305,13,14,30,1
6546,1.598145,3305,13,14,30,1
6547,1.598389,3305,13,14,30,1
6548,1.598633,3305,13,14,30,1
6549,1.598877,3305,13,14,30,1
6550,1.599121,3305,13,14,30,1
6551,1.599365,3305,13,14,30,1
6552,1.599609,3305,13,14,30,1
6553,1.599854,3305,13,14,30,1
6554,1.600098,3305,13,14,30,1
6555,1.600342,3305,13,14,30,1
6556,1.600586,3305,13,14,30,1
6557,1.600830,3305,13,14,30,1
6558,1.601074,3305,13,14,30,1
6559,1.601318,3305,13,14,30,1
6560,1.601562,3305,13,14,30,1
6561,1.601807,3305,13,14,30,1
6562,1.602051,3305,13,14,30,1
6563,1.602295,3305,13,14,30,1
6564,1.602539,3305,13,14,30,1
6565,1.602783,3305,13,14,30,1
6566,1.603027,3305,13,14,30,1
6567,1.603271,3305,13,14,30,1
6568,1.603516,3305,13,14,30,1
6569,1.603760,3305,13,14,30,1
6570,1.604004,3305,13,14,30,1
6571,1.604248,3305,13,14,30,1
6572,1.604492,3305,13,14,30,1
6573,1.604736,3305,13,14,30,1
6574,1.604980,3305,13,14,30,1
6575,1.605225,3305,13,14,30,1
6576,1.605469,3305,13,14,30,1
6577,1.605713,3305,13,14,30,1
6578,1.605957,3305,13,14,30,1
6579,1.606201,3305,13,14,30,1
6580,1.606445,3305,13,14,30,1
6581,1.606689,3305,13,14,30,1
6582,1.606934,3305,13,14,30,1
6583,1.607178,3305,13,14,30,1
6584,1.607422,3305,13,14,30,1
6585,1.607666,3305,13,14,30,1
6586,1.607910,3305,13,14,30,1
6587,1.608154,3305,13,14,30,1
6588,1.608398,3305,13,14,30,1
6589,1.608643,3305,13,14,30,1
6590,1.608887,3305,13,14,30,1
6591,1.609131,3305,13,14,30,1
6592,1.609375,3305,13,14,30,1
6593,1.609619,3305,13,14,30,1
6594,1.609863,3305,13,14,30,1
6595,1.610107,3305,13,14,30,1
6596,1.610352,3305,13,14,30,1
6597,1.610596,3305,13,14,30,1
6598,1.610840,3305,13,14,30,1
6599,1.611084,3305,13,14,30,1
6600,1.611328,3305,13,14,30,1
6601,1.611572,3305,13,14,30,1
6602,1.611816,3305,13,14,30,1
6603,1.612061,3305,13,14,30,1
6604,1.612305,3305,13,14,30,1
6605,1.612549,3305,13,14,30,1
6606,1.612793,3305,13,14,30,1
6607,1.613037,3305,13,14,30,1
6608,1.613281,3305,13,14,30,1
6609,1.613525,3305,13,14,30,1
6610,1.613770,3305,13,14,30,1
6611,1.614014,3305,13,14,30,1
6612,1.614258,3305,13,14,30,1
6613,1.614502,3305,13,14,30,1
6614,1.614746,3305,13,14,30,1
6615,1.614990,3305,13,14,30,1
6616,1.615234,3305,13,14,30,1
6617,1.615479,3305,13,14,30,1
6618,1.615723,3305,13,14,30,1
6619,1.615967,3305,13,14,30,1
6620,1.616211,3305,13,14,30,1
6621,1.616455,3305,13,14,30,1
6622,1.616699,3305,13,14,30,1
6623,1.616943,3305,13,14,30,1
6624,1.617188,3305,13,14,30,1
6625,1.617432,3305,13,14,30,1
6626,1.617676,3305,13,14,30,1
6627,1.617920,3305,13,14,30,1
6628,1.618164,3305,13,14,30,1
6629,1.618408,3305,13,14,30,1
6630,1.618652,3305,13,14,30,1
6631,1.618896,3305,13,14,30,1
6632,1.619141,3305,13,14,30,1
6633,1.619385,3305,13,14,30,1
6634,1.619629,3305,13,14,30,1
6635,1.619873,3305,13,14,30,1
6636,1.620117,3305,13,14,30,1
6637,1.620361,3305,13,14,30,1
6638,1.620605,3305,13,14,30,1
6639,1.620850,3305,13,14,30,1
6640,1.621094,3305,13,14,30,1
6641,1.621338,3305,13,14,30,1
6642,1.621582,3305,13,14,30,1
6643,1.621826,3305,13,14,30,1
6644,1.622070,3305,13,14,30,1
6645,1.622314,3305,13,14,30,1
6646,1.622559,3305,13,14,30,1
6647,1.622803,3305,13,14,30,1
6648,1.623047,3305,13,14,30,1
6649,1.623291,3305,13,14,30,1
6650,1.623535,3305,13,14,30,1
6651,1.623779,3305,13,14,30,1
6652,1.624023,3305,13,14,30,1
6653,1.624268,3305,13,14,30,1
6654,1.624512,3305,13,14,30,1
6655,1.624756,3305,13,14,30,1
6656,1.625000,3305,13,14,30,1
6657,1.625244,3305,13,14,30,1
6658,1.625488,3305,13,14,30,1
6659,1.625732,3305,13,14,30,1
6660,1.625977,3305,13,14,30,1
6661,1.626221,3305,13,14,30,1
6662,1.626465,3305,13,14,30,1
6663,1.626709,3305,13,14,30,1
6664,1.626953,3305,13,14,30,1
6665,1.627197,3305,13,14,30,1
6666,1.627441,3305,13,14,30,1
6667,1.627686,3305,13,14,30,1
6668,1.627930,3305,13,14,30,1
6669,1.628174,3305,13,14,30,1
6670,1.628418,3305,13,14,30,1
6671,1.628662,3305,13,14,30,1
6672,1.628906,3305,13,14,30,1
6673,1.629150,3305,13,14,30,1
6674,1.629395,3305,13,14,30,1
6675,1.629639,3305,13,14,30,1
6676,1.629883,3305,13,14,30,1
6677,1.630127,3305,13,14,30,1
6678,1.630371,3305,13,14,30,1
6679,1.630615,3305,13,14,30,1
6680,1.630859,3305,13,14,30,1
6681,1.631104,3305,13,14,30,1
6682,1.631348,3305,13,14,30,1
6683,1.631592,3305,13,14,30,1
6684,1.631836,3305,13,14,30,1
6685,1.632080,3305,13,14,30,1
6686,1.632324,3305,13,14,30,1
6687,1.632568,3305,13,14,30,1
6688,1.632812,3305,13,14,30,1
6689,1.633057,3305,13,14,30,1
6690,1.633301,3305,13,14,30,1
6691,1.633545,3305,13,14,30,1
6692,1.633789,3305,13,14,30,1
6693,1.634033,3305,13,14,30,1
6694,1.634277,3305,13,14,30,1
6695,1.634521,3305,13,14,30,1
6696,1.634766,3305,13,14,30,1
6697,1.635010,3305,13,14,30,1
6698,1.635254,3305,13,14,30,1
6699,1.635498,3305,13,14,30,1
6700,1.635742,3305,13,14,30,1
6701,1.635986,3305,13,14,30,1
6702,1.636230,3305,13,14,30,1
6703,1.636475,3305,13,14,30,1
6704,1.636719,3305,13,14,30,1
6705,1.636963,3305,13,14,30,1
6706,1.637207,3305,13,14,30,1
6707,1.637451,3305,13,14,30,1
6708,1.637695,3305,13,14,30,1
6709,1.637939,3305,13,14,30,1
6710,1.638184,3305,13,14,30,1
6711,1.638428,3305,13,14,30,1
6712,1.638672,3305,13,14,30,1
6713,1.638916,3305,13,14,30,1
6714,1.639160,3305,13,14,30,1
6715,1.639404,3305,13,14,30,1
6716,1.639648,3305,13,14,30,1
6717,1.639893,3305,13,14,30,1
6718,1.640137,3305,13,14,30,1
6719,1.640381,3305,13,14,30,1
6720,1.640625,3305,13,14,30,1
6721,1.640869,3305,13,14,30,1
6722,1.641113,3305,13,14,30,1
6723,1.641357,3305,13,14,30,1
6724,1.641602,3305,13,14,30,1
6725,1.641846,3305,13,14,30,1
6726,1.642090,3305,13,14,30,1
6727,1.642334,3305,13,14,30,1
6728,1.642578,3305,13,14,30,1
6729,1.642822,3305,13,14,30,1
6730,1.643066,3305,13,14,30,1
6731,1.643311,3305,13,14,30,1
6732,1.643555,3305,13,14,30,1
6733,1.643799,3305,13,14,30,1
6734,1.644043,3305,13,14,30,1
6735,1.644287,3305,13,14,30,1
6736,1.644531,3305,13,14,30,1
6737,1.644775,3305,13,14,30,1
6738,1.645020,3305,13,14,30,1
6739,1.645264,3305,13,14,30,1
6740,1.645508,3305,13,14,30,1
6741,1.645752,3305,13,14,30,1
6742,1.645996,3305,13,14,30,1
6743,1.646240,3305,13,14,30,1
6744,1.646484,3305,13,14,30,1
6745,1.646729,3305,13,14,30,1
6746,1.646973,3305,13,14,30,1
6747,1.647217,3305,13,14,30,1
6748,1.647461,3305,13,14,30,1
6749,1.647705,3305,13,14,30,1
6750,1.647949,3305,13,14,30,1
6751,1.648193,3305,13,14,30,1
6752,1.648438,3305,13,14,30,1
6753,1.648682,3305,13,14,30,1
6754,1.648926,3305,13,14,30,1
6755,1.649170,3305,13,14,30,1
6756,1.649414,3305,13,14,30,1
6757,1.649658,3305,13,14,30,1
6758,1.649902,3305,13,14,30,1
6759,1.650146,3305,13,14,30,1
6760,1.650391,3305,13,14,30,1
6761,1.650635,3305,13,14,30,1
6762,1.650879,3305,13,14,30,1
6763,1.651123,3305,13,14,30,1
6764,1.651367,3305,13,14,30,1
6765,1.651611,3305,13,14,30,1
6766,1.651855,3305,13,14,30,1
6767,1.652100,3305,13,14,30,1
6768,1.652344,3305,13,14,30,1
6769,1.652588,3305,13,14,30,1
6770,1.652832,3305,13,14,30,1
6771,1.653076,3305,13,14,30,1
6772,1.653320,3305,13,14,30,1
6773,1.653564,3305,13,14,30,1
6774,1.653809,3305,13,14,30,1
6775,1.654053,3305,13,14,30,1
6776,1.654297,3305,13,14,30,1
6777,1.654541,3305,13,14,30,1
6778,1.654785,3305,13,14,30,1
6779,1.655029,3305,13,14,30,1
6780,1.655273,3305,13,14,30,1
6781,1.655518,3305,13,14,30,1
6782,1.655762,3305,13,14,30,1
6783,1.656006,3305,13,14,30,1
6784,1.656250,3305,13,14,30,1
6785,1.656494,3305,13,14,30,1
6786,1.656738,3305,13,14,30,1
6787,1.656982,3305,13,14,30,1
6788,1.657227,3305,13,14,30,1
6789,1.657471,3305,13,14,30,1
6790,1.657715,3305,13,14,30,1
6791,1.657959,3305,13,14,30,1
6792,1.658203,3305,13,14,30,1
6793,1.658447,3305,13,14,30,1
6794,1.658691,3305,13,14,30,1
6795,1.658936,3305,13,14,30,1
6796,1.659180,3305,13,14,30,1
6797,1.659424,3305,13,14,30,1
6798,1.659668,3305,13,14,30,1
6799,1.659912,3305,13,14,30,1
6800,1.660156,3305,13,14,30,1
6801,1.660400,3305,13,14,30,1
6802,1.660645,3305,13,14,30,1
6803,1.660889,3305,13,14,30,1
6804,1.661133,3305,13,14,30,1
6805,1.661377,3305,13,14,30,1
6806,1.661621,3305,13,14,30,1
6807,1.661865,3305,13,14,30,1
6808,1.662109,3305,13,14,30,1
6809,1.662354,3305,13,14,30,1
6810,1.662598,3305,13,14,30,1
6811,1.662842,3305,13,14,30,1
6812,1.663086,3305,13,14,30,1
6813,1.663330,3305,13,14,30,1
6814,1.663574,3305,13,14,30,1
6815,1.663818,3305,13,14,30,1
6816,1.664062,3305,13,14,30,1
6817,1.664307,3305,13,14,30,1
6818,1.664551,3305,13,14,30,1
6819,1.664795,3305,13,14,30,1
6820,1.665039,3305,13,14,30,1
6821,1.665283,3305,13,14,30,1
6822,1.665527,3305,13,14,30,1
6823,1.665771,3305,13,14,30,1
6824,1.666016,3305,13,14,30,1
6825,1.666260,3305,13,14,30,1
6826,1.666504,3305,13,14,30,1
6827,1.666748,3305,13,14,30,1
6828,1.666992,3305,13,14,30,1
6829,1.667236,3305,13,14,30,1
6830,1.667480,3305,13,14,30,1
6831,1.667725,3305,13,14,30,1
6832,1.667969,3305,13,14,30,1
6833,1.668213,3305,13,14,30,1
6834,1.668457,3305,13,14,30,1
6835,1.668701,3305,13,14,30,1
6836,1.668945,3305,13,14,30,1
6837,1.669189,3305,13,14,30,1
6838,1.669434,3305,13,14,30,1
6839,1.669678,3305,13,14,30,1
6840,1.669922,3305,13,14,30,1
6841,1.670166,3305,13,14,30,1
6842,1.670410,3305,13,14,30,1
6843,1.670654,3305,13,14,30,1
6844,1.670898,3305,13,14,30,1
6845,1.671143,3305,13,14,30,1
6846,1.671387,3305,13,14,30,1
6847,1.671631,3305,13,14,30,1
6848,1.671875,3305,13,14,30,1
6849,1.672119,3305,13,14,30,1
6850,1.672363,3305,13,14,30,1
6851,1.672607,3305,13,14,30,1
6852,1.672852,3305,13,14,30,1
6853,1.673096,3305,13,14,30,1
6854,1.673340,3305,13,14,30,1
6855,1.673584,3305,13,14,30,1
6856,1.673828,3305,13,14,30,1
6857,1.674072,3305,13,14,30,1
6858,1.674316,3305,13,14,30,1
6859,1.674561,3305,13,14,30,1
6860,1.674805,3305,13,14,30,1
6861,1.675049,3305,13,14,30,1
6862,1.675293,3305,13,14,30,1
6863,1.675537,3305,13,14,30,1
6864,1.675781,3305,13,14,30,1
6865,1.676025,3305,13,14,30,1
6866,1.676270,3305,13,14,30,1
6867,1.676514,3305,13,14,30,1
6868,1.676758,3305,13,14,30,1
6869,1.677002,3305,13,14,30,1
6870,1.677246,3305,13,14,30,1
6871,1.677490,3305,13,14,30,1
6872,1.677734,3305,13,14,30,1
6873,1.677979,3305,13,14,30,1
6874,1.678223,3305,13,14,30,1
6875,1.678467,3305,13,14,30,1
6876,1.678711,3305,13,14,30,1
6877,1.678955,3305,13,14,30,1
6878,1.679199,3305,13,14,30,1
6879,1.679443,3305,13,14,30,1
6880,1.679688,3305,13,14,30,1
6881,1.679932,3305,13,14,30,1
6882,1.680176,3305,13,14,30,1
6883,1.680420,3305,13,14,30,1
6884,1.680664,3305,13,14,30,1
6885,1.680908,3305,13,14,30,1
6886,1.681152,3305,13,14,30,1
6887,1.681396,3305,13,14,30,1
6888,1.681641,3305,13,14,30,1
6889,1.681885,3305,13,14,30,1
6890,1.682129,3305,13,14,30,1
6891,1.682373,3305,13,14,30,1
6892,1.682617,3305,13,14,30,1
6893,1.682861,3305,13,14,30,1
6894,1.683105,3305,13,14,30,1
6895,1.683350,3305,13,14,30,1
6896,1.683594,3305,13,14,30,1
6897,1.683838,3305,13,14,30,1
6898,1.684082,3305,13,14,30,1
6899,1.684326,3305,13,14,30,1
6900,1.684570,3305,13,14,30,1
6901,1.684814,3305,13,14,30,1
6902,1.685059,3305,13,14,30,1
6903,1.685303,3305,13,14,30,1
6904,1.685547,3305,13,14,30,1
6905,1.685791,3305,13,14,30,1
6906,1.686035,3305,13,14,30,1
6907,1.686279,3305,13,14,30,1
6908,1.686523,3305,13,14,30,1
6909,1.686768,3305,13,14,30,1
6910,1.687012,3305,13,14,30,1
6911,1.687256,3305,13,14,30,1
6912,1.687500,3305,13,14,30,1
6913,1.687744,3305,13,14,30,1
6914,1.687988,3305,13,14,30,1
6915,1.688232,3305,13,14,30,1
6916,1.688477,3305,13,14,30,1
6917,1.688721,3305,13,14,30,1
6918,1.688965,3305,13,14,30,1
6919,1.689209,3305,13,14,30,1
6920,1.689453,3305,13,14,30,1
6921,1.689697,3305,13,14,30,1
6922,1.689941,3305,13,14,30,1
6923,1.690186,3305,13,14,30,1
6924,1.690430,3305,13,14,30,1
6925,1.690674,3305,13,14,30,1
6926,1.690918,3305,13,14,30,1
6927,1.691162,3305,13,14,30,1
6928,1.691406,3305,13,14,30,1
6929,1.691650,3305,13,14,30,1
6930,1.691895,3305,13,14,30,1
6931,1.692139,3305,13,14,30,1
6932,1.692383,3305,13,14,30,1
6933,1.692627,3305,13,14,30,1
6934,1.692871,3305,13,14,30,1
6935,1.693115,3305,13,14,30,1
6936,1.693359,3305,13,14,30,1
6937,1.693604,3305,13,14,30,1
6938,1.693848,3305,13,14,30,1
6939,1.694092,3305,13,14,30,1
6940,1.694336,3305,13,14,30,1
6941,1.694580,3305,13,14,30,1
6942,1.694824,3305,13,14,30,1
6943,1.695068,3305,13,14,30,1
6944,1.695312,3305,13,14,30,1
6945,1.695557,3305,13,14,30,1
6946,1.695801,3305,13,14,30,1
6947,1.696045,3305,13,14,30,1
6948,1.696289,3305,13,14,30,1
6949,1.696533,3305,13,14,30,1
6950,1.696777,3305,13,14,30,1
6951,1.697021,3305,13,14,30,1
6952,1.697266,3305,13,14,30,1
6953,1.697510,3305,13,14,30,1
6954,1.697754,3305,13,14,30,1
6955,1.697998,3305,13,14,30,1
6956,1.698242,3305,13,14,30,1
6957,1.698486,3305,13,14,30,1
6958,1.698730,3305,13,14,30,1
6959,1.698975,3305,13,14,30,1
6960,1.699219,3305,13,14,30,1
6961,1.699463,3305,13,14,30,1
6962,1.699707,3305,13,14,30,1
6963,1.699951,3305,13,14,30,1
6964,1.700195,3305,13,14,30,1
6965,1.700439,3305,13,14,30,1
6966,1.700684,3305,13,14,30,1
6967,1.700928,3305,13,14,30,1
6968,1.701172,3305,13,14,30,1
6969,1.701416,3305,13,14,30,1
6970,1.701660,3305,13,14,30,1
6971,1.701904,3305,13,14,30,1
6972,1.702148,3305,13,14,30,1
6973,1.702393,3305,13,14,30,1
6974,1.702637,3305,13,14,30,1
6975,1.702881,3305,13,14,30,1
6976,1.703125,3305,13,14,30,1
6977,1.703369,3305,13,14,30,1
6978,1.703613,3305,13,14,30,1
6979,1.703857,3305,13,14,30,1
6980,1.704102,3305,13,14,30,1
6981,1.704346,3305,13,14,30,1
6982,1.704590,3305,13,14,30,1
6983,1.704834,3305,13,14,30,1
6984,1.705078,3305,13,14,30,1
6985,1.705322,3305,13,14,30,1
6986,1.705566,3305,13,14,30,1
6987,1.705811,3305,13,14,30,1
6988,1.706055,3305,13,14,30,1
6989,1.706299,3305,13,14,30,1
6990,1.706543,3305,13,14,30,1
6991,1.706787,3305,13,14,30,1
6992,1.707031,3305,13,14,30,1
6993,1.707275,3305,13,14,30,1
6994,1.707520,3305,13,14,30,1
6995,1.707764,3305,13,14,30,1
6996,1.708008,3305,13,14,30,1
6997,1.708252,3305,13,14,30,1
6998,1.708496,3305,13,14,30,1
6999,1.708740,3305,13,14,30,1
7000,1.708984,3305,13,14,30,1
7001,1.709229,3305,13,14,30,1
7002,1.709473,3305,13,14,30,1
7003,1.709717,3305,13,14,30,1
7004,1.709961,3305,13,14,30,1
7005,1.710205,3305,13,14,30,1
7006,1.710449,3305,13,14,30,1
7007,1.710693,3305,13,14,30,1
7008,1.710938,3305,13,14,30,1
7009,1.711182,3305,13,14,30,1
7010,1.711426,3305,13,14,30,1
7011,1.711670,3305,13,14,30,1
7012,1.711914,3305,13,14,30,1
7013,1.712158,3305,13,14,30,1
7014,1.712402,3305,13,14,30,1
7015,1.712646,3305,13,14,30,1
7016,1.712891,3305,13,14,30,1
7017,1.713135,3305,13,14,30,1
7018,1.713379,3305,13,14,30,1
7019,1.713623,3305,13,14,30,1
7020,1.713867,3305,13,14,30,1
7021,1.714111,3305,13,14,30,1
7022,1.714355,3305,13,14,30,1
7023,1.714600,3305,13,14,30,1
7024,1.714844,3305,13,14,30,1
7025,1.715088,3305,13,14,30,1
7026,1.715332,3305,13,14,30,1
7027,1.715576,3305,13,14,30,1
7028,1.715820,3305,13,14,30,1
7029,1.716064,3305,13,14,30,1
7030,1.716309,3305,13,14,30,1
7031,1.716553,3305,13,14,30,1
7032,1.716797,3305,13,14,30,1
7033,1.717041,3305,13,14,30,1
7034,1.717285,3305,13,14,30,1
7035,1.717529,3305,13,14,30,1
7036,1.717773,3305,13,14,30,1
7037,1.718018,3305,13,14,30,1
7038,1.718262,3305,13,14,30,1
7039,1.718506,3305,13,14,30,1
7040,1.718750,3305,13,14,30,1
7041,1.718994,3305,13,14,30,1
7042,1.719238,3305,13,14,30,1
7043,1.719482,3305,13,14,30,1
7044,1.719727,3305,13,14,30,1
7045,1.719971,3305,13,14,30,1
7046,1.720215,3305,13,14,30,1
7047,1.720459,3305,13,14,30,1
7048,1.720703,3305,13,14,30,1
7049,1.720947,3305,13,14,30,1
7050,1.721191,3305,13,14,30,1
7051,1.721436,3305,13,14,30,1
7052,1.721680,3305,13,14,30,1
7053,1.721924,3305,13,14,30,1
7054,1.722168,3305,13,14,30,1
7055,1.722412,3305,13,14,30,1
7056,1.722656,3305,13,14,30,1
7057,1.722900,3305,13,14,30,1
7058,1.723145,3305,13,14,30,1
7059,1.723389,3305,13,14,30,1
7060,1.723633,3305,13,14,30,1
7061,1.723877,3305,13,14,30,1
7062,1.724121,3305,13,14,30,1
7063,1.724365,3305,13,14,30,1
7064,1.724609,3305,13,14,30,1
7065,1.724854,3305,13,14,30,1
7066,1.725098,3305,13,14,30,1
7067,1.725342,3305,13,14,30,1
7068,1.725586,3305,13,14,30,1
7069,1.725830,3305,13,14,30,1
7070,1.726074,3305,13,14,30,1
7071,1.726318,3305,13,14,30,1
7072,1.726562,3305,13,14,30,1
7073,1.726807,3305,13,14,30,1
7074,1.727051,3305,13,14,30,1
7075,1.727295,3305,13,14,30,1
7076,1.727539,3305,13,14,30,1
7077,1.727783,3305,13,14,30,1
7078,1.728027,3305,13,14,30,1
7079,1.728271,3305,13,14,30,1
7080,1.728516,3305,13,14,30,1
7081,1.728760,3305,13,14,30,1
7082,1.729004,3305,13,14,30,1
7083,1.729248,3305,13,14,30,1
7084,1.729492,3305,13,14,30,1
7085,1.729736,3305,13,14,30,1
7086,1.729980,3305,13,14,30,1
7087,1.730225,3305,13,14,30,1
7088,1.730469,3305,13,14,30,1
7089,1.730713,3305,13,14,30,1
7090,1.730957,3305,13,14,30,1
7091,1.731201,3305,13,14,30,1
7092,1.731445,3305,13,14,30,1
7093,1.731689,3305,13,14,30,1
7094,1.731934,3305,13,14,30,1
7095,1.732178,3305,13,14,30,1
7096,1.732422,3305,13,14,30,1
7097,1.732666,3305,13,14,30,1
7098,1.732910,3305,13,14,30,1
7099,1.733154,3305,13,14,30,1
7100,1.733398,3305,13,14,30,1
7101,1.733643,3305,13,14,30,1
7102,1.733887,3305,13,14,30,1
7103,1.734131,3305,13,14,30,1
7104,1.734375,3305,13,14,30,1
7105,1.734619,3305,13,14,30,1
7106,1.734863,3305,13,14,30,1
7107,1.735107,3305,13,14,30,1
7108,1.735352,3305,13,14,30,1
7109,1.735596,3305,13,14,30,1
7110,1.735840,3305,13,14,30,1
7111,1.736084,3305,13,14,30,1
7112,1.736328,3305,13,14,30,1
7113,1.736572,3305,13,14,30,1
7114,1.736816,3305,13,14,30,1
7115,1.737061,3305,13,14,30,1
7116,1.737305,3305,13,14,30,1
7117,1.737549,3305,13,14,30,1
7118,1.737793,3305,13,14,30,1
7119,1.738037,3305,13,14,30,1
7120,1.738281,3305,13,14,30,1
7121,1.738525,3305,13,14,30,1
7122,1.738770,3305,13,14,30,1
7123,1.739014,3305,13,14,30,1
7124,1.739258,3305,13,14,30,1
7125,1.739502,3305,13,14,30,1
7126,1.739746,3305,13,14,30,1
7127,1.739990,3305,13,14,30,1
7128,1.740234,3305,13,14,30,1
7129,1.740479,3305,13,14,30,1
7130,1.740723,3305,13,14,30,1
7131,1.740967,3305,13,14,30,1
7132,1.741211,3305,13,14,30,1
7133,1.741455,3305,13,14,30,1
7134,1.741699,3305,13,14,30,1
7135,1.741943,3305,13,14,30,1
7136,1.742188,3305,13,14,30,1
7137,1.742432,3305,13,14,30,1
7138,1.742676,3305,13,14,30,1
7139,1.742920,3305,13,14,30,1
7140,1.743164,3305,13,14,30,1
7141,1.743408,3305,13,14,30,1
7142,1.743652,3305,13,14,30,1
7143,1.743896,3305,13,14,30,1
7144,1.744141,3305,13,14,30,1
7145,1.744385,3305,13,14,30,1
7146,1.744629,3305,13,14,30,1
7147,1.744873,3305,13,14,30,1
7148,1.745117,3305,13,14,30,1
7149,1.745361,3305,13,14,30,1
7150,1.745605,3305,13,14,30,1
7151,1.745850,3305,13,14,30,1
7152,1.746094,3305,13,14,30,1
7153,1.746338,3305,13,14,30,1
7154,1.746582,3305,13,14,30,1
7155,1.746826,3305,13,14,30,1
7156,1.747070,3305,13,14,30,1
7157,1.747314,3305,13,14,30,1
7158,1.747559,3305,13,14,30,1
7159,1.747803,3305,13,14,30,1
7160,1.748047,3305,13,14,30,1
7161,1.748291,3305,13,14,30,1
7162,1.748535,3305,13,14,30,1
7163,1.748779,3305,13,14,30,1
7164,1.749023,3305,13,14,30,1
7165,1.749268,3305,13,14,30,1
7166,1.749512,3305,13,14,30,1
7167,1.749756,3305,13,14,30,1
7168,1.750000,3305,13,14,30,1
7169,1.750244,3305,13,14,30,1
7170,1.750488,3305,13,14,30,1
7171,1.750732,3305,13,14,30,1
7172,1.750977,3305,13,14,30,1
7173,1.751221,3305,13,14,30,1
7174,1.751465,3305,13,14,30,1
7175,1.751709,3305,13,14,30,1
7176,1.751953,3305,13,14,30,1
7177,1.752197,3305,13,14,30,1
7178,1.752441,3305,13,14,30,1
7179,1.752686,3305,13,14,30,1
7180,1.752930,3305,13,14,30,1
7181,1.753174,3305,13,14,30,1
7182,1.753418,3305,13,14,30,1
7183,1.753662,3305,13,14,30,1
7184,1.753906,3305,13,14,30,1
7185,1.754150,3305,13,14,30,1
7186,1.754395,3305,13,14,30,1
7187,1.754639,3305,13,14,30,1
7188,1.754883,3305,13,14,30,1
7189,1.755127,3305,13,14,30,1
7190,1.755371,3305,13,14,30,1
7191,1.755615,3305,13,14,30,1
7192,1.755859,3305,13,14,30,1
7193,1.756104,3305,13,14,30,1
7194,1.756348,3305,13,14,30,1
7195,1.756592,3305,13,14,30,1
7196,1.756836,3305,13,14,30,1
7197,1.757080,3305,13,14,30,1
7198,1.757324,3305,13,14,30,1
7199,1.757568,3305,13,14,30,1
7200,1.757812,3305,13,14,30,1
7201,1.758057,3305,13,14,30,1
7202,1.758301,3305,13,14,30,1
7203,1.758545,3305,13,14,30,1
7204,1.758789,3305,13,14,30,1
7205,1.759033,3305,13,14,30,1
7206,1.759277,3305,13,14,30,1
7207,1.759521,3305,13,14,30,1
7208,1.759766,3305,13,14,30,1
7209,1.760010,3305,13,14,30,1
7210,1.760254,3305,13,14,30,1
7211,1.760498,3305,13,14,30,1
7212,1.760742,3305,13,14,30,1
7213,1.760986,3305,13,14,30,1
7214,1.761230,3305,13,14,30,1
7215,1.761475,3305,13,14,30,1
7216,1.761719,3305,13,14,30,1
7217,1.761963,3305,13,14,30,1
7218,1.762207,3305,13,14,30,1
7219,1.762451,3305,13,14,30,1
7220,1.762695,3305,13,14,30,1
7221,1.762939,3305,13,14,30,1
7222,1.763184,3305,13,14,30,1
7223,1.763428,3305,13,14,30,1
7224,1.763672,3305,13,14,30,1
7225,1.763916,3305,13,14,30,1
7226,1.764160,3305,13,14,30,1
7227,1.764404,3305,13,14,30,1
7228,1.764648,3305,13,14,30,1
7229,1.764893,3305,13,14,30,1
7230,1.765137,3305,13,14,30,1
7231,1.765381,3305,13,14,30,1
7232,1.765625,3305,13,14,30,1
7233,1.765869,3305,13,14,30,1
7234,1.766113,3305,13,14,30,1
7235,1.766357,3305,13,14,30,1
7236,1.766602,3305,13,14,30,1
7237,1.766846,3305,13,14,30,1
7238,1.767090,3305,13,14,30,1
7239,1.767334,3305,13,14,30,1
7240,1.767578,3305,13,14,30,1
7241,1.767822,3305,13,14,30,1
7242,1.768066,3305,13,14,30,1
7243,1.768311,3305,13,14,30,1
7244,1.768555,3305,13,14,30,1
7245,1.768799,3305,13,14,30,1
7246,1.769043,3305,13,14,30,1
7247,1.769287,3305,13,14,30,1
7248,1.769531,3305,13,14,30,1
7249,1.769775,3305,13,14,30,1
7250,1.770020,3305,13,14,30,1
7251,1.770264,3305,13,14,30,1
7252,1.770508,3305,13,14,30,1
7253,1.770752,3305,13,14,30,1
7254,1.770996,3305,13,14,30,1
7255,1.771240,3305,13,14,30,1
7256,1.771484,3305,13,14,30,1
7257,1.771729,3305,13,14,30,1
7258,1.771973,3305,13,14,30,1
7259,1.772217,3305,13,14,30,1
7260,1.772461,3305,13,14,30,1
7261,1.772705,3305,13,14,30,1
7262,1.772949,3305,13,14,30,1
7263,1.773193,3305,13,14,30,1
7264,1.773438,3305,13,14,30,1
7265,1.773682,3305,13,14,30,1
7266,1.773926,3305,13,14,30,1
7267,1.774170,3305,13,14,30,1
7268,1.774414,3305,13,14,30,1
7269,1.774658,3305,13,14,30,1
7270,1.774902,3305,13,14,30,1
7271,1.775146,3305,13,14,30,1
7272,1.775391,3305,13,14,30,1
7273,1.775635,3305,13,14,30,1
7274,1.775879,3305,13,14,30,1
7275,1.776123,3305,13,14,30,1
7276,1.776367,3305,13,14,30,1
7277,1.776611,3305,13,14,30,1
7278,1.776855,3305,13,14,30,1
7279,1.777100,3305,13,14,30,1
7280,1.777344,3305,13,14,30,1
7281,1.777588,3305,13,14,30,1
7282,1.777832,3305,13,14,30,1
7283,1.778076,3305,13,14,30,1
7284,1.778320,3305,13,14,30,1
7285,1.778564,3305,13,14,30,1
7286,1.778809,3305,13,14,30,1
7287,1.779053,3305,13,14,30,1
7288,1.779297,3305,13,14,30,1
7289,1.779541,3305,13,14,30,1
7290,1.779785,3305,13,14,30,1
7291,1.780029,3305,13,14,30,1
7292,1.780273,3305,13,14,30,1
7293,1.780518,3305,13,14,30,1
7294,1.780762,3305,13,14,30,1
7295,1.781006,3305,13,14,30,1
7296,1.781250,3305,13,14,30,1
7297,1.781494,3305,13,14,30,1
7298,1.781738,3305,13,14,30,1
7299,1.781982,3305,13,14,30,1
7300,1.782227,3305,13,14,30,1
7301,1.782471,3305,13,14,30,1
7302,1.782715,3305,13,14,30,1
7303,1.782959,3305,13,14,30,1
7304,1.783203,3305,13,14,30,1
7305,1.783447,3305,13,14,30,1
7306,1.783691,3305,13,14,30,1
7307,1.783936,3305,13,14,30,1
7308,1.784180,3305,13,14,30,1
7309,1.784424,3305,13,14,30,1
7310,1.784668,3305,13,14,30,1
7311,1.784912,3305,13,14,30,1
7312,1.785156,3305,13,14,30,1
7313,1.785400,3305,13,14,30,1
7314,1.785645,3305,13,14,30,1
7315,1.785889,3305,13,14,30,1
7316,1.786133,3305,13,14,30,1
7317,1.786377,3305,13,14,30,1
7318,1.786621,3305,13,14,30,1
7319,1.786865,3305,13,14,30,1
7320,1.787109,3305,13,14,30,1
7321,1.787354,3305,13,14,30,1
7322,1.787598,3305,13,14,30,1
7323,1.787842,3305,13,14,30,1
7324,1.788086,3305,13,14,30,1
7325,1.788330,3305,13,14,30,1
7326,1.788574,3305,13,14,30,1
7327,1.788818,3305,13,14,30,1
7328,1.789062,3305,13,14,30,1
7329,1.789307,3305,13,14,30,1
7330,1.789551,3305,13,14,30,1
7331,1.789795,3305,13,14,30,1
7332,1.790039,3305,13,14,30,1
7333,1.790283,3305,13,14,30,1
7334,1.790527,3305,13,14,30,1
7335,1.790771,3305,13,14,30,1
7336,1.791016,3305,13,14,30,1
7337,1.791260,3305,13,14,30,1
7338,1.791504,3305,13,14,30,1
7339,1.791748,3305,13,14,30,1
7340,1.791992,3305,13,14,30,1
7341,1.792236,3305,13,14,30,1
7342,1.792480,3305,13,14,30,1
7343,1.792725,3305,13,14,30,1
7344,1.792969,3305,13,14,30,1
7345,1.793213,3305,13,14,30,1
7346,1.793457,3305,13,14,30,1
7347,1.793701,3305,13,14,30,1
7348,1.793945,3305,13,14,30,1
7349,1.794189,3305,13,14,30,1
7350,1.794434,3305,13,14,30,1
7351,1.794678,3305,13,14,30,1
7352,1.794922,3305,13,14,30,1
7353,1.795166,3305,13,14,30,1
7354,1.795410,3305,13,14,30,1
7355,1.795654,3305,13,14,30,1
7356,1.795898,3305,13,14,30,1
7357,1.796143,3305,13,14,30,1
7358,1.796387,3305,13,14,30,1
7359,1.796631,3305,13,14,30,1
7360,1.796875,3305,13,14,30,1
7361,1.797119,3305,13,14,30,1
7362,1.797363,3305,13,14,30,1
7363,1.797607,3305,13,14,30,1
7364,1.797852,3305,13,14,30,1
7365,1.798096,3305,13,14,30,1
7366,1.798340,3305,13,14,30,1
7367,1.798584,3305,13,14,30,1
7368,1.798828,3305,13,14,30,1
7369,1.799072,3305,13,14,30,1
7370,1.799316,3305,13,14,30,1
7371,1.799561,3305,13,14,30,1
7372,1.799805,3305,13,14,30,1
7373,1.800049,3305,13,14,30,1
7374,1.800293,3305,13,14,30,1
7375,1.800537,3305,13,14,30,1
7376,1.800781,3305,13,14,30,1
7377,1.801025,3305,13,14,30,1
7378,1.801270,3305,13,14,30,1
7379,1.801514,3305,13,14,30,1
7380,1.801758,3305,13,14,30,1
7381,1.802002,3305,13,14,30,1
7382,1.802246,3305,13,14,30,1
7383,1.802490,3305,13,14,30,1
7384,1.802734,3305,13,14,30,1
7385,1.802979,3305,13,14,30,1
7386,1.803223,3305,13,14,30,1
7387,1.803467,3305,13,14,30,1
7388,1.803711,3305,13,14,30,1
7389,1.803955,3305,13,14,30,1
7390,1.804199,3305,13,14,30,1
7391,1.804443,3305,13,14,30,1
7392,1.804688,3305,13,14,30,1
7393,1.804932,3305,13,14,30,1
7394,1.805176,3305,13,14,30,1
7395,1.805420,3305,13,14,30,1
7396,1.805664,3305,13,14,30,1
7397,1.805908,3305,13,14,30,1
7398,1.806152,3305,13,14,30,1
7399,1.806396,3305,13,14,30,1
7400,1.806641,3305,13,14,30,1
7401,1.806885,3305,13,14,30,1
7402,1.807129,3305,13,14,30,1
7403,1.807373,3305,13,14,30,1
7404,1.807617,3305,13,14,30,1
7405,1.807861,3305,13,14,30,1
7406,1.808105,3305,13,14,30,1
7407,1.808350,3305,13,14,30,1
7408,1.808594,3305,13,14,30,1
7409,1.808838,3305,13,14,30,1
7410,1.809082,3305,13,14,30,1
7411,1.809326,3305,13,14,30,1
7412,1.809570,3305,13,14,30,1
7413,1.809814,3305,13,14,30,1
7414,1.810059,3305,13,14,30,1
7415,1.810303,3305,13,14,30,1
7416,1.810547,3305,13,14,30,1
7417,1.810791,3305,13,14,30,1
7418,1.811035,3305,13,14,30,1
7419,1.811279,3305,13,14,30,1
7420,1.811523,3305,13,14,30,1
7421,1.811768,3305,13,14,30,1
7422,1.812012,3305,13,14,30,1
7423,1.812256,3305,13,14,30,1
7424,1.812500,3305,13,14,30,1
7425,1.812744,3305,13,14,30,1
7426,1.812988,3305,13,14,30,1
7427,1.813232,3305,13,14,30,1
7428,1.813477,3305,13,14,30,1
7429,1.813721,3305,13,14,30,1
7430,1.813965,3305,13,14,30,1
7431,1.814209,3305,13,14,30,1
7432,1.814453,3305,13,14,30,1
7433,1.814697,3305,13,14,30,1
7434,1.814941,3305,13,14,30,1
7435,1.815186,3305,13,14,30,1
7436,1.815430,3305,13,14,30,1
7437,1.815674,3305,13,14,30,1
7438,1.815918,3305,13,14,30,1
7439,1.816162,3305,13,14,30,1
7440,1.816406,3305,13,14,30,1
7441,1.816650,3305,13,14,30,1
7442,1.816895,3305,13,14,30,1
7443,1.817139,3305,13,14,30,1
7444,1.817383,3305,13,14,30,1
7445,1.817627,3305,13,14,30,1
7446,1.817871,3305,13,14,30,1
7447,1.818115,3305,13,14,30,1
7448,1.818359,3305,13,14,30,1
7449,1.818604,3305,13,14,30,1
7450,1.818848,3305,13,14,30,1
7451,1.819092,3305,13,14,30,1
7452,1.819336,3305,13,14,30,1
7453,1.819580,3305,13,14,30,1
7454,1.819824,3305,13,14,30,1
7455,1.820068,3305,13,14,30,1
7456,1.820312,3305,13,14,30,1
7457,1.820557,3305,13,14,30,1
7458,1.820801,3305,13,14,30,1
7459,1.821045,3305,13,14,30,1
7460,1.821289,3305,13,14,30,1
7461,1.821533,3305,13,14,30,1
7462,1.821777,3305,13,14,30,1
7463,1.822021,3305,13,14,30,1
7464,1.822266,3305,13,14,30,1
7465,1.822510,3305,13,14,30,1
7466,1.822754,3305,13,14,30,1
7467,1.822998,3305,13,14,30,1
7468,1.823242,3305,13,14,30,1
7469,1.823486,3305,13,14,30,1
7470,1.823730,3305,13,14,30,1
7471,1.823975,3305,13,14,30,1
7472,1.824219,3305,13,14,30,1
7473,1.824463,3305,13,14,30,1
7474,1.824707,3305,13,14,30,1
7475,1.824951,3305,13,14,30,1
7476,1.825195,3305,13,14,30,1
7477,1.825439,3305,13,14,30,1
7478,1.825684,3305,13,14,30,1
7479,1.825928,3305,13,14,30,1
7480,1.826172,3305,13,14,30,1
7481,1.826416,3305,13,14,30,1
7482,1.826660,3305,13,14,30,1
7483,1.826904,3305,13,14,30,1
7484,1.827148,3305,13,14,30,1
7485,1.827393,3305,13,14,30,1
7486,1.827637,3305,13,14,30,1
7487,1.827881,3305,13,14,30,1
7488,1.828125,3305,13,14,30,1
7489,1.828369,3305,13,14,30,1
7490,1.828613,3305,13,14,30,1
7491,1.828857,3305,13,14,30,1
7492,1.829102,3305,13,14,30,1
7493,1.829346,3305,13,14,30,1
7494,1.829590,3305,13,14,30,1
7495,1.829834,3305,13,14,30,1
7496,1.830078,3305,13,14,30,1
7497,1.830322,3305,13,14,30,1
7498,1.830566,3305,13,14,30,1
7499,1.830811,3305,13,14,30,1
7500,1.831055,3305,13,14,30,1
7501,1.831299,3305,13,14,30,1
7502,1.831543,3305,13,14,30,1
7503,1.831787,3305,13,14,30,1
7504,1.832031,3305,13,14,30,1
7505,1.832275,3305,13,14,30,1
7506,1.832520,3305,13,14,30,1
7507,1.832764,3305,13,14,30,1
7508,1.833008,3305,13,14,30,1
7509,1.833252,3305,13,14,30,1
7510,1.833496,3305,13,14,30,1
7511,1.833740,3305,13,14,30,1
7512,1.833984,3305,13,14,30,1
7513,1.834229,3305,13,14,30,1
7514,1.834473,3305,13,14,30,1
7515,1.834717,3305,13,14,30,1
7516,1.834961,3305,13,14,30,1
7517,1.835205,3305,13,14,30,1
7518,1.835449,3305,13,14,30,1
7519,1.835693,3305,13,14,30,1
7520,1.835938,3305,13,14,30,1
7521,1.836182,3305,13,14,30,1
7522,1.836426,3305,13,14,30,1
7523,1.836670,3305,13,14,30,1
7524,1.836914,3305,13,14,30,1
7525,1.837158,3305,13,14,30,1
7526,1.837402,3305,13,14,30,1
7527,1.837646,3305,13,14,30,1
7528,1.837891,3305,13,14,30,1
7529,1.838135,3305,13,14,30,1
7530,1.838379,3305,13,14,30,1
7531,1.838623,3305,13,14,30,1
7532,1.838867,3305,13,14,30,1
7533,1.839111,3305,13,14,30,1
7534,1.839355,3305,13,14,30,1
7535,1.839600,3305,13,14,30,1
7536,1.839844,3305,13,14,30,1
7537,1.840088,3305,13,14,30,1
7538,1.840332,3305,13,14,30,1
7539,1.840576,3305,13,14,30,1
7540,1.840820,3305,13,14,30,1
7541,1.841064,3305,13,14,30,1
7542,1.841309,3305,13,14,30,1
7543,1.841553,3305,13,14,30,1
7544,1.841797,3305,13,14,30,1
7545,1.842041,3305,13,14,30,1
7546,1.842285,3305,13,14,30,1
7547,1.842529,3305,13,14,30,1
7548,1.842773,3305,13,14,30,1
7549,1.843018,3305,13,14,30,1
7550,1.843262,3305,13,14,30,1
7551,1.843506,3305,13,14,30,1
7552,1.843750,3305,13,14,30,1
7553,1.843994,3305,13,14,30,1
7554,1.844238,3305,13,14,30,1
7555,1.844482,3305,13,14,30,1
7556,1.844727,3305,13,14,30,1
7557,1.844971,3305,13,14,30,1
7558,1.845215,3305,13,14,30,1
7559,1.845459,3305,13,14,30,1
7560,1.845703,3305,13,14,30,1
7561,1.845947,3305,13,14,30,1
7562,1.846191,3305,13,14,30,1
7563,1.846436,3305,13,14,30,1
7564,1.846680,3305,13,14,30,1
7565,1.846924,3305,13,14,30,1
7566,1.847168,3305,13,14,30,1
7567,1.847412,3305,13,14,30,1
7568,1.847656,3305,13,14,30,1
7569,1.847900,3305,13,14,30,1
7570,1.848145,3305,13,14,30,1
7571,1.848389,3305,13,14,30,1
7572,1.848633,3305,13,14,30,1
7573,1.848877,3305,13,14,30,1
7574,1.849121,3305,13,14,30,1
7575,1.849365,3305,13,14,30,1
7576,1.849609,3305,13,14,30,1
7577,1.849854,3305,13,14,30,1
7578,1.850098,3305,13,14,30,1
7579,1.850342,3305,13,14,30,1
7580,1.850586,3305,13,14,30,1
7581,1.850830,3305,13,14,30,1
7582,1.851074,3305,13,14,30,1
7583,1.851318,3305,13,14,30,1
7584,1.851562,3305,13,14,30,1
7585,1.851807,3305,13,14,30,1
7586,1.852051,3305,13,14,30,1
7587,1.852295,3305,13,14,30,1
7588,1.852539,3305,13,14,30,1
7589,1.852783,3305,13,14,30,1
7590,1.853027,3305,13,14,30,1
7591,1.853271,3305,13,14,30,1
7592,1.853516,3305,13,14,30,1
7593,1.853760,3305,13,14,30,1
7594,1.854004,3305,13,14,30,1
7595,1.854248,3305,13,14,30,1
7596,1.854492,3305,13,14,30,1
7597,1.854736,3305,13,14,30,1
7598,1.854980,3305,13,14,30,1
7599,1.855225,3305,13,14,30,1
7600,1.855469,3305,13,14,30,1
7601,1.855713,3305,13,14,30,1
7602,1.855957,3305,13,14,30,1
7603,1.856201,3305,13,14,30,1
7604,1.856445,3305,13,14,30,1
7605,1.856689,3305,13,14,30,1
7606,1.856934,3305,13,14,30,1
7607,1.857178,3305,13,14,30,1
7608,1.857422,3305,13,14,30,1
7609,1.857666,3305,13,14,30,1
7610,1.857910,3305,13,14,30,1
7611,1.858154,3305,13,14,30,1
7612,1.858398,3305,13,14,30,1
7613,1.858643,3305,13,14,30,1
7614,1.858887,3305,13,14,30,1
7615,1.859131,3305,13,14,30,1
7616,1.859375,3305,13,14,30,1
7617,1.859619,3305,13,14,30,1
7618,1.859863,3305,13,14,30,1
7619,1.860107,3305,13,14,30,1
7620,1.860352,3305,13,14,30,1
7621,1.860596,3305,13,14,30,1
7622,1.860840,3305,13,14,30,1
7623,1.861084,3305,13,14,30,1
7624,1.861328,3305,13,14,30,1
7625,1.861572,3305,13,14,30,1
7626,1.861816,3305,13,14,30,1
7627,1.862061,3305,13,14,30,1
7628,1.862305,3305,13,14,30,1
7629,1.862549,3305,13,14,30,1
7630,1.862793,3305,13,14,30,1
7631,1.863037,3305,13,14,30,1
7632,1.863281,3305,13,14,30,1
7633,1.863525,3305,13,14,30,1
7634,1.863770,3305,13,14,30,1
7635,1.864014,3305,13,14,30,1
7636,1.864258,3305,13,14,30,1
7637,1.864502,3305,13,14,30,1
7638,1.864746,3305,13,14,30,1
7639,1.864990,3305,13,14,30,1
7640,1.865234,3305,13,14,30,1
7641,1.865479,3305,13,14,30,1
7642,1.865723,3305,13,14,30,1
7643,1.865967,3305,13,14,30,1
7644,1.866211,3305,13,14,30,1
7645,1.866455,3305,13,14,30,1
7646,1.866699,3305,13,14,30,1
7647,1.866943,3305,13,14,30,1
7648,1.867188,3305,13,14,30,1
7649,1.867432,3305,13,14,30,1
7650,1.867676,3305,13,14,30,1
7651,1.867920,3305,13,14,30,1
7652,1.868164,3305,13,14,30,1
7653,1.868408,3305,13,14,30,1
7654,1.868652,3305,13,14,30,1
7655,1.868896,3305,13,14,30,1
7656,1.869141,3305,13,14,30,1
7657,1.869385,3305,13,14,30,1
7658,1.869629,3305,13,14,30,1
7659,1.869873,3305,13,14,30,1
7660,1.870117,3305,13,14,30,1
7661,1.870361,3305,13,14,30,1
7662,1.870605,3305,13,14,30,1
7663,1.870850,3305,13,14,30,1
7664,1.871094,3305,13,14,30,1
7665,1.871338,3305,13,14,30,1
7666,1.871582,3305,13,14,30,1
7667,1.871826,3305,13,14,30,1
7668,1.872070,3305,13,14,30,1
7669,1.872314,3305,13,14,30,1
7670,1.872559,3305,13,14,30,1
7671,1.872803,3305,13,14,30,1
7672,1.873047,3305,13,14,30,1
7673,1.873291,3305,13,14,30,1
7674,1.873535,3305,13,14,30,1
7675,1.873779,3305,13,14,30,1
7676,1.874023,3305,13,14,30,1
7677,1.874268,3305,13,14,30,1
7678,1.874512,3305,13,14,30,1
7679,1.874756,3305,13,14,30,1
7680,1.875000,3305,13,14,30,1
7681,1.875244,3305,13,14,30,1
7682,1.875488,3305,13,14,30,1
7683,1.875732,3305,13,14,30,1
7684,1.875977,3305,13,14,30,1
7685,1.876221,3305,13,14,30,1
7686,1.876465,3305,13,14,30,1
7687,1.876709,3305,13,14,30,1
7688,1.876953,3305,13,14,30,1
7689,1.877197,3305,13,14,30,1
7690,1.877441,3305,13,14,30,1
7691,1.877686,3305,13,14,30,1
7692,1.877930,3305,13,14,30,1
7693,1.878174,3305,13,14,30,1
7694,1.878418,3305,13,14,30,1
7695,1.878662,3305,13,14,30,1
7696,1.878906,3305,13,14,30,1
7697,1.879150,3305,13,14,30,1
7698,1.879395,3305,13,14,30,1
7699,1.879639,3305,13,14,30,1
7700,1.879883,3305,13,14,30,1
7701,1.880127,3305,13,14,30,1
7702,1.880371,3305,13,14,30,1
7703,1.880615,3305,13,14,30,1
7704,1.880859,3305,13,14,30,1
7705,1.881104,3305,13,14,30,1
7706,1.881348,3305,13,14,30,1
7707,1.881592,3305,13,14,30,1
7708,1.881836,3305,13,14,30,1
7709,1.882080,3305,13,14,30,1
7710,1.882324,3305,13,14,30,1
7711,1.882568,3305,13,14,30,1
7712,1.882812,3305,13,14,30,1
7713,1.883057,3305,13,14,30,1
7714,1.883301,3305,13,14,30,1
7715,1.883545,3305,13,14,30,1
7716,1.883789,3305,13,14,30,1
7717,1.884033,3305,13,14,30,1
7718,1.884277,3305,13,14,30,1
7719,1.884521,3305,13,14,30,1
7720,1.884766,3305,13,14,30,1
7721,1.885010,3305,13,14,30,1
7722,1.885254,3305,13,14,30,1
7723,1.885498,3305,13,14,30,1
7724,1.885742,3305,13,14,30,1
7725,1.885986,3305,13,14,30,1
7726,1.886230,3305,13,14,30,1
7727,1.886475,3305,13,14,30,1
7728,1.886719,3305,13,14,30,1
7729,1.886963,3305,13,14,30,1
7730,1.887207,3305,13,14,30,1
7731,1.887451,3305,13,14,30,1
7732,1.887695,3305,13,14,30,1
7733,1.887939,3305,13,14,30,1
7734,1.888184,3305,13,14,30,1
7735,1.888428,3305,13,14,30,1
7736,1.888672,3305,13,14,30,1
7737,1.888916,3305,13,14,30,1
7738,1.889160,3305,13,14,30,1
7739,1.889404,3305,13,14,30,1
7740,1.889648,3305,13,14,30,1
7741,1.889893,3305,13,14,30,1
7742,1.890137,3305,13,14,30,1
7743,1.890381,3305,13,14,30,1
7744,1.890625,3305,13,14,30,1
7745,1.890869,3305,13,14,30,1
7746,1.891113,3305,13,14,30,1
7747,1.891357,3305,13,14,30,1
7748,1.891602,3305,13,14,30,1
7749,1.891846,3305,13,14,30,1
7750,1.892090,3305,13,14,30,1
7751,1.892334,3305,13,14,30,1
7752,1.892578,3305,13,14,30,1
7753,1.892822,3305,13,14,30,1
7754,1.893066,3305,13,14,30,1
7755,1.893311,3305,13,14,30,1
7756,1.893555,3305,13,14,30,1
7757,1.893799,3305,13,14,30,1
7758,1.894043,3305,13,14,30,1
7759,1.894287,3305,13,14,30,1
7760,1.894531,3305,13,14,30,1
7761,1.894775,3305,13,14,30,1
7762,1.895020,3305,13,14,30,1
7763,1.895264,3305,13,14,30,1
7764,1.895508,3305,13,14,30,1
7765,1.895752,3305,13,14,30,1
7766,1.895996,3305,13,14,30,1
7767,1.896240,3305,13,14,30,1
7768,1.896484,3305,13,14,30,1
7769,1.896729,3305,13,14,30,1
7770,1.896973,3305,13,14,30,1
7771,1.897217,3305,13,14,30,1
7772,1.897461,3305,13,14,30,1
7773,1.897705,3305,13,14,30,1
7774,1.897949,3305,13,14,30,1
7775,1.898193,3305,13,14,30,1
7776,1.898438,3305,13,14,30,1
7777,1.898682,3305,13,14,30,1
7778,1.898926,3305,13,14,30,1
7779,1.899170,3305,13,14,30,1
7780,1.899414,3305,13,14,30,1
7781,1.899658,3305,13,14,30,1
7782,1.899902,3305,13,14,30,1
7783,1.900146,3305,13,14,30,1
7784,1.900391,3305,13,14,30,1
7785,1.900635,3305,13,14,30,1
7786,1.900879,3305,13,14,30,1
7787,1.901123,3305,13,14,30,1
7788,1.901367,3305,13,14,30,1
7789,1.901611,3305,13,14,30,1
7790,1.901855,3305,13,14,30,1
7791,1.902100,3305,13,14,30,1
7792,1.902344,3305,13,14,30,1
7793,1.902588,3305,13,14,30,1
7794,1.902832,3305,13,14,30,1
7795,1.903076,3305,13,14,30,1
7796,1.903320,3305,13,14,30,1
7797,1.903564,3305,13,14,30,1
7798,1.903809,3305,13,14,30,1
7799,1.904053,3305,13,14,30,1
7800,1.904297,3305,13,14,30,1
7801,1.904541,3305,13,14,30,1
7802,1.904785,3305,13,14,30,1
7803,1.905029,3305,13,14,30,1
7804,1.905273,3305,13,14,30,1
7805,1.905518,3305,13,14,30,1
7806,1.905762,3305,13,14,30,1
7807,1.906006,3305,13,14,30,1
7808,1.906250,3305,13,14,30,1
7809,1.906494,3305,13,14,30,1
7810,1.906738,3305,13,14,30,1
7811,1.906982,3305,13,14,30,1
7812,1.907227,3305,13,14,30,1
7813,1.907471,3305,13,14,30,1
7814,1.907715,3305,13,14,30,1
7815,1.907959,3305,13,14,30,1
7816,1.908203,3305,13,14,30,1
7817,1.908447,3305,13,14,30,1
7818,1.908691,3305,13,14,30,1
7819,1.908936,3305,13,14,30,1
7820,1.909180,3305,13,14,30,1
7821,1.909424,3305,13,14,30,1
7822,1.909668,3305,13,14,30,1
7823,1.909912,3305,13,14,30,1
7824,1.910156,3305,13,14,30,1
7825,1.910400,3305,13,14,30,1
7826,1.910645,3305,13,14,30,1
7827,1.910889,3305,13,14,30,1
7828,1.911133,3305,13,14,30,1
7829,1.911377,3305,13,14,30,1
7830,1.911621,3305,13,14,30,1
7831,1.911865,3305,13,14,30,1
7832,1.912109,3305,13,14,30,1
7833,1.912354,3305,13,14,30,1
7834,1.912598,3305,13,14,30,1
7835,1.912842,3305,13,14,30,1
7836,1.913086,3305,13,14,30,1
7837,1.913330,3305,13,14,30,1
7838,1.913574,3305,13,14,30,1
7839,1.913818,3305,13,14,30,1
7840,1.914062,3305,13,14,30,1
7841,1.914307,3305,13,14,30,1
7842,1.914551,3305,13,14,30,1
7843,1.914795,3305,13,14,30,1
7844,1.915039,3305,13,14,30,1
7845,1.915283,3305,13,14,30,1
7846,1.915527,3305,13,14,30,1
7847,1.915771,3305,13,14,30,1
7848,1.916016,3305,13,14,30,1
7849,1.916260,3305,13,14,30,1
7850,1.916504,3305,13,14,30,1
7851,1.916748,3305,13,14,30,1
7852,1.916992,3305,13,14,30,1
7853,1.917236,3305,13,14,30,1
7854,1.917480,3305,13,14,30,1
7855,1.917725,3305,13,14,30,1
7856,1.917969,3305,13,14,30,1
7857,1.918213,3305,13,14,30,1
7858,1.918457,3305,13,14,30,1
7859,1.918701,3305,13,14,30,1
7860,1.918945,3305,13,14,30,1
7861,1.919189,3305,13,14,30,1
7862,1.919434,3305,13,14,30,1
7863,1.919678,3305,13,14,30,1
7864,1.919922,3305,13,14,30,1
7865,1.920166,3305,13,14,30,1
7866,1.920410,3305,13,14,30,1
7867,1.920654,3305,13,14,30,1
7868,1.920898,3305,13,14,30,1
7869,1.921143,3305,13,14,30,1
7870,1.921387,3305,13,14,30,1
7871,1.921631,3305,13,14,30,1
7872,1.921875,3305,13,14,30,1
7873,1.922119,3305,13,14,30,1
7874,1.922363,3305,13,14,30,1
7875,1.922607,3305,13,14,30,1
7876,1.922852,3305,13,14,30,1
7877,1.923096,3305,13,14,30,1
7878,1.923340,3305,13,14,30,1
7879,1.923584,3305,13,14,30,1
7880,1.923828,3305,13,14,30,1
7881,1.924072,3305,13,14,30,1
7882,1.924316,3305,13,14,30,1
7883,1.924561,3305,13,14,30,1
7884,1.924805,3305,13,14,30,1
7885,1.925049,3305,13,14,30,1
7886,1.925293,3305,13,14,30,1
7887,1.925537,3305,13,14,30,1
7888,1.925781,3305,13,14,30,1
7889,1.926025,3305,13,14,30,1
7890,1.926270,3305,13,14,30,1
7891,1.926514,3305,13,14,30,1
7892,1.926758,3305,13,14,30,1
7893,1.927002,3305,13,14,30,1
7894,1.927246,3305,13,14,30,1
7895,1.927490,3305,13,14,30,1
7896,1.927734,3305,13,14,30,1
7897,1.927979,3305,13,14,30,1
7898,1.928223,3305,13,14,30,1
7899,1.928467,3305,13,14,30,1
7900,1.928711,3305,13,14,30,1
7901,1.928955,3305,13,14,30,1
7902,1.929199,3305,13,14,30,1
7903,1.929443,3305,13,14,30,1
7904,1.929688,3305,13,14,30,1
7905,1.929932,3305,13,14,30,1
7906,1.930176,3305,13,14,30,1
7907,1.930420,3305,13,14,30,1
7908,1.930664,3305,13,14,30,1
7909,1.930908,3305,13,14,30,1
7910,1.931152,3305,13,14,30,1
7911,1.931396,3305,13,14,30,1
7912,1.931641,3305,13,14,30,1
7913,1.931885,3305,13,14,30,1
7914,1.932129,3305,13,14,30,1
7915,1.932373,3305,13,14,30,1
7916,1.932617,3305,13,14,30,1
7917,1.932861,3305,13,14,30,1
7918,1.933105,3305,13,14,30,1
7919,1.933350,3305,13,14,30,1
7920,1.933594,3305,13,14,30,1
7921,1.933838,3305,13,14,30,1
7922,1.934082,3305,13,14,30,1
7923,1.934326,3305,13,14,30,1
7924,1.934570,3305,13,14,30,1
7925,1.934814,3305,13,14,30,1
7926,1.935059,3305,13,14,30,1
7927,1.935303,3305,13,14,30,1
7928,1.935547,3305,13,14,30,1
7929,1.935791,3305,13,14,30,1
7930,1.936035,3305,13,14,30,1
7931,1.936279,3305,13,14,30,1
7932,1.936523,3305,13,14,30,1
7933,1.936768,3305,13,14,30,1
7934,1.937012,3305,13,14,30,1
7935,1.937256,3305,13,14,30,1
7936,1.937500,3305,13,14,30,1
7937,1.937744,3305,13,14,30,1
7938,1.937988,3305,13,14,30,1
7939,1.938232,3305,13,14,30,1
7940,1.938477,3305,13,14,30,1
7941,1.938721,3305,13,14,30,1
7942,1.938965,3305,13,14,30,1
7943,1.939209,3305,13,14,30,1
7944,1.939453,3305,13,14,30,1
7945,1.939697,3305,13,14,30,1
7946,1.939941,3305,13,14,30,1
7947,1.940186,3305,13,14,30,1
7948,1.940430,3305,13,14,30,1
7949,1.940674,3305,13,14,30,1
7950,1.940918,3305,13,14,30,1
7951,1.941162,3305,13,14,30,1
7952,1.941406,3305,13,14,30,1
7953,1.941650,3305,13,14,30,1
7954,1.941895,3305,13,14,30,1
7955,1.942139,3305,13,14,30,1
7956,1.942383,3305,13,14,30,1
7957,1.942627,3305,13,14,30,1
7958,1.942871,3305,13,14,30,1
7959,1.943115,3305,13,14,30,1
7960,1.943359,3305,13,14,30,1
7961,1.943604,3305,13,14,30,1
7962,1.943848,3305,13,14,30,1
7963,1.944092,3305,13,14,30,1
7964,1.944336,3305,13,14,30,1
7965,1.944580,3305,13,14,30,1
7966,1.944824,3305,13,14,30,1
7967,1.945068,3305,13,14,30,1
7968,1.945312,3305,13,14,30,1
7969,1.945557,3305,13,14,30,1
7970,1.945801,3305,13,14,30,1
7971,1.946045,3305,13,14,30,1
7972,1.946289,3305,13,14,30,1
7973,1.946533,3305,13,14,30,1
7974,1.946777,3305,13,14,30,1
7975,1.947021,3305,13,14,30,1
7976,1.947266,3305,13,14,30,1
7977,1.947510,3305,13,14,30,1
7978,1.947754,3305,13,14,30,1
7979,1.947998,3305,13,14,30,1
7980,1.948242,3305,13,14,30,1
7981,1.948486,3305,13,14,30,1
7982,1.948730,3305,13,14,30,1
7983,1.948975,3305,13,14,30,1
7984,1.949219,3305,13,14,30,1
7985,1.949463,3305,13,14,30,1
7986,1.949707,3305,13,14,30,1
7987,1.949951,3305,13,14,30,1
7988,1.950195,3305,13,14,30,1
7989,1.950439,3305,13,14,30,1
7990,1.950684,3305,13,14,30,1
7991,1.950928,3305,13,14,30,1
7992,1.951172,3305,13,14,30,1
7993,1.951416,3305,13,14,30,1
7994,1.951660,3305,13,14,30,1
7995,1.951904,3305,13,14,30,1
7996,1.952148,3305,13,14,30,1
7997,1.952393,3305,13,14,30,1
7998,1.952637,3305,13,14,30,1
7999,1.952881,3305,13,14,30,1
8000,1.953125,3305,13,14,30,1
8001,1.953369,3305,13,14,30,1
8002,1.953613,3305,13,14,30,1
8003,1.953857,3305,13,14,30,1
8004,1.954102,3305,13,14,30,1
8005,1.954346,3305,13,14,30,1
8006,1.954590,3305,13,14,30,1
8007,1.954834,3305,13,14,30,1
8008,1.955078,3305,13,14,30,1
8009,1.955322,3305,13,14,30,1
8010,1.955566,3305,13,14,30,1
8011,1.955811,3305,13,14,30,1
8012,1.956055,3305,13,14,30,1
8013,1.956299,3305,13,14,30,1
8014,1.956543,3305,13,14,30,1
8015,1.956787,3305,13,14,30,1
8016,1.957031,3305,13,14,30,1
8017,1.957275,3305,13,14,30,1
8018,1.957520,3305,13,14,30,1
8019,1.957764,3305,13,14,30,1
8020,1.958008,3305,13,14,30,1
8021,1.958252,3305,13,14,30,1
8022,1.958496,3305,13,14,30,1
8023,1.958740,3305,13,14,30,1
8024,1.958984,3305,13,14,30,1
8025,1.959229,3305,13,14,30,1
8026,1.959473,3305,13,14,30,1
8027,1.959717,3305,13,14,30,1
8028,1.959961,3305,13,14,30,1
8029,1.960205,3305,13,14,30,1
8030,1.960449,3305,13,14,30,1
8031,1.960693,3305,13,14,30,1
8032,1.960938,3305,13,14,30,1
8033,1.961182,3305,13,14,30,1
8034,1.961426,3305,13,14,30,1
8035,1.961670,3305,13,14,30,1
8036,1.961914,3305,13,14,30,1
8037,1.962158,3305,13,14,30,1
8038,1.962402,3305,13,14,30,1
8039,1.962646,3305,13,14,30,1
8040,1.962891,3305,13,14,30,1
8041,1.963135,3305,13,14,30,1
8042,1.963379,3305,13,14,30,1
8043,1.963623,3305,13,14,30,1
8044,1.963867,3305,13,14,30,1
8045,1.964111,3305,13,14,30,1
8046,1.964355,3305,13,14,30,1
8047,1.964600,3305,13,14,30,1
8048,1.964844,3305,13,14,30,1
8049,1.965088,3305,13,14,30,1
8050,1.965332,3305,13,14,30,1
8051,1.965576,3305,13,14,30,1
8052,1.965820,3305,13,14,30,1
8053,1.966064,3305,13,14,30,1
8054,1.966309,3305,13,14,30,1
8055,1.966553,3305,13,14,30,1
8056,1.966797,3305,13,14,30,1
8057,1.967041,3305,13,14,30,1
8058,1.967285,3305,13,14,30,1
8059,1.967529,3305,13,14,30,1
8060,1.967773,3305,13,14,30,1
8061,1.968018,3305,13,14,30,1
8062,1.968262,3305,13,14,30,1
8063,1.968506,3305,13,14,30,1
8064,1.968750,3305,13,14,30,1
8065,1.968994,3305,13,14,30,1
8066,1.969238,3305,13,14,30,1
8067,1.969482,3305,13,14,30,1
8068,1.969727,3305,13,14,30,1
8069,1.969971,3305,13,14,30,1
8070,1.970215,3305,13,14,30,1
8071,1.970459,3305,13,14,30,1
8072,1.970703,3305,13,14,30,1
8073,1.970947,3305,13,14,30,1
8074,1.971191,3305,13,14,30,1
8075,1.971436,3305,13,14,30,1
8076,1.971680,3305,13,14,30,1
8077,1.971924,3305,13,14,30,1
8078,1.972168,3305,13,14,30,1
8079,1.972412,3305,13,14,30,1
8080,1.972656,3305,13,14,30,1
8081,1.972900,3305,13,14,30,1
8082,1.973145,3305,13,14,30,1
8083,1.973389,3305,13,14,30,1
8084,1.973633,3305,13,14,30,1
8085,1.973877,3305,13,14,30,1
8086,1.974121,3305,13,14,30,1
8087,1.974365,3305,13,14,30,1
8088,1.974609,3305,13,14,30,1
8089,1.974854,3305,13,14,30,1
8090,1.975098,3305,13,14,30,1
8091,1.975342,3305,13,14,30,1
8092,1.975586,3305,13,14,30,1
8093,1.975830,3305,13,14,30,1
8094,1.976074,3305,13,14,30,1
8095,1.976318,3305,13,14,30,1
8096,1.976562,3305,13,14,30,1
8097,1.976807,3305,13,14,30,1
8098,1.977051,3305,13,14,30,1
8099,1.977295,3305,13,14,30,1
8100,1.977539,3305,13,14,30,1
8101,1.977783,3305,13,14,30,1
8102,1.978027,3305,13,14,30,1
8103,1.978271,3305,13,14,30,1
8104,1.978516,3305,13,14,30,1
8105,1.978760,3305,13,14,30,1
8106,1.979004,3305,13,14,30,1
8107,1.979248,3305,13,14,30,1
8108,1.979492,3305,13,14,30,1
8109,1.979736,3305,13,14,30,1
8110,1.979980,3305,13,14,30,1
8111,1.980225,3305,13,14,30,1
8112,1.980469,3305,13,14,30,1
8113,1.980713,3305,13,14,30,1
8114,1.980957,3305,13,14,30,1
8115,1.981201,3305,13,14,30,1
8116,1.981445,3305,13,14,30,1
8117,1.981689,3305,13,14,30,1
8118,1.981934,3305,13,14,30,1
8119,1.982178,3305,13,14,30,1
8120,1.982422,3305,13,14,30,1
8121,1.982666,3305,13,14,30,1
8122,1.982910,3305,13,14,30,1
8123,1.983154,3305,13,14,30,1
8124,1.983398,3305,13,14,30,1
8125,1.983643,3305,13,14,30,1
8126,1.983887,3305,13,14,30,1
8127,1.984131,3305,13,14,30,1
8128,1.984375,3305,13,14,30,1
8129,1.984619,3305,13,14,30,1
8130,1.984863,3305,13,14,30,1
8131,1.985107,3305,13,14,30,1
8132,1.985352,3305,13,14,30,1
8133,1.985596,3305,13,14,30,1
8134,1.985840,3305,13,14,30,1
8135,1.986084,3305,13,14,30,1
8136,1.986328,3305,13,14,30,1
8137,1.986572,3305,13,14,30,1
8138,1.986816,3305,13,14,30,1
8139,1.987061,3305,13,14,30,1
8140,1.987305,3305,13,14,30,1
8141,1.987549,3305,13,14,30,1
8142,1.987793,3305,13,14,30,1
8143,1.988037,3305,13,14,30,1
8144,1.988281,3305,13,14,30,1
8145,1.988525,3305,13,14,30,1
8146,1.988770,3305,13,14,30,1
8147,1.989014,3305,13,14,30,1
8148,1.989258,3305,13,14,30,1
8149,1.989502,3305,13,14,30,1
8150,1.989746,3305,13,14,30,1
8151,1.989990,3305,13,14,30,1
8152,1.990234,3305,13,14,30,1
8153,1.990479,3305,13,14,30,1
8154,1.990723,3305,13,14,30,1
8155,1.990967,3305,13,14,30,1
8156,1.991211,3305,13,14,30,1
8157,1.991455,3305,13,14,30,1
8158,1.991699,3305,13,14,30,1
8159,1.991943,3305,13,14,30,1
8160,1.992188,3305,13,14,30,1
8161,1.992432,3305,13,14,30,1
8162,1.992676,3305,13,14,30,1
8163,1.992920,3305,13,14,30,1
8164,1.993164,3305,13,14,30,1
8165,1.993408,3305,13,14,30,1
8166,1.993652,3305,13,14,30,1
8167,1.993896,3305,13,14,30,1
8168,1.994141,3305,13,14,30,1
8169,1.994385,3305,13,14,30,1
8170,1.994629,3305,13,14,30,1
8171,1.994873,3305,13,14,30,1
8172,1.995117,3305,13,14,30,1
8173,1.995361,3305,13,14,30,1
8174,1.995605,3305,13,14,30,1
8175,1.995850,3305,13,14,30,1
8176,1.996094,3305,13,14,30,1
8177,1.996338,3305,13,14,30,1
8178,1.996582,3305,13,14,30,1
8179,1.996826,3305,13,14,30,1
8180,1.997070,3305,13,14,30,1
8181,1.997314,3305,13,14,30,1
8182,1.997559,3305,13,14,30,1
8183,1.997803,3305,13,14,30,1
8184,1.998047,3305,13,14,30,1
8185,1.998291,3305,13,14,30,1
8186,1.998535,3305,13,14,30,1
8187,1.998779,3305,13,14,30,1
8188,1.999023,3305,13,14,30,1
8189,1.999268,3305,13,14,30,1
8190,1.999512,3305,13,14,30,1
8191,1.999756,3305,13,14,30,1
