code,x,out,khyp,ddiv,cycles_oracle,bypass
-8192,-2.000000,488,11,13,27,1
-8191,-1.999756,488,11,13,27,1
-8190,-1.999512,488,14,13,30,1
-8189,-1.999268,488,16,13,32,1
-8188,-1.999023,489,12,11,26,0
-8187,-1.998779,489,12,11,26,0
-8186,-1.998535,489,12,11,26,0
-8185,-1.998291,489,12,11,26,0
-8184,-1.998047,489,12,11,26,0
-8183,-1.997803,489,12,13,28,0
-8182,-1.997559,489,13,13,29,0
-8181,-1.997314,489,13,13,29,0
-8180,-1.997070,489,13,13,29,0
-8179,-1.996826,490,17,12,32,0
-8178,-1.996582,490,11,12,26,0
-8177,-1.996338,490,11,12,26,0
-8176,-1.996094,490,11,12,26,0
-8175,-1.995850,490,11,12,26,0
-8174,-1.995605,490,11,12,26,0
-8173,-1.995361,490,11,13,27,0
-8172,-1.995117,490,11,13,27,0
-8171,-1.994873,490,11,13,27,0
-8170,-1.994629,490,14,13,30,0
-8169,-1.994385,491,15,11,29,0
-8168,-1.994141,491,13,11,27,0
-8167,-1.993896,491,13,11,27,0
-8166,-1.993652,491,12,11,26,0
-8165,-1.993408,491,12,13,28,0
-8164,-1.993164,491,12,13,28,0
-8163,-1.992920,491,12,13,28,0
-8162,-1.992676,491,12,13,28,0
-8161,-1.992432,491,12,13,28,0
-8160,-1.992188,492,16,12,31,0
-8159,-1.991943,492,14,12,29,0
-8158,-1.991699,492,10,12,29,0
-8157,-1.991455,492,10,12,29,0
-8156,-1.991211,492,10,12,29,0
-8155,-1.990967,492,10,12,29,0
-8154,-1.990723,492,10,13,26,0
-8153,-1.990479,492,10,13,26,0
-8152,-1.990234,492,10,13,26,0
-8151,-1.989990,492,10,13,26,0
-8150,-1.989746,493,11,11,25,0
-8149,-1.989502,493,11,11,25,0
-8148,-1.989258,493,11,11,25,0
-8147,-1.989014,493,11,11,25,0
-8146,-1.988770,493,11,13,27,0
-8145,-1.988525,493,11,13,27,0
-8144,-1.988281,493,11,13,27,0
-8143,-1.988037,493,11,13,27,0
-8142,-1.987793,493,14,13,30,0
-8141,-1.987549,493,18,13,34,0
-8140,-1.987305,494,12,12,27,0
-8139,-1.987061,494,12,12,27,0
-8138,-1.986816,494,12,12,27,0
-8137,-1.986572,494,12,12,27,0
-8136,-1.986328,494,12,13,28,0
-8135,-1.986084,494,12,13,28,0
-8134,-1.985840,495,11,11,25,0
-8133,-1.985596,495,11,11,25,0
-8132,-1.985352,495,11,11,25,0
-8131,-1.985107,495,11,11,25,0
-8130,-1.984863,495,11,11,25,0
-8129,-1.984619,495,11,13,27,0
-8128,-1.984375,495,11,13,27,0
-8127,-1.984131,495,11,13,27,0
-8126,-1.983887,495,11,13,27,0
-8125,-1.983643,495,15,13,31,0
-8124,-1.983398,496,12,12,27,0
-8123,-1.983154,496,12,12,27,0
-8122,-1.982910,496,12,12,27,0
-8121,-1.982666,496,12,12,27,0
-8120,-1.982422,496,12,12,27,0
-8119,-1.982178,496,12,13,28,0
-8118,-1.981934,496,12,13,28,0
-8117,-1.981689,496,13,13,29,0
-8116,-1.981445,496,13,13,29,0
-8115,-1.981201,496,18,13,34,0
-8114,-1.980957,497,14,11,28,0
-8113,-1.980713,497,11,11,25,0
-8112,-1.980469,497,11,11,25,0
-8111,-1.980225,497,11,11,25,0
-8110,-1.979980,497,11,11,25,0
-8109,-1.979736,497,11,13,27,0
-8108,-1.979492,497,11,13,27,0
-8107,-1.979248,497,11,13,27,0
-8106,-1.979004,497,11,13,27,0
-8105,-1.978760,497,17,13,33,0
-8104,-1.978516,498,13,12,28,0
-8103,-1.978271,498,13,12,28,0
-8102,-1.978027,498,13,12,28,0
-8101,-1.977783,498,12,13,28,0
-8100,-1.977539,498,12,13,28,0
-8099,-1.977295,498,12,13,28,0
-8098,-1.977051,498,12,13,28,0
-8097,-1.976807,498,15,13,31,0
-8096,-1.976562,499,13,11,27,0
-8095,-1.976318,499,13,11,27,0
-8094,-1.976074,499,13,11,27,0
-8093,-1.975830,499,11,11,25,0
-8092,-1.975586,499,11,11,25,0
-8091,-1.975342,499,11,13,27,0
-8090,-1.975098,499,11,13,27,0
-8089,-1.974854,499,11,13,27,0
-8088,-1.974609,499,11,13,27,0
-8087,-1.974365,499,18,13,34,0
-8086,-1.974121,500,14,12,29,0
-8085,-1.973877,500,10,12,25,0
-8084,-1.973633,500,10,12,25,0
-8083,-1.973389,500,10,12,25,0
-8082,-1.973145,500,10,12,25,0
-8081,-1.972900,500,10,13,26,0
-8080,-1.972656,500,10,13,26,0
-8079,-1.972412,500,10,13,26,0
-8078,-1.972168,500,10,13,26,0
-8077,-1.971924,501,16,11,30,0
-8076,-1.971680,501,12,11,26,0
-8075,-1.971436,501,12,11,26,0
-8074,-1.971191,501,12,11,26,0
-8073,-1.970947,501,12,11,26,0
-8072,-1.970703,501,12,11,26,0
-8071,-1.970459,501,12,13,28,0
-8070,-1.970215,501,12,13,28,0
-8069,-1.969971,501,15,13,31,0
-8068,-1.969727,502,11,12,30,0
-8067,-1.969482,502,11,12,30,0
-8066,-1.969238,502,11,12,30,0
-8065,-1.968994,502,11,12,30,0
-8064,-1.968750,502,11,12,30,0
-8063,-1.968506,502,11,13,27,0
-8062,-1.968262,502,11,13,27,0
-8061,-1.968018,502,13,13,29,0
-8060,-1.967773,502,13,13,29,0
-8059,-1.967529,502,15,13,31,0
-8058,-1.967285,503,14,11,28,0
-8057,-1.967041,503,12,11,26,0
-8056,-1.966797,503,12,11,26,0
-8055,-1.966553,503,12,11,26,0
-8054,-1.966309,503,12,13,28,0
-8053,-1.966064,503,13,13,29,0
-8052,-1.965820,503,13,13,29,0
-8051,-1.965576,503,13,13,29,0
-8050,-1.965332,503,16,13,32,0
-8049,-1.965088,504,11,12,26,0
-8048,-1.964844,504,11,12,26,0
-8047,-1.964600,504,11,12,26,0
-8046,-1.964355,504,11,12,26,0
-8045,-1.964111,504,11,12,26,0
-8044,-1.963867,504,11,13,27,0
-8043,-1.963623,504,11,13,27,0
-8042,-1.963379,504,11,13,27,0
-8041,-1.963135,504,11,13,27,0
-8040,-1.962891,504,11,13,27,0
-8039,-1.962646,505,16,11,30,0
-8038,-1.962402,505,14,11,28,0
-8037,-1.962158,505,12,11,26,0
-8036,-1.961914,505,12,11,26,0
-8035,-1.961670,505,12,13,28,0
-8034,-1.961426,505,12,13,28,0
-8033,-1.961182,505,12,13,28,0
-8032,-1.960938,505,12,13,28,0
-8031,-1.960693,505,12,13,28,0
-8030,-1.960449,506,15,12,30,0
-8029,-1.960205,506,10,12,29,0
-8028,-1.959961,506,10,12,29,0
-8027,-1.959717,506,10,12,29,0
-8026,-1.959473,506,10,12,29,0
-8025,-1.959229,506,10,13,26,0
-8024,-1.958984,506,10,13,26,0
-8023,-1.958740,506,10,13,26,0
-8022,-1.958496,506,10,13,26,0
-8021,-1.958252,507,16,11,30,0
-8020,-1.958008,507,11,11,25,0
-8019,-1.957764,507,11,11,25,0
-8018,-1.957520,507,11,11,25,0
-8017,-1.957275,507,11,11,25,0
-8016,-1.957031,507,11,13,27,0
-8015,-1.956787,507,11,13,27,0
-8014,-1.956543,507,11,13,27,0
-8013,-1.956299,507,14,13,30,0
-8012,-1.956055,508,17,12,32,0
-8011,-1.955811,508,12,12,27,0
-8010,-1.955566,508,12,12,27,0
-8009,-1.955322,508,12,12,27,0
-8008,-1.955078,508,12,12,27,0
-8007,-1.954834,508,12,12,27,0
-8006,-1.954590,508,12,13,28,0
-8005,-1.954346,508,14,13,30,0
-8004,-1.954102,508,18,13,34,0
-8003,-1.953857,509,11,11,25,0
-8002,-1.953613,509,11,11,25,0
-8001,-1.953369,509,11,11,25,0
-8000,-1.953125,509,11,11,25,0
-7999,-1.952881,509,11,13,27,0
-7998,-1.952637,509,11,13,27,0
-7997,-1.952393,509,13,13,29,0
-7996,-1.952148,509,13,13,29,0
-7995,-1.951904,509,13,13,29,0
-7994,-1.951660,510,15,12,30,0
-7993,-1.951416,510,12,12,27,0
-7992,-1.951172,510,12,12,27,0
-7991,-1.950928,510,12,12,27,0
-7990,-1.950684,510,12,12,27,0
-7989,-1.950439,510,13,13,29,0
-7988,-1.950195,510,13,13,29,0
-7987,-1.949951,510,13,13,29,0
-7986,-1.949707,510,16,13,32,0
-7985,-1.949463,511,11,11,25,0
-7984,-1.949219,511,11,11,25,0
-7983,-1.948975,511,11,11,25,0
-7982,-1.948730,511,11,11,25,0
-7981,-1.948486,511,11,11,25,0
-7980,-1.948242,511,11,13,27,0
-7979,-1.947998,511,11,13,27,0
-7978,-1.947754,511,11,13,27,0
-7977,-1.947510,511,14,13,30,0
-7976,-1.947266,511,16,13,32,0
-7975,-1.947021,512,13,12,28,0
-7974,-1.946777,512,13,12,28,0
-7973,-1.946533,512,12,12,31,0
-7972,-1.946289,512,12,12,31,0
-7971,-1.946045,512,12,13,28,0
-7970,-1.945801,512,12,13,28,0
-7969,-1.945557,512,12,13,28,0
-7968,-1.945312,512,12,13,28,0
-7967,-1.945068,512,12,13,28,0
-7966,-1.944824,512,12,13,28,0
-7965,-1.944580,513,10,11,24,0
-7964,-1.944336,513,10,11,24,0
-7963,-1.944092,513,10,11,24,0
-7962,-1.943848,513,10,11,24,0
-7961,-1.943604,513,10,11,24,0
-7960,-1.943359,513,10,13,26,0
-7959,-1.943115,513,10,13,26,0
-7958,-1.942871,513,10,13,26,0
-7957,-1.942627,514,18,12,33,0
-7956,-1.942383,514,11,12,30,0
-7955,-1.942139,514,11,12,30,0
-7954,-1.941895,514,11,12,30,0
-7953,-1.941650,514,11,13,27,0
-7952,-1.941406,514,11,12,30,0
-7951,-1.941162,514,11,13,27,0
-7950,-1.940918,514,11,13,27,0
-7949,-1.940674,514,13,13,29,0
-7948,-1.940430,514,13,13,29,0
-7947,-1.940186,514,13,13,29,0
-7946,-1.939941,515,15,11,29,0
-7945,-1.939697,515,12,11,26,0
-7944,-1.939453,515,12,11,26,0
-7943,-1.939209,515,12,11,26,0
-7942,-1.938965,515,12,11,26,0
-7941,-1.938721,515,13,13,29,0
-7940,-1.938477,515,13,13,29,0
-7939,-1.938232,515,13,13,29,0
-7938,-1.937988,516,15,12,30,0
-7937,-1.937744,516,11,12,26,0
-7936,-1.937500,516,11,12,26,0
-7935,-1.937256,516,11,12,26,0
-7934,-1.937012,516,11,12,26,0
-7933,-1.936768,516,11,13,27,0
-7932,-1.936523,516,11,13,27,0
-7931,-1.936279,516,11,13,27,0
-7930,-1.936035,516,11,13,27,0
-7929,-1.935791,516,15,13,31,0
-7928,-1.935547,517,13,11,27,0
-7927,-1.935303,517,13,11,27,0
-7926,-1.935059,517,13,11,27,0
-7925,-1.934814,517,12,11,26,0
-7924,-1.934570,517,12,13,28,0
-7923,-1.934326,517,12,13,28,0
-7922,-1.934082,517,12,13,28,0
-7921,-1.933838,517,14,13,30,0
-7920,-1.933594,518,15,12,30,0
-7919,-1.933350,518,13,12,28,0
-7918,-1.933105,518,13,12,28,0
-7917,-1.932861,518,11,12,26,0
-7916,-1.932617,518,11,12,26,0
-7915,-1.932373,518,11,12,26,0
-7914,-1.932129,518,11,13,27,0
-7913,-1.931885,518,11,13,27,0
-7912,-1.931641,518,11,13,27,0
-7911,-1.931396,518,11,13,27,0
-7910,-1.931152,519,15,11,29,0
-7909,-1.930908,519,12,11,26,0
-7908,-1.930664,519,12,11,26,0
-7907,-1.930420,519,12,11,26,0
-7906,-1.930176,519,12,13,28,0
-7905,-1.929932,519,12,13,28,0
-7904,-1.929688,519,12,13,28,0
-7903,-1.929443,519,12,13,28,0
-7902,-1.929199,520,17,12,32,0
-7901,-1.928955,520,10,12,29,0
-7900,-1.928711,520,10,12,29,0
-7899,-1.928467,520,10,12,29,0
-7898,-1.928223,520,10,12,29,0
-7897,-1.927979,520,10,13,26,0
-7896,-1.927734,520,10,13,26,0
-7895,-1.927490,520,10,13,26,0
-7894,-1.927246,520,10,13,26,0
-7893,-1.927002,520,15,13,31,0
-7892,-1.926758,521,11,11,25,0
-7891,-1.926514,521,11,11,25,0
-7890,-1.926270,521,11,11,25,0
-7889,-1.926025,521,11,11,25,0
-7888,-1.925781,521,11,11,25,0
-7887,-1.925537,521,11,13,27,0
-7886,-1.925293,521,11,13,27,0
-7885,-1.925049,521,13,13,29,0
-7884,-1.924805,521,13,13,29,0
-7883,-1.924561,521,15,13,31,0
-7882,-1.924316,522,14,12,29,0
-7881,-1.924072,522,12,12,27,0
-7880,-1.923828,522,12,12,27,0
-7879,-1.923584,522,12,12,27,0
-7878,-1.923340,522,12,12,27,0
-7877,-1.923096,522,14,13,30,0
-7876,-1.922852,523,17,11,31,0
-7875,-1.922607,523,11,11,25,0
-7874,-1.922363,523,11,11,25,0
-7873,-1.922119,523,11,11,25,0
-7872,-1.921875,523,11,11,25,0
-7871,-1.921631,523,11,13,27,0
-7870,-1.921387,523,11,13,27,0
-7869,-1.921143,523,13,13,29,0
-7868,-1.920898,523,13,13,29,0
-7867,-1.920654,524,18,12,33,0
-7866,-1.920410,524,17,12,32,0
-7865,-1.920166,524,12,12,27,0
-7864,-1.919922,524,12,12,27,0
-7863,-1.919678,524,12,12,27,0
-7862,-1.919434,524,12,12,27,0
-7861,-1.919189,524,12,13,28,0
-7860,-1.918945,524,12,13,28,0
-7859,-1.918701,524,12,13,28,0
-7858,-1.918457,524,12,13,28,0
-7857,-1.918213,525,18,11,32,0
-7856,-1.917969,525,13,11,27,0
-7855,-1.917725,525,13,11,27,0
-7854,-1.917480,525,13,11,27,0
-7853,-1.917236,525,11,13,27,0
-7852,-1.916992,525,11,13,27,0
-7851,-1.916748,525,11,13,27,0
-7850,-1.916504,525,11,13,27,0
-7849,-1.916260,525,11,13,27,0
-7848,-1.916016,525,11,13,27,0
-7847,-1.915771,526,16,12,31,0
-7846,-1.915527,526,14,12,29,0
-7845,-1.915283,526,12,12,31,0
-7844,-1.915039,526,12,13,28,0
-7843,-1.914795,526,12,13,28,0
-7842,-1.914551,526,12,13,28,0
-7841,-1.914307,526,12,13,28,0
-7840,-1.914062,526,12,13,28,0
-7839,-1.913818,526,15,13,31,0
-7838,-1.913574,527,14,11,28,0
-7837,-1.913330,527,11,11,25,0
-7836,-1.913086,527,11,11,25,0
-7835,-1.912842,527,11,11,25,0
-7834,-1.912598,527,11,13,27,0
-7833,-1.912354,527,11,13,27,0
-7832,-1.912109,527,11,13,27,0
-7831,-1.911865,527,11,13,27,0
-7830,-1.911621,527,11,13,27,0
-7829,-1.911377,528,10,12,25,0
-7828,-1.911133,528,10,12,25,0
-7827,-1.910889,528,10,12,25,0
-7826,-1.910645,528,10,12,25,0
-7825,-1.910400,528,10,13,26,0
-7824,-1.910156,528,10,13,26,0
-7823,-1.909912,528,10,13,26,0
-7822,-1.909668,528,10,13,26,0
-7821,-1.909424,529,16,11,30,0
-7820,-1.909180,529,12,11,26,0
-7819,-1.908936,529,12,11,26,0
-7818,-1.908691,529,12,11,26,0
-7817,-1.908447,529,12,11,26,0
-7816,-1.908203,529,12,13,28,0
-7815,-1.907959,529,12,13,28,0
-7814,-1.907715,529,12,13,28,0
-7813,-1.907471,529,15,13,31,0
-7812,-1.907227,530,11,12,30,0
-7811,-1.906982,530,11,12,30,0
-7810,-1.906738,530,11,12,30,0
-7809,-1.906494,530,11,12,30,0
-7808,-1.906250,530,11,13,27,0
-7807,-1.906006,530,11,13,27,0
-7806,-1.905762,530,11,13,27,0
-7805,-1.905518,530,13,13,29,0
-7804,-1.905273,530,13,13,29,0
-7803,-1.905029,531,18,11,32,0
-7802,-1.904785,531,14,11,28,0
-7801,-1.904541,531,12,11,26,0
-7800,-1.904297,531,12,11,26,0
-7799,-1.904053,531,12,11,26,0
-7798,-1.903809,531,12,13,28,0
-7797,-1.903564,531,13,13,29,0
-7796,-1.903320,531,13,13,29,0
-7795,-1.903076,531,13,13,29,0
-7794,-1.902832,532,18,12,33,0
-7793,-1.902588,532,11,12,30,0
-7792,-1.902344,532,11,12,30,0
-7791,-1.902100,532,11,12,30,0
-7790,-1.901855,532,11,12,30,0
-7789,-1.901611,532,11,13,27,0
-7788,-1.901367,532,11,13,27,0
-7787,-1.901123,532,11,13,27,0
-7786,-1.900879,532,11,13,27,0
-7785,-1.900635,533,18,11,32,0
-7784,-1.900391,533,13,11,27,0
-7783,-1.900146,533,13,11,27,0
-7782,-1.899902,533,13,11,27,0
-7781,-1.899658,533,12,13,28,0
-7780,-1.899414,533,12,13,28,0
-7779,-1.899170,533,12,13,28,0
-7778,-1.898926,533,12,13,28,0
-7777,-1.898682,534,17,12,32,0
-7776,-1.898438,534,13,12,28,0
-7775,-1.898193,534,13,12,28,0
-7774,-1.897949,534,13,12,28,0
-7773,-1.897705,534,11,12,26,0
-7772,-1.897461,534,11,13,27,0
-7771,-1.897217,534,11,13,27,0
-7770,-1.896973,534,11,13,27,0
-7769,-1.896729,534,11,13,27,0
-7768,-1.896484,534,11,13,27,0
-7767,-1.896240,535,16,11,30,0
-7766,-1.895996,535,14,11,28,0
-7765,-1.895752,535,12,11,26,0
-7764,-1.895508,535,12,13,28,0
-7763,-1.895264,535,12,13,28,0
-7762,-1.895020,535,12,13,28,0
-7761,-1.894775,535,12,13,28,0
-7760,-1.894531,535,12,13,28,0
-7759,-1.894287,535,12,13,28,0
-7758,-1.894043,536,15,12,30,0
-7757,-1.893799,536,11,12,26,0
-7756,-1.893555,536,11,12,26,0
-7755,-1.893311,536,11,12,26,0
-7754,-1.893066,536,11,13,27,0
-7753,-1.892822,536,11,13,27,0
-7752,-1.892578,536,11,13,27,0
-7751,-1.892334,536,11,13,27,0
-7750,-1.892090,536,11,13,27,0
-7749,-1.891846,537,12,11,26,0
-7748,-1.891602,537,12,11,26,0
-7747,-1.891357,537,12,11,26,0
-7746,-1.891113,537,12,13,28,0
-7745,-1.890869,537,12,13,28,0
-7744,-1.890625,537,12,13,28,0
-7743,-1.890381,537,12,13,28,0
-7742,-1.890137,537,12,13,28,0
-7741,-1.889893,538,10,12,29,0
-7740,-1.889648,538,10,12,29,0
-7739,-1.889404,538,10,12,29,0
-7738,-1.889160,538,10,12,29,0
-7737,-1.888916,538,10,13,26,0
-7736,-1.888672,538,10,13,26,0
-7735,-1.888428,538,10,13,26,0
-7734,-1.888184,538,10,13,26,0
-7733,-1.887939,539,11,11,25,0
-7732,-1.887695,539,11,11,25,0
-7731,-1.887451,539,11,11,25,0
-7730,-1.887207,539,11,11,25,0
-7729,-1.886963,539,11,13,27,0
-7728,-1.886719,539,11,13,27,0
-7727,-1.886475,539,11,13,27,0
-7726,-1.886230,539,11,13,27,0
-7725,-1.885986,539,15,13,31,0
-7724,-1.885742,540,12,12,27,0
-7723,-1.885498,540,12,12,27,0
-7722,-1.885254,540,12,12,27,0
-7721,-1.885010,540,12,12,27,0
-7720,-1.884766,540,12,13,28,0
-7719,-1.884521,540,12,13,28,0
-7718,-1.884277,540,12,13,28,0
-7717,-1.884033,540,13,13,29,0
-7716,-1.883789,540,13,13,29,0
-7715,-1.883545,541,16,11,30,0
-7714,-1.883301,541,14,11,28,0
-7713,-1.883057,541,11,11,25,0
-7712,-1.882812,541,11,11,25,0
-7711,-1.882568,541,11,11,25,0
-7710,-1.882324,541,11,13,27,0
-7709,-1.882080,541,13,13,29,0
-7708,-1.881836,541,13,13,29,0
-7707,-1.881592,541,13,13,29,0
-7706,-1.881348,542,15,12,30,0
-7705,-1.881104,542,12,12,27,0
-7704,-1.880859,542,12,12,27,0
-7703,-1.880615,542,12,12,27,0
-7702,-1.880371,542,12,12,27,0
-7701,-1.880127,542,13,13,29,0
-7700,-1.879883,542,13,13,29,0
-7699,-1.879639,542,13,13,29,0
-7698,-1.879395,542,13,13,29,0
-7697,-1.879150,543,11,11,25,0
-7696,-1.878906,543,11,11,25,0
-7695,-1.878662,543,11,11,25,0
-7694,-1.878418,543,11,11,25,0
-7693,-1.878174,543,11,13,27,0
-7692,-1.877930,543,11,13,27,0
-7691,-1.877686,543,11,13,27,0
-7690,-1.877441,543,11,13,27,0
-7689,-1.877197,544,18,12,33,0
-7688,-1.876953,544,13,12,28,0
-7687,-1.876709,544,13,12,28,0
-7686,-1.876465,544,13,12,28,0
-7685,-1.876221,544,12,13,28,0
-7684,-1.875977,544,12,13,28,0
-7683,-1.875732,544,12,13,28,0
-7682,-1.875488,544,12,13,28,0
-7681,-1.875244,544,15,13,31,0
-7680,-1.875000,545,13,11,27,0
-7679,-1.874756,545,13,11,27,0
-7678,-1.874512,545,13,11,27,0
-7677,-1.874268,545,11,11,25,0
-7676,-1.874023,545,11,13,27,0
-7675,-1.873779,545,11,13,27,0
-7674,-1.873535,545,11,13,27,0
-7673,-1.873291,545,15,13,31,0
-7672,-1.873047,545,15,13,31,0
-7671,-1.872803,546,16,12,31,0
-7670,-1.872559,546,14,12,29,0
-7669,-1.872314,546,12,12,31,0
-7668,-1.872070,546,12,12,31,0
-7667,-1.871826,546,12,13,28,0
-7666,-1.871582,546,12,13,28,0
-7665,-1.871338,546,12,13,28,0
-7664,-1.871094,546,12,13,28,0
-7663,-1.870850,546,12,13,28,0
-7662,-1.870605,547,15,11,29,0
-7661,-1.870361,547,11,11,25,0
-7660,-1.870117,547,11,11,25,0
-7659,-1.869873,547,11,11,25,0
-7658,-1.869629,547,11,11,25,0
-7657,-1.869385,547,11,13,27,0
-7656,-1.869141,547,11,13,27,0
-7655,-1.868896,547,11,13,27,0
-7654,-1.868652,547,11,13,27,0
-7653,-1.868408,548,11,12,30,0
-7652,-1.868164,548,11,12,30,0
-7651,-1.867920,548,11,12,30,0
-7650,-1.867676,548,11,12,30,0
-7649,-1.867432,548,11,13,27,0
-7648,-1.867188,548,11,13,27,0
-7647,-1.866943,548,11,13,27,0
-7646,-1.866699,548,11,13,27,0
-7645,-1.866455,549,16,11,30,0
-7644,-1.866211,549,12,11,26,0
-7643,-1.865967,549,12,11,26,0
-7642,-1.865723,549,12,11,26,0
-7641,-1.865479,549,12,11,26,0
-7640,-1.865234,549,12,13,28,0
-7639,-1.864990,549,12,13,28,0
-7638,-1.864746,549,12,13,28,0
-7637,-1.864502,550,11,12,30,0
-7636,-1.864258,550,11,12,30,0
-7635,-1.864014,550,11,12,30,0
-7634,-1.863770,550,11,12,30,0
-7633,-1.863525,550,11,12,30,0
-7632,-1.863281,550,11,13,27,0
-7631,-1.863037,550,11,13,27,0
-7630,-1.862793,550,11,13,27,0
-7629,-1.862549,550,14,13,30,0
-7628,-1.862305,551,18,11,32,0
-7627,-1.862061,551,12,11,26,0
-7626,-1.861816,551,12,11,26,0
-7625,-1.861572,551,12,11,26,0
-7624,-1.861328,551,12,11,26,0
-7623,-1.861084,551,12,13,28,0
-7622,-1.860840,551,12,13,28,0
-7621,-1.860596,552,11,12,30,0
-7620,-1.860352,552,11,12,30,0
-7619,-1.860107,552,11,12,30,0
-7618,-1.859863,552,11,12,30,0
-7617,-1.859619,552,11,13,27,0
-7616,-1.859375,552,11,13,27,0
-7615,-1.859131,552,11,13,27,0
-7614,-1.858887,552,11,13,27,0
-7613,-1.858643,552,15,13,31,0
-7612,-1.858398,553,12,11,26,0
-7611,-1.858154,553,12,11,26,0
-7610,-1.857910,553,12,11,26,0
-7609,-1.857666,553,12,11,26,0
-7608,-1.857422,553,12,13,28,0
-7607,-1.857178,553,12,13,28,0
-7606,-1.856934,553,12,13,28,0
-7605,-1.856689,553,14,13,30,0
-7604,-1.856445,554,15,12,30,0
-7603,-1.856201,554,11,12,30,0
-7602,-1.855957,554,11,12,30,0
-7601,-1.855713,554,11,12,30,0
-7600,-1.855469,554,11,12,30,0
-7599,-1.855225,554,11,13,27,0
-7598,-1.854980,554,11,13,27,0
-7597,-1.854736,554,13,13,29,0
-7596,-1.854492,554,13,13,29,0
-7595,-1.854248,555,17,11,31,0
-7594,-1.854004,555,14,11,28,0
-7593,-1.853760,555,12,11,26,0
-7592,-1.853516,555,12,11,26,0
-7591,-1.853271,555,12,11,26,0
-7590,-1.853027,555,12,13,28,0
-7589,-1.852783,555,13,13,29,0
-7588,-1.852539,555,13,13,29,0
-7587,-1.852295,556,16,12,31,0
-7586,-1.852051,556,14,12,29,0
-7585,-1.851807,556,11,12,30,0
-7584,-1.851562,556,11,12,30,0
-7583,-1.851318,556,11,12,30,0
-7582,-1.851074,556,11,13,27,0
-7581,-1.850830,556,13,13,29,0
-7580,-1.850586,556,13,13,29,0
-7579,-1.850342,556,13,13,29,0
-7578,-1.850098,557,18,11,32,0
-7577,-1.849854,557,12,11,26,0
-7576,-1.849609,557,12,11,26,0
-7575,-1.849365,557,12,11,26,0
-7574,-1.849121,557,12,11,26,0
-7573,-1.848877,557,13,13,29,0
-7572,-1.848633,557,13,13,29,0
-7571,-1.848389,557,13,13,29,0
-7570,-1.848145,557,13,13,29,0
-7569,-1.847900,558,11,12,26,0
-7568,-1.847656,558,11,12,26,0
-7567,-1.847412,558,11,12,26,0
-7566,-1.847168,558,11,12,26,0
-7565,-1.846924,558,11,13,27,0
-7564,-1.846680,558,11,13,27,0
-7563,-1.846436,558,11,13,27,0
-7562,-1.846191,558,11,13,27,0
-7561,-1.845947,558,15,13,31,0
-7560,-1.845703,559,13,11,27,0
-7559,-1.845459,559,13,11,27,0
-7558,-1.845215,559,13,11,27,0
-7557,-1.844971,559,12,13,28,0
-7556,-1.844727,559,12,13,28,0
-7555,-1.844482,559,12,13,28,0
-7554,-1.844238,559,12,13,28,0
-7553,-1.843994,560,17,12,32,0
-7552,-1.843750,560,13,12,28,0
-7551,-1.843506,560,13,12,28,0
-7550,-1.843262,560,13,12,28,0
-7549,-1.843018,560,11,12,26,0
-7548,-1.842773,560,11,13,27,0
-7547,-1.842529,560,11,13,27,0
-7546,-1.842285,560,11,13,27,0
-7545,-1.842041,560,11,13,27,0
-7544,-1.841797,560,11,13,27,0
-7543,-1.841553,561,16,11,30,0
-7542,-1.841309,561,14,11,28,0
-7541,-1.841064,561,12,11,26,0
-7540,-1.840820,561,12,13,28,0
-7539,-1.840576,561,12,13,28,0
-7538,-1.840332,561,12,13,28,0
-7537,-1.840088,561,12,13,28,0
-7536,-1.839844,561,12,13,28,0
-7535,-1.839600,562,16,12,31,0
-7534,-1.839355,562,14,12,29,0
-7533,-1.839111,562,11,12,26,0
-7532,-1.838867,562,11,12,26,0
-7531,-1.838623,562,11,13,27,0
-7530,-1.838379,562,11,13,27,0
-7529,-1.838135,562,11,13,27,0
-7528,-1.837891,562,11,13,27,0
-7527,-1.837646,562,15,13,31,0
-7526,-1.837402,563,14,11,28,0
-7525,-1.837158,563,12,11,26,0
-7524,-1.836914,563,12,11,26,0
-7523,-1.836670,563,12,11,26,0
-7522,-1.836426,563,12,13,28,0
-7521,-1.836182,563,12,13,28,0
-7520,-1.835938,563,12,13,28,0
-7519,-1.835693,563,15,13,31,0
-7518,-1.835449,564,14,12,29,0
-7517,-1.835205,564,11,12,26,0
-7516,-1.834961,564,11,12,26,0
-7515,-1.834717,564,11,12,26,0
-7514,-1.834473,564,11,13,27,0
-7513,-1.834229,564,11,13,27,0
-7512,-1.833984,564,11,13,27,0
-7511,-1.833740,564,11,13,27,0
-7510,-1.833496,565,18,11,32,0
-7509,-1.833252,565,10,11,24,0
-7508,-1.833008,565,10,11,24,0
-7507,-1.832764,565,10,11,24,0
-7506,-1.832520,565,10,11,24,0
-7505,-1.832275,565,10,13,26,0
-7504,-1.832031,565,10,13,26,0
-7503,-1.831787,565,10,13,26,0
-7502,-1.831543,565,10,13,26,0
-7501,-1.831299,566,16,12,31,0
-7500,-1.831055,566,12,12,27,0
-7499,-1.830811,566,12,12,27,0
-7498,-1.830566,566,12,12,27,0
-7497,-1.830322,566,12,12,27,0
-7496,-1.830078,566,12,13,28,0
-7495,-1.829834,566,12,13,28,0
-7494,-1.829590,566,12,13,28,0
-7493,-1.829346,567,11,11,25,0
-7492,-1.829102,567,11,11,25,0
-7491,-1.828857,567,11,11,25,0
-7490,-1.828613,567,11,11,25,0
-7489,-1.828369,567,11,13,27,0
-7488,-1.828125,567,11,13,27,0
-7487,-1.827881,567,11,13,27,0
-7486,-1.827637,567,11,13,27,0
-7485,-1.827393,568,12,12,27,0
-7484,-1.827148,568,12,12,27,0
-7483,-1.826904,568,12,12,27,0
-7482,-1.826660,568,12,12,27,0
-7481,-1.826416,568,12,12,27,0
-7480,-1.826172,568,12,13,28,0
-7479,-1.825928,568,12,13,28,0
-7478,-1.825684,568,12,13,28,0
-7477,-1.825439,568,15,13,31,0
-7476,-1.825195,569,11,11,25,0
-7475,-1.824951,569,11,11,25,0
-7474,-1.824707,569,11,11,25,0
-7473,-1.824463,569,11,11,25,0
-7472,-1.824219,569,11,13,27,0
-7471,-1.823975,569,11,13,27,0
-7470,-1.823730,569,11,13,27,0
-7469,-1.823486,569,14,13,30,0
-7468,-1.823242,570,15,12,30,0
-7467,-1.822998,570,12,12,27,0
-7466,-1.822754,570,12,12,27,0
-7465,-1.822510,570,12,12,27,0
-7464,-1.822266,570,12,13,28,0
-7463,-1.822021,570,12,13,28,0
-7462,-1.821777,570,12,13,28,0
-7461,-1.821533,570,14,13,30,0
-7460,-1.821289,571,15,11,29,0
-7459,-1.821045,571,11,11,25,0
-7458,-1.820801,571,11,11,25,0
-7457,-1.820557,571,11,11,25,0
-7456,-1.820312,571,11,13,27,0
-7455,-1.820068,571,11,13,27,0
-7454,-1.819824,571,11,13,27,0
-7453,-1.819580,571,14,13,30,0
-7452,-1.819336,572,15,12,30,0
-7451,-1.819092,572,12,12,27,0
-7450,-1.818848,572,12,12,27,0
-7449,-1.818604,572,12,12,27,0
-7448,-1.818359,572,12,13,28,0
-7447,-1.818115,572,12,13,28,0
-7446,-1.817871,572,12,13,28,0
-7445,-1.817627,572,13,13,29,0
-7444,-1.817383,572,13,13,29,0
-7443,-1.817139,573,17,11,31,0
-7442,-1.816895,573,14,11,28,0
-7441,-1.816650,573,11,11,25,0
-7440,-1.816406,573,11,11,25,0
-7439,-1.816162,573,11,11,25,0
-7438,-1.815918,573,11,13,27,0
-7437,-1.815674,573,13,13,29,0
-7436,-1.815430,573,13,13,29,0
-7435,-1.815186,573,15,13,31,0
-7434,-1.814941,574,14,12,29,0
-7433,-1.814697,574,12,12,27,0
-7432,-1.814453,574,12,12,27,0
-7431,-1.814209,574,12,12,27,0
-7430,-1.813965,574,12,13,28,0
-7429,-1.813721,574,13,13,29,0
-7428,-1.813477,574,13,13,29,0
-7427,-1.813232,575,17,11,31,0
-7426,-1.812988,575,14,11,28,0
-7425,-1.812744,575,11,11,25,0
-7424,-1.812500,575,11,11,25,0
-7423,-1.812256,575,11,11,25,0
-7422,-1.812012,575,11,13,27,0
-7421,-1.811768,575,13,13,29,0
-7420,-1.811523,575,13,13,29,0
-7419,-1.811279,575,13,13,29,0
-7418,-1.811035,576,15,12,30,0
-7417,-1.810791,576,12,12,27,0
-7416,-1.810547,576,12,12,27,0
-7415,-1.810303,576,12,12,27,0
-7414,-1.810059,576,12,13,28,0
-7413,-1.809814,576,12,13,28,0
-7412,-1.809570,576,12,13,28,0
-7411,-1.809326,576,12,13,28,0
-7410,-1.809082,576,12,13,28,0
-7409,-1.808838,577,13,11,27,0
-7408,-1.808594,577,13,11,27,0
-7407,-1.808350,577,13,11,27,0
-7406,-1.808105,577,13,11,27,0
-7405,-1.807861,577,11,13,27,0
-7404,-1.807617,577,11,13,27,0
-7403,-1.807373,577,11,13,27,0
-7402,-1.807129,577,11,13,27,0
-7401,-1.806885,578,16,12,31,0
-7400,-1.806641,578,13,12,28,0
-7399,-1.806396,578,13,12,28,0
-7398,-1.806152,578,13,12,28,0
-7397,-1.805908,578,12,13,28,0
-7396,-1.805664,578,12,13,28,0
-7395,-1.805420,578,12,13,28,0
-7394,-1.805176,578,12,13,28,0
-7393,-1.804932,579,18,11,32,0
-7392,-1.804688,579,13,11,27,0
-7391,-1.804443,579,13,11,27,0
-7390,-1.804199,579,13,11,27,0
-7389,-1.803955,579,11,13,27,0
-7388,-1.803711,579,11,13,27,0
-7387,-1.803467,579,11,13,27,0
-7386,-1.803223,579,11,13,27,0
-7385,-1.802979,580,18,12,33,0
-7384,-1.802734,580,13,12,28,0
-7383,-1.802490,580,13,12,28,0
-7382,-1.802246,580,13,12,28,0
-7381,-1.802002,580,12,13,28,0
-7380,-1.801758,580,12,13,28,0
-7379,-1.801514,580,12,13,28,0
-7378,-1.801270,580,12,13,28,0
-7377,-1.801025,580,14,13,30,0
-7376,-1.800781,581,15,11,29,0
-7375,-1.800537,581,13,11,27,0
-7374,-1.800293,581,13,11,27,0
-7373,-1.800049,581,11,11,25,0
-7372,-1.799805,581,11,13,27,0
-7371,-1.799561,581,11,13,27,0
-7370,-1.799316,581,11,13,27,0
-7369,-1.799072,581,14,13,30,0
-7368,-1.798828,582,18,12,33,0
-7367,-1.798584,582,13,12,28,0
-7366,-1.798340,582,13,12,28,0
-7365,-1.798096,582,12,13,28,0
-7364,-1.797852,582,12,13,28,0
-7363,-1.797607,582,12,13,28,0
-7362,-1.797363,582,12,13,28,0
-7361,-1.797119,583,16,11,30,0
-7360,-1.796875,583,13,11,27,0
-7359,-1.796631,583,13,11,27,0
-7358,-1.796387,583,13,11,27,0
-7357,-1.796143,583,11,13,27,0
-7356,-1.795898,583,11,13,27,0
-7355,-1.795654,583,11,13,27,0
-7354,-1.795410,583,11,13,27,0
-7353,-1.795166,583,15,13,31,0
-7352,-1.794922,584,13,12,28,0
-7351,-1.794678,584,13,12,28,0
-7350,-1.794434,584,13,12,28,0
-7349,-1.794189,584,12,12,31,0
-7348,-1.793945,584,12,13,28,0
-7347,-1.793701,584,12,13,28,0
-7346,-1.793457,584,12,13,28,0
-7345,-1.793213,584,14,13,30,0
-7344,-1.792969,585,15,11,29,0
-7343,-1.792725,585,13,11,27,0
-7342,-1.792480,585,13,11,27,0
-7341,-1.792236,585,11,11,25,0
-7340,-1.791992,585,11,11,25,0
-7339,-1.791748,585,11,13,27,0
-7338,-1.791504,585,11,13,27,0
-7337,-1.791260,585,11,13,27,0
-7336,-1.791016,585,11,13,27,0
-7335,-1.790771,585,18,13,34,0
-7334,-1.790527,586,14,12,29,0
-7333,-1.790283,586,12,12,31,0
-7332,-1.790039,586,12,13,28,0
-7331,-1.789795,586,12,13,28,0
-7330,-1.789551,586,12,13,28,0
-7329,-1.789307,586,14,13,30,0
-7328,-1.789062,586,18,13,34,0
-7327,-1.788818,587,13,11,27,0
-7326,-1.788574,587,13,11,27,0
-7325,-1.788330,587,11,11,25,0
-7324,-1.788086,587,11,13,27,0
-7323,-1.787842,587,11,13,27,0
-7322,-1.787598,587,11,13,27,0
-7321,-1.787354,587,11,13,27,0
-7320,-1.787109,587,11,13,27,0
-7319,-1.786865,588,16,12,31,0
-7318,-1.786621,588,14,12,29,0
-7317,-1.786377,588,12,12,31,0
-7316,-1.786133,588,12,12,31,0
-7315,-1.785889,588,12,13,28,0
-7314,-1.785645,588,12,13,28,0
-7313,-1.785400,588,12,13,28,0
-7312,-1.785156,588,12,13,28,0
-7311,-1.784912,588,15,13,31,0
-7310,-1.784668,589,14,11,28,0
-7309,-1.784424,589,11,11,25,0
-7308,-1.784180,589,11,11,25,0
-7307,-1.783936,589,11,13,27,0
-7306,-1.783691,589,11,13,27,0
-7305,-1.783447,589,11,13,27,0
-7304,-1.783203,589,11,13,27,0
-7303,-1.782959,589,15,13,31,0
-7302,-1.782715,590,14,12,29,0
-7301,-1.782471,590,12,12,31,0
-7300,-1.782227,590,12,13,28,0
-7299,-1.781982,590,12,13,28,0
-7298,-1.781738,590,12,13,28,0
-7297,-1.781494,590,12,13,28,0
-7296,-1.781250,590,12,13,28,0
-7295,-1.781006,591,16,11,30,0
-7294,-1.780762,591,14,11,28,0
-7293,-1.780518,591,11,11,25,0
-7292,-1.780273,591,11,11,25,0
-7291,-1.780029,591,11,13,27,0
-7290,-1.779785,591,11,13,27,0
-7289,-1.779541,591,11,13,27,0
-7288,-1.779297,591,11,13,27,0
-7287,-1.779053,591,18,13,34,0
-7286,-1.778809,592,14,12,29,0
-7285,-1.778564,592,12,12,31,0
-7284,-1.778320,592,12,12,31,0
-7283,-1.778076,592,12,13,28,0
-7282,-1.777832,592,12,13,28,0
-7281,-1.777588,592,12,13,28,0
-7280,-1.777344,592,12,13,28,0
-7279,-1.777100,592,12,13,28,0
-7278,-1.776855,593,15,11,29,0
-7277,-1.776611,593,11,11,25,0
-7276,-1.776367,593,11,11,25,0
-7275,-1.776123,593,11,11,25,0
-7274,-1.775879,593,11,13,27,0
-7273,-1.775635,593,11,13,27,0
-7272,-1.775391,593,11,13,27,0
-7271,-1.775146,593,11,13,27,0
-7270,-1.774902,594,15,12,30,0
-7269,-1.774658,594,12,12,31,0
-7268,-1.774414,594,12,12,31,0
-7267,-1.774170,594,12,12,31,0
-7266,-1.773926,594,12,13,28,0
-7265,-1.773682,594,12,13,28,0
-7264,-1.773438,594,12,13,28,0
-7263,-1.773193,594,12,13,28,0
-7262,-1.772949,595,15,11,29,0
-7261,-1.772705,595,11,11,25,0
-7260,-1.772461,595,11,11,25,0
-7259,-1.772217,595,11,11,25,0
-7258,-1.771973,595,11,13,27,0
-7257,-1.771729,595,11,13,27,0
-7256,-1.771484,595,11,13,27,0
-7255,-1.771240,595,11,13,27,0
-7254,-1.770996,596,15,12,30,0
-7253,-1.770752,596,12,12,31,0
-7252,-1.770508,596,12,12,31,0
-7251,-1.770264,596,12,12,31,0
-7250,-1.770020,596,12,13,28,0
-7249,-1.769775,596,12,13,28,0
-7248,-1.769531,596,12,13,28,0
-7247,-1.769287,596,12,13,28,0
-7246,-1.769043,596,18,13,34,0
-7245,-1.768799,597,11,11,25,0
-7244,-1.768555,597,11,11,25,0
-7243,-1.768311,597,11,11,25,0
-7242,-1.768066,597,11,13,27,0
-7241,-1.767822,597,11,13,27,0
-7240,-1.767578,597,11,13,27,0
-7239,-1.767334,597,11,13,27,0
-7238,-1.767090,597,18,13,34,0
-7237,-1.766846,598,12,12,31,0
-7236,-1.766602,598,12,12,31,0
-7235,-1.766357,598,12,13,28,0
-7234,-1.766113,598,12,13,28,0
-7233,-1.765869,598,12,13,28,0
-7232,-1.765625,598,12,13,28,0
-7231,-1.765381,598,15,13,31,0
-7230,-1.765137,599,14,11,28,0
-7229,-1.764893,599,11,11,25,0
-7228,-1.764648,599,11,11,25,0
-7227,-1.764404,599,11,13,27,0
-7226,-1.764160,599,11,13,27,0
-7225,-1.763916,599,11,13,27,0
-7224,-1.763672,599,11,13,27,0
-7223,-1.763428,600,18,12,33,0
-7222,-1.763184,600,14,12,29,0
-7221,-1.762939,600,12,12,31,0
-7220,-1.762695,600,12,12,31,0
-7219,-1.762451,600,12,12,31,0
-7218,-1.762207,600,12,13,28,0
-7217,-1.761963,600,12,13,28,0
-7216,-1.761719,600,12,13,28,0
-7215,-1.761475,600,12,13,28,0
-7214,-1.761230,601,15,11,29,0
-7213,-1.760986,601,11,11,25,0
-7212,-1.760742,601,11,11,25,0
-7211,-1.760498,601,11,11,25,0
-7210,-1.760254,601,11,13,27,0
-7209,-1.760010,601,11,13,27,0
-7208,-1.759766,601,11,13,27,0
-7207,-1.759521,601,11,13,27,0
-7206,-1.759277,602,17,12,32,0
-7205,-1.759033,602,12,12,31,0
-7204,-1.758789,602,12,12,31,0
-7203,-1.758545,602,12,12,31,0
-7202,-1.758301,602,12,13,28,0
-7201,-1.758057,602,12,13,28,0
-7200,-1.757812,602,12,13,28,0
-7199,-1.757568,602,12,13,28,0
-7198,-1.757324,603,15,11,29,0
-7197,-1.757080,603,11,11,25,0
-7196,-1.756836,603,11,11,25,0
-7195,-1.756592,603,11,11,25,0
-7194,-1.756348,603,11,13,27,0
-7193,-1.756104,603,11,13,27,0
-7192,-1.755859,603,11,13,27,0
-7191,-1.755615,603,11,13,27,0
-7190,-1.755371,604,15,12,30,0
-7189,-1.755127,604,12,12,31,0
-7188,-1.754883,604,12,12,31,0
-7187,-1.754639,604,12,12,31,0
-7186,-1.754395,604,12,13,28,0
-7185,-1.754150,604,12,13,28,0
-7184,-1.753906,604,12,13,28,0
-7183,-1.753662,604,12,13,28,0
-7182,-1.753418,605,15,11,29,0
-7181,-1.753174,605,11,11,25,0
-7180,-1.752930,605,11,11,25,0
-7179,-1.752686,605,11,11,25,0
-7178,-1.752441,605,11,13,27,0
-7177,-1.752197,605,11,13,27,0
-7176,-1.751953,605,11,13,27,0
-7175,-1.751709,605,11,13,27,0
-7174,-1.751465,606,15,12,30,0
-7173,-1.751221,606,12,12,31,0
-7172,-1.750977,606,12,12,31,0
-7171,-1.750732,606,12,13,28,0
-7170,-1.750488,606,12,13,28,0
-7169,-1.750244,606,12,13,28,0
-7168,-1.750000,606,12,13,28,0
-7167,-1.749756,606,15,13,31,0
-7166,-1.749512,607,14,11,28,0
-7165,-1.749268,607,11,11,25,0
-7164,-1.749023,607,11,11,25,0
-7163,-1.748779,607,11,11,25,0
-7162,-1.748535,607,11,13,27,0
-7161,-1.748291,607,11,13,27,0
-7160,-1.748047,607,11,13,27,0
-7159,-1.747803,607,15,13,31,0
-7158,-1.747559,608,14,12,29,0
-7157,-1.747314,608,12,12,31,0
-7156,-1.747070,608,12,12,31,0
-7155,-1.746826,608,12,13,28,0
-7154,-1.746582,608,12,13,28,0
-7153,-1.746338,608,12,13,28,0
-7152,-1.746094,608,12,13,28,0
-7151,-1.745850,608,12,13,28,0
-7150,-1.745605,609,15,11,29,0
-7149,-1.745361,609,11,11,25,0
-7148,-1.745117,609,11,11,25,0
-7147,-1.744873,609,11,11,25,0
-7146,-1.744629,609,11,13,27,0
-7145,-1.744385,609,11,13,27,0
-7144,-1.744141,609,11,13,27,0
-7143,-1.743896,609,11,13,27,0
-7142,-1.743652,610,18,12,33,0
-7141,-1.743408,610,12,12,31,0
-7140,-1.743164,610,12,12,31,0
-7139,-1.742920,610,12,12,31,0
-7138,-1.742676,610,12,13,28,0
-7137,-1.742432,610,12,13,28,0
-7136,-1.742188,610,12,13,28,0
-7135,-1.741943,610,12,13,28,0
-7134,-1.741699,611,17,11,31,0
-7133,-1.741455,611,11,11,25,0
-7132,-1.741211,611,11,11,25,0
-7131,-1.740967,611,11,11,25,0
-7130,-1.740723,611,11,13,27,0
-7129,-1.740479,611,11,13,27,0
-7128,-1.740234,611,11,13,27,0
-7127,-1.739990,611,11,13,27,0
-7126,-1.739746,612,15,12,30,0
-7125,-1.739502,612,12,12,31,0
-7124,-1.739258,612,12,12,31,0
-7123,-1.739014,612,12,12,31,0
-7122,-1.738770,612,12,13,28,0
-7121,-1.738525,612,12,13,28,0
-7120,-1.738281,612,12,13,28,0
-7119,-1.738037,612,12,13,28,0
-7118,-1.737793,613,15,11,29,0
-7117,-1.737549,613,11,11,25,0
-7116,-1.737305,613,11,11,25,0
-7115,-1.737061,613,11,11,25,0
-7114,-1.736816,613,11,13,27,0
-7113,-1.736572,613,11,13,27,0
-7112,-1.736328,613,11,13,27,0
-7111,-1.736084,613,11,13,27,0
-7110,-1.735840,614,15,12,30,0
-7109,-1.735596,614,13,13,29,0
-7108,-1.735352,614,13,13,29,0
-7107,-1.735107,614,13,13,29,0
-7106,-1.734863,614,13,13,29,0
-7105,-1.734619,615,15,11,29,0
-7104,-1.734375,615,11,11,25,0
-7103,-1.734131,615,11,11,25,0
-7102,-1.733887,615,11,11,25,0
-7101,-1.733643,615,11,13,27,0
-7100,-1.733398,615,13,13,29,0
-7099,-1.733154,615,13,13,29,0
-7098,-1.732910,615,13,13,29,0
-7097,-1.732666,616,15,12,30,0
-7096,-1.732422,616,12,12,27,0
-7095,-1.732178,616,12,12,27,0
-7094,-1.731934,616,12,12,27,0
-7093,-1.731689,616,12,13,28,0
-7092,-1.731445,616,13,13,29,0
-7091,-1.731201,616,13,13,29,0
-7090,-1.730957,616,13,13,29,0
-7089,-1.730713,617,15,11,29,0
-7088,-1.730469,617,11,11,25,0
-7087,-1.730225,617,11,11,25,0
-7086,-1.729980,617,11,11,25,0
-7085,-1.729736,617,11,13,27,0
-7084,-1.729492,617,13,13,29,0
-7083,-1.729248,617,13,13,29,0
-7082,-1.729004,617,15,13,31,0
-7081,-1.728760,618,14,12,29,0
-7080,-1.728516,618,12,12,27,0
-7079,-1.728271,618,12,12,27,0
-7078,-1.728027,618,12,12,27,0
-7077,-1.727783,618,12,13,28,0
-7076,-1.727539,618,13,13,29,0
-7075,-1.727295,618,13,13,29,0
-7074,-1.727051,618,18,13,34,0
-7073,-1.726807,619,14,11,28,0
-7072,-1.726562,619,11,11,25,0
-7071,-1.726318,619,11,11,25,0
-7070,-1.726074,619,11,13,27,0
-7069,-1.725830,619,11,13,27,0
-7068,-1.725586,619,13,13,29,0
-7067,-1.725342,619,13,13,29,0
-7066,-1.725098,620,16,12,31,0
-7065,-1.724854,620,14,12,29,0
-7064,-1.724609,620,12,12,27,0
-7063,-1.724365,620,12,12,27,0
-7062,-1.724121,620,12,12,27,0
-7061,-1.723877,620,12,13,28,0
-7060,-1.723633,620,13,13,29,0
-7059,-1.723389,620,13,13,29,0
-7058,-1.723145,620,18,13,34,0
-7057,-1.722900,621,14,11,28,0
-7056,-1.722656,621,11,11,25,0
-7055,-1.722412,621,11,11,25,0
-7054,-1.722168,621,11,11,25,0
-7053,-1.721924,621,11,13,27,0
-7052,-1.721680,621,13,13,29,0
-7051,-1.721436,621,13,13,29,0
-7050,-1.721191,621,18,13,34,0
-7049,-1.720947,622,14,12,29,0
-7048,-1.720703,622,12,12,27,0
-7047,-1.720459,622,12,12,27,0
-7046,-1.720215,622,12,13,28,0
-7045,-1.719971,622,12,13,28,0
-7044,-1.719727,622,15,13,31,0
-7043,-1.719482,623,11,11,25,0
-7042,-1.719238,623,11,11,25,0
-7041,-1.718994,623,11,11,25,0
-7040,-1.718750,623,11,11,25,0
-7039,-1.718506,623,11,13,27,0
-7038,-1.718262,623,11,13,27,0
-7037,-1.718018,623,11,13,27,0
-7036,-1.717773,623,15,13,31,0
-7035,-1.717529,624,12,12,27,0
-7034,-1.717285,624,12,12,27,0
-7033,-1.717041,624,12,12,27,0
-7032,-1.716797,624,12,12,27,0
-7031,-1.716553,624,12,13,28,0
-7030,-1.716309,624,12,13,28,0
-7029,-1.716064,624,12,13,28,0
-7028,-1.715820,624,14,13,30,0
-7027,-1.715576,625,15,11,29,0
-7026,-1.715332,625,11,11,25,0
-7025,-1.715088,625,11,11,25,0
-7024,-1.714844,625,11,11,25,0
-7023,-1.714600,625,11,13,27,0
-7022,-1.714355,625,11,13,27,0
-7021,-1.714111,625,11,13,27,0
-7020,-1.713867,625,14,13,30,0
-7019,-1.713623,626,15,12,30,0
-7018,-1.713379,626,12,12,27,0
-7017,-1.713135,626,12,12,27,0
-7016,-1.712891,626,12,12,27,0
-7015,-1.712646,626,12,13,28,0
-7014,-1.712402,626,12,13,28,0
-7013,-1.712158,626,12,13,28,0
-7012,-1.711914,626,15,13,31,0
-7011,-1.711670,627,11,11,25,0
-7010,-1.711426,627,11,11,25,0
-7009,-1.711182,627,11,11,25,0
-7008,-1.710938,627,11,11,25,0
-7007,-1.710693,627,11,13,27,0
-7006,-1.710449,627,11,13,27,0
-7005,-1.710205,627,11,13,27,0
-7004,-1.709961,627,18,13,34,0
-7003,-1.709717,628,12,12,27,0
-7002,-1.709473,628,12,12,27,0
-7001,-1.709229,628,12,12,27,0
-7000,-1.708984,628,12,12,27,0
-6999,-1.708740,628,12,13,28,0
-6998,-1.708496,628,12,13,28,0
-6997,-1.708252,628,12,13,28,0
-6996,-1.708008,629,16,11,30,0
-6995,-1.707764,629,11,11,25,0
-6994,-1.707520,629,11,11,25,0
-6993,-1.707275,629,11,11,25,0
-6992,-1.707031,629,11,11,25,0
-6991,-1.706787,629,11,13,27,0
-6990,-1.706543,629,11,13,27,0
-6989,-1.706299,629,11,13,27,0
-6988,-1.706055,630,12,12,27,0
-6987,-1.705811,630,12,12,27,0
-6986,-1.705566,630,12,12,27,0
-6985,-1.705322,630,12,12,27,0
-6984,-1.705078,630,12,13,28,0
-6983,-1.704834,630,12,13,28,0
-6982,-1.704590,630,12,13,28,0
-6981,-1.704346,630,12,13,28,0
-6980,-1.704102,631,12,11,26,0
-6979,-1.703857,631,12,11,26,0
-6978,-1.703613,631,12,11,26,0
-6977,-1.703369,631,12,13,28,0
-6976,-1.703125,631,12,13,28,0
-6975,-1.702881,631,12,13,28,0
-6974,-1.702637,631,15,13,31,0
-6973,-1.702393,632,14,12,29,0
-6972,-1.702148,632,11,12,26,0
-6971,-1.701904,632,11,12,26,0
-6970,-1.701660,632,11,12,26,0
-6969,-1.701416,632,11,13,27,0
-6968,-1.701172,632,11,13,27,0
-6967,-1.700928,632,11,13,27,0
-6966,-1.700684,632,11,13,27,0
-6965,-1.700439,633,15,11,29,0
-6964,-1.700195,633,12,11,26,0
-6963,-1.699951,633,12,11,26,0
-6962,-1.699707,633,12,11,26,0
-6961,-1.699463,633,12,13,28,0
-6960,-1.699219,633,12,13,28,0
-6959,-1.698975,633,12,13,28,0
-6958,-1.698730,633,15,13,31,0
-6957,-1.698486,634,14,12,29,0
-6956,-1.698242,634,11,12,26,0
-6955,-1.697998,634,11,12,26,0
-6954,-1.697754,634,11,12,26,0
-6953,-1.697510,634,11,13,27,0
-6952,-1.697266,634,11,13,27,0
-6951,-1.697021,634,11,13,27,0
-6950,-1.696777,635,17,11,31,0
-6949,-1.696533,635,14,11,28,0
-6948,-1.696289,635,12,11,26,0
-6947,-1.696045,635,12,13,28,0
-6946,-1.695801,635,12,13,28,0
-6945,-1.695557,635,12,13,28,0
-6944,-1.695312,635,14,13,30,0
-6943,-1.695068,636,15,12,30,0
-6942,-1.694824,636,13,12,28,0
-6941,-1.694580,636,13,12,28,0
-6940,-1.694336,636,11,12,26,0
-6939,-1.694092,636,11,12,26,0
-6938,-1.693848,636,11,13,27,0
-6937,-1.693604,636,11,13,27,0
-6936,-1.693359,636,11,13,27,0
-6935,-1.693115,636,11,13,27,0
-6934,-1.692871,637,17,11,31,0
-6933,-1.692627,637,14,11,28,0
-6932,-1.692383,637,12,11,26,0
-6931,-1.692139,637,12,13,28,0
-6930,-1.691895,637,12,13,28,0
-6929,-1.691650,637,12,13,28,0
-6928,-1.691406,637,14,13,30,0
-6927,-1.691162,638,15,12,30,0
-6926,-1.690918,638,13,12,28,0
-6925,-1.690674,638,13,12,28,0
-6924,-1.690430,638,11,12,26,0
-6923,-1.690186,638,11,13,27,0
-6922,-1.689941,638,11,13,27,0
-6921,-1.689697,638,11,13,27,0
-6920,-1.689453,638,14,13,30,0
-6919,-1.689209,639,15,11,29,0
-6918,-1.688965,639,13,11,27,0
-6917,-1.688721,639,13,11,27,0
-6916,-1.688477,639,13,13,29,0
-6915,-1.688232,639,13,13,29,0
-6914,-1.687988,639,13,13,29,0
-6913,-1.687744,639,13,13,29,0
-6912,-1.687500,640,11,12,26,0
-6911,-1.687256,640,11,12,26,0
-6910,-1.687012,640,11,12,26,0
-6909,-1.686768,640,11,12,26,0
-6908,-1.686523,640,11,13,27,0
-6907,-1.686279,640,11,13,27,0
-6906,-1.686035,640,11,13,27,0
-6905,-1.685791,640,11,13,27,0
-6904,-1.685547,640,14,13,30,0
-6903,-1.685303,641,15,11,29,0
-6902,-1.685059,641,13,11,27,0
-6901,-1.684814,641,13,11,27,0
-6900,-1.684570,641,12,11,26,0
-6899,-1.684326,641,12,13,28,0
-6898,-1.684082,641,12,13,28,0
-6897,-1.683838,641,12,13,28,0
-6896,-1.683594,641,15,13,31,0
-6895,-1.683350,642,13,12,28,0
-6894,-1.683105,642,13,12,28,0
-6893,-1.682861,642,13,12,28,0
-6892,-1.682617,642,11,13,27,0
-6891,-1.682373,642,11,13,27,0
-6890,-1.682129,642,11,13,27,0
-6889,-1.681885,642,11,13,27,0
-6888,-1.681641,642,15,13,31,0
-6887,-1.681396,643,13,11,27,0
-6886,-1.681152,643,13,11,27,0
-6885,-1.680908,643,13,11,27,0
-6884,-1.680664,643,13,13,29,0
-6883,-1.680420,643,13,13,29,0
-6882,-1.680176,643,13,13,29,0
-6881,-1.679932,644,15,12,30,0
-6880,-1.679688,644,11,12,30,0
-6879,-1.679443,644,11,12,30,0
-6878,-1.679199,644,11,12,30,0
-6877,-1.678955,644,11,13,27,0
-6876,-1.678711,644,13,13,29,0
-6875,-1.678467,644,13,13,29,0
-6874,-1.678223,644,15,13,31,0
-6873,-1.677979,645,14,11,28,0
-6872,-1.677734,645,12,11,26,0
-6871,-1.677490,645,12,11,26,0
-6870,-1.677246,645,12,11,26,0
-6869,-1.677002,645,12,13,28,0
-6868,-1.676758,645,13,13,29,0
-6867,-1.676514,645,13,13,29,0
-6866,-1.676270,645,15,13,31,0
-6865,-1.676025,646,14,12,29,0
-6864,-1.675781,646,11,12,30,0
-6863,-1.675537,646,11,12,30,0
-6862,-1.675293,646,11,12,30,0
-6861,-1.675049,646,11,13,27,0
-6860,-1.674805,646,13,13,29,0
-6859,-1.674561,646,13,13,29,0
-6858,-1.674316,647,18,11,32,0
-6857,-1.674072,647,14,11,28,0
-6856,-1.673828,647,12,11,26,0
-6855,-1.673584,647,12,11,26,0
-6854,-1.673340,647,12,13,28,0
-6853,-1.673096,647,12,13,28,0
-6852,-1.672852,647,15,13,31,0
-6851,-1.672607,648,11,12,30,0
-6850,-1.672363,648,11,12,30,0
-6849,-1.672119,648,11,12,30,0
-6848,-1.671875,648,11,12,30,0
-6847,-1.671631,648,11,13,27,0
-6846,-1.671387,648,11,13,27,0
-6845,-1.671143,648,11,13,27,0
-6844,-1.670898,648,15,13,31,0
-6843,-1.670654,649,12,11,26,0
-6842,-1.670410,649,12,11,26,0
-6841,-1.670166,649,12,11,26,0
-6840,-1.669922,649,12,11,26,0
-6839,-1.669678,649,12,13,28,0
-6838,-1.669434,649,12,13,28,0
-6837,-1.669189,649,12,13,28,0
-6836,-1.668945,650,16,12,31,0
-6835,-1.668701,650,12,12,27,0
-6834,-1.668457,650,12,12,27,0
-6833,-1.668213,650,12,12,27,0
-6832,-1.667969,650,12,13,28,0
-6831,-1.667725,650,12,13,28,0
-6830,-1.667480,650,12,13,28,0
-6829,-1.667236,650,12,13,28,0
-6828,-1.666992,651,11,11,25,0
-6827,-1.666748,651,11,11,25,0
-6826,-1.666504,651,11,11,25,0
-6825,-1.666260,651,11,11,25,0
-6824,-1.666016,651,11,13,27,0
-6823,-1.665771,651,11,13,27,0
-6822,-1.665527,651,11,13,27,0
-6821,-1.665283,652,17,12,32,0
-6820,-1.665039,652,12,12,31,0
-6819,-1.664795,652,12,12,31,0
-6818,-1.664551,652,12,12,31,0
-6817,-1.664307,652,12,13,28,0
-6816,-1.664062,652,12,13,28,0
-6815,-1.663818,652,12,13,28,0
-6814,-1.663574,652,12,13,28,0
-6813,-1.663330,653,15,11,29,0
-6812,-1.663086,653,11,11,25,0
-6811,-1.662842,653,11,11,25,0
-6810,-1.662598,653,11,13,27,0
-6809,-1.662354,653,11,13,27,0
-6808,-1.662109,653,11,13,27,0
-6807,-1.661865,653,11,13,27,0
-6806,-1.661621,653,15,13,31,0
-6805,-1.661377,654,14,12,29,0
-6804,-1.661133,654,12,12,31,0
-6803,-1.660889,654,12,12,31,0
-6802,-1.660645,654,12,13,28,0
-6801,-1.660400,654,12,13,28,0
-6800,-1.660156,654,12,13,28,0
-6799,-1.659912,654,12,13,28,0
-6798,-1.659668,655,16,11,30,0
-6797,-1.659424,655,14,11,28,0
-6796,-1.659180,655,11,11,25,0
-6795,-1.658936,655,11,13,27,0
-6794,-1.658691,655,11,13,27,0
-6793,-1.658447,655,11,13,27,0
-6792,-1.658203,655,14,13,30,0
-6791,-1.657959,656,15,12,30,0
-6790,-1.657715,656,13,12,28,0
-6789,-1.657471,656,13,12,28,0
-6788,-1.657227,656,12,12,31,0
-6787,-1.656982,656,12,13,28,0
-6786,-1.656738,656,12,13,28,0
-6785,-1.656494,656,12,13,28,0
-6784,-1.656250,656,15,13,31,0
-6783,-1.656006,657,13,11,27,0
-6782,-1.655762,657,13,11,27,0
-6781,-1.655518,657,13,11,27,0
-6780,-1.655273,657,11,13,27,0
-6779,-1.655029,657,11,13,27,0
-6778,-1.654785,657,11,13,27,0
-6777,-1.654541,657,11,13,27,0
-6776,-1.654297,658,16,12,31,0
-6775,-1.654053,658,13,12,28,0
-6774,-1.653809,658,13,12,28,0
-6773,-1.653564,658,13,12,28,0
-6772,-1.653320,658,13,13,29,0
-6771,-1.653076,658,13,13,29,0
-6770,-1.652832,658,13,13,29,0
-6769,-1.652588,659,15,11,29,0
-6768,-1.652344,659,11,11,25,0
-6767,-1.652100,659,11,11,25,0
-6766,-1.651855,659,11,11,25,0
-6765,-1.651611,659,11,13,27,0
-6764,-1.651367,659,13,13,29,0
-6763,-1.651123,659,13,13,29,0
-6762,-1.650879,659,13,13,29,0
-6761,-1.650635,660,15,12,30,0
-6760,-1.650391,660,12,12,27,0
-6759,-1.650146,660,12,12,27,0
-6758,-1.649902,660,12,12,27,0
-6757,-1.649658,660,12,13,28,0
-6756,-1.649414,660,13,13,29,0
-6755,-1.649170,660,13,13,29,0
-6754,-1.648926,661,16,11,30,0
-6753,-1.648682,661,14,11,28,0
-6752,-1.648438,661,11,11,25,0
-6751,-1.648193,661,11,11,25,0
-6750,-1.647949,661,11,13,27,0
-6749,-1.647705,661,11,13,27,0
-6748,-1.647461,661,14,13,30,0
-6747,-1.647217,662,15,12,30,0
-6746,-1.646973,662,12,12,27,0
-6745,-1.646729,662,12,12,27,0
-6744,-1.646484,662,12,12,27,0
-6743,-1.646240,662,12,13,28,0
-6742,-1.645996,662,12,13,28,0
-6741,-1.645752,662,12,13,28,0
-6740,-1.645508,663,17,11,31,0
-6739,-1.645264,663,11,11,25,0
-6738,-1.645020,663,11,11,25,0
-6737,-1.644775,663,11,11,25,0
-6736,-1.644531,663,11,13,27,0
-6735,-1.644287,663,11,13,27,0
-6734,-1.644043,663,11,13,27,0
-6733,-1.643799,663,11,13,27,0
-6732,-1.643555,664,12,12,27,0
-6731,-1.643311,664,12,12,27,0
-6730,-1.643066,664,12,12,27,0
-6729,-1.642822,664,12,12,27,0
-6728,-1.642578,664,12,13,28,0
-6727,-1.642334,664,12,13,28,0
-6726,-1.642090,664,12,13,28,0
-6725,-1.641846,664,12,13,28,0
-6724,-1.641602,665,12,11,26,0
-6723,-1.641357,665,12,11,26,0
-6722,-1.641113,665,12,11,26,0
-6721,-1.640869,665,12,13,28,0
-6720,-1.640625,665,12,13,28,0
-6719,-1.640381,665,12,13,28,0
-6718,-1.640137,665,12,13,28,0
-6717,-1.639893,666,17,12,32,0
-6716,-1.639648,666,11,12,26,0
-6715,-1.639404,666,11,12,26,0
-6714,-1.639160,666,11,12,26,0
-6713,-1.638916,666,11,13,27,0
-6712,-1.638672,666,11,13,27,0
-6711,-1.638428,666,11,13,27,0
-6710,-1.638184,666,11,13,27,0
-6709,-1.637939,667,17,11,31,0
-6708,-1.637695,667,12,11,26,0
-6707,-1.637451,667,12,13,28,0
-6706,-1.637207,667,12,13,28,0
-6705,-1.636963,667,12,13,28,0
-6704,-1.636719,667,14,13,30,0
-6703,-1.636475,668,17,12,32,0
-6702,-1.636230,668,13,12,28,0
-6701,-1.635986,668,13,12,28,0
-6700,-1.635742,668,11,12,26,0
-6699,-1.635498,668,11,13,27,0
-6698,-1.635254,668,11,13,27,0
-6697,-1.635010,668,11,13,27,0
-6696,-1.634766,668,11,13,27,0
-6695,-1.634521,668,11,13,27,0
-6694,-1.634277,669,16,11,30,0
-6693,-1.634033,669,14,11,28,0
-6692,-1.633789,669,13,13,29,0
-6691,-1.633545,669,13,13,29,0
-6690,-1.633301,669,13,13,29,0
-6689,-1.633057,669,13,13,29,0
-6688,-1.632812,670,11,12,30,0
-6687,-1.632568,670,11,12,30,0
-6686,-1.632324,670,11,12,30,0
-6685,-1.632080,670,11,12,30,0
-6684,-1.631836,670,11,13,27,0
-6683,-1.631592,670,11,13,27,0
-6682,-1.631348,670,11,13,27,0
-6681,-1.631104,670,11,13,27,0
-6680,-1.630859,671,13,11,27,0
-6679,-1.630615,671,13,11,27,0
-6678,-1.630371,671,13,11,27,0
-6677,-1.630127,671,13,11,27,0
-6676,-1.629883,671,13,13,29,0
-6675,-1.629639,671,13,13,29,0
-6674,-1.629395,671,15,13,31,0
-6673,-1.629150,672,14,12,29,0
-6672,-1.628906,672,11,12,30,0
-6671,-1.628662,672,11,12,30,0
-6670,-1.628418,672,11,12,30,0
-6669,-1.628174,672,11,12,30,0
-6668,-1.627930,672,13,13,29,0
-6667,-1.627686,672,13,13,29,0
-6666,-1.627441,672,13,13,29,0
-6665,-1.627197,672,13,13,29,0
-6664,-1.626953,673,12,11,26,0
-6663,-1.626709,673,12,11,26,0
-6662,-1.626465,673,12,11,26,0
-6661,-1.626221,673,12,11,26,0
-6660,-1.625977,673,14,13,30,0
-6659,-1.625732,674,15,12,30,0
-6658,-1.625488,674,11,12,30,0
-6657,-1.625244,674,11,12,30,0
-6656,-1.625000,674,11,12,30,0
-6655,-1.624756,674,11,13,27,0
-6654,-1.624512,674,11,13,27,0
-6653,-1.624268,674,11,13,27,0
-6652,-1.624023,674,15,13,31,0
-6651,-1.623779,675,12,11,26,0
-6650,-1.623535,675,12,11,26,0
-6649,-1.623291,675,12,11,26,0
-6648,-1.623047,675,12,11,26,0
-6647,-1.622803,675,12,13,28,0
-6646,-1.622559,675,12,13,28,0
-6645,-1.622314,675,12,13,28,0
-6644,-1.622070,676,12,12,27,0
-6643,-1.621826,676,12,12,27,0
-6642,-1.621582,676,12,12,27,0
-6641,-1.621338,676,12,12,27,0
-6640,-1.621094,676,12,13,28,0
-6639,-1.620850,676,12,13,28,0
-6638,-1.620605,676,12,13,28,0
-6637,-1.620361,676,12,13,28,0
-6636,-1.620117,677,11,11,25,0
-6635,-1.619873,677,11,11,25,0
-6634,-1.619629,677,11,11,25,0
-6633,-1.619385,677,11,11,25,0
-6632,-1.619141,677,11,13,27,0
-6631,-1.618896,677,11,13,27,0
-6630,-1.618652,677,11,13,27,0
-6629,-1.618408,678,15,12,30,0
-6628,-1.618164,678,12,12,31,0
-6627,-1.617920,678,12,12,31,0
-6626,-1.617676,678,12,13,28,0
-6625,-1.617432,678,12,13,28,0
-6624,-1.617188,678,12,13,28,0
-6623,-1.616943,678,12,13,28,0
-6622,-1.616699,679,16,11,30,0
-6621,-1.616455,679,14,11,28,0
-6620,-1.616211,679,11,11,25,0
-6619,-1.615967,679,11,11,25,0
-6618,-1.615723,679,11,13,27,0
-6617,-1.615479,679,11,13,27,0
-6616,-1.615234,679,14,13,30,0
-6615,-1.614990,680,15,12,30,0
-6614,-1.614746,680,13,12,28,0
-6613,-1.614502,680,13,12,28,0
-6612,-1.614258,680,12,12,31,0
-6611,-1.614014,680,12,13,28,0
-6610,-1.613770,680,12,13,28,0
-6609,-1.613525,680,12,13,28,0
-6608,-1.613281,680,14,13,30,0
-6607,-1.613037,681,15,11,29,0
-6606,-1.612793,681,13,11,27,0
-6605,-1.612549,681,13,11,27,0
-6604,-1.612305,681,11,13,27,0
-6603,-1.612061,681,11,13,27,0
-6602,-1.611816,681,11,13,27,0
-6601,-1.611572,681,11,13,27,0
-6600,-1.611328,682,16,12,31,0
-6599,-1.611084,682,13,12,28,0
-6598,-1.610840,682,13,12,28,0
-6597,-1.610596,682,13,12,28,0
-6596,-1.610352,682,13,13,29,0
-6595,-1.610107,682,13,13,29,0
-6594,-1.609863,683,16,11,30,0
-6593,-1.609619,683,14,11,28,0
-6592,-1.609375,683,12,11,26,0
-6591,-1.609131,683,12,11,26,0
-6590,-1.608887,683,12,11,26,0
-6589,-1.608643,683,12,11,26,0
-6588,-1.608398,684,11,12,30,0
-6587,-1.608154,684,11,12,30,0
-6586,-1.607910,684,11,12,30,0
-6585,-1.607666,684,11,12,30,0
-6584,-1.607422,684,11,13,27,0
-6583,-1.607178,684,11,13,27,0
-6582,-1.606934,684,11,13,27,0
-6581,-1.606689,684,11,13,27,0
-6580,-1.606445,685,12,11,26,0
-6579,-1.606201,685,12,11,26,0
-6578,-1.605957,685,12,11,26,0
-6577,-1.605713,685,12,11,26,0
-6576,-1.605469,685,12,13,28,0
-6575,-1.605225,685,12,13,28,0
-6574,-1.604980,685,12,13,28,0
-6573,-1.604736,685,17,13,33,0
-6572,-1.604492,686,12,12,31,0
-6571,-1.604248,686,12,12,31,0
-6570,-1.604004,686,12,12,31,0
-6569,-1.603760,686,12,13,28,0
-6568,-1.603516,686,12,13,28,0
-6567,-1.603271,686,12,13,28,0
-6566,-1.603027,686,15,13,31,0
-6565,-1.602783,687,14,11,28,0
-6564,-1.602539,687,11,11,25,0
-6563,-1.602295,687,11,11,25,0
-6562,-1.602051,687,11,13,27,0
-6561,-1.601807,687,11,13,27,0
-6560,-1.601562,687,14,13,30,0
-6559,-1.601318,687,16,13,32,0
-6558,-1.601074,688,13,12,28,0
-6557,-1.600830,688,13,12,28,0
-6556,-1.600586,688,12,12,31,0
-6555,-1.600342,688,12,13,28,0
-6554,-1.600098,688,12,13,28,0
-6553,-1.599854,688,12,13,28,0
-6552,-1.599609,688,14,13,30,0
-6551,-1.599365,688,17,13,33,0
-6550,-1.599121,689,13,11,27,0
-6549,-1.598877,689,13,11,27,0
-6548,-1.598633,689,11,11,25,0
-6547,-1.598389,689,11,13,27,0
-6546,-1.598145,689,11,13,27,0
-6545,-1.597900,689,11,13,27,0
-6544,-1.597656,689,18,13,34,0
-6543,-1.597412,690,13,12,28,0
-6542,-1.597168,690,13,12,28,0
-6541,-1.596924,690,13,12,28,0
-6540,-1.596680,690,12,13,28,0
-6539,-1.596436,690,12,13,28,0
-6538,-1.596191,690,12,13,28,0
-6537,-1.595947,690,12,13,28,0
-6536,-1.595703,691,13,11,27,0
-6535,-1.595459,691,13,11,27,0
-6534,-1.595215,691,13,11,27,0
-6533,-1.594971,691,13,11,27,0
-6532,-1.594727,691,13,13,29,0
-6531,-1.594482,691,13,13,29,0
-6530,-1.594238,691,15,13,31,0
-6529,-1.593994,692,14,12,29,0
-6528,-1.593750,692,12,12,27,0
-6527,-1.593506,692,12,12,27,0
-6526,-1.593262,692,12,12,27,0
-6525,-1.593018,692,12,13,28,0
-6524,-1.592773,692,14,13,30,0
-6523,-1.592529,693,18,11,32,0
-6522,-1.592285,693,11,11,25,0
-6521,-1.592041,693,11,11,25,0
-6520,-1.591797,693,11,11,25,0
-6519,-1.591553,693,11,13,27,0
-6518,-1.591309,693,11,13,27,0
-6517,-1.591064,693,11,13,27,0
-6516,-1.590820,693,15,13,31,0
-6515,-1.590576,694,12,12,27,0
-6514,-1.590332,694,12,12,27,0
-6513,-1.590088,694,12,12,27,0
-6512,-1.589844,694,12,12,27,0
-6511,-1.589600,694,12,13,28,0
-6510,-1.589355,694,12,13,28,0
-6509,-1.589111,694,12,13,28,0
-6508,-1.588867,695,12,11,26,0
-6507,-1.588623,695,12,11,26,0
-6506,-1.588379,695,12,11,26,0
-6505,-1.588135,695,12,11,26,0
-6504,-1.587891,695,12,13,28,0
-6503,-1.587646,695,12,13,28,0
-6502,-1.587402,695,12,13,28,0
-6501,-1.587158,695,17,13,33,0
-6500,-1.586914,696,11,12,26,0
-6499,-1.586670,696,11,12,26,0
-6498,-1.586426,696,11,12,26,0
-6497,-1.586182,696,11,13,27,0
-6496,-1.585938,696,11,13,27,0
-6495,-1.585693,696,11,13,27,0
-6494,-1.585449,696,11,13,27,0
-6493,-1.585205,696,16,13,32,0
-6492,-1.584961,697,12,11,26,0
-6491,-1.584717,697,12,11,26,0
-6490,-1.584473,697,12,13,28,0
-6489,-1.584229,697,12,13,28,0
-6488,-1.583984,697,14,13,30,0
-6487,-1.583740,697,16,13,32,0
-6486,-1.583496,698,13,12,28,0
-6485,-1.583252,698,13,12,28,0
-6484,-1.583008,698,11,12,26,0
-6483,-1.582764,698,11,13,27,0
-6482,-1.582520,698,11,13,27,0
-6481,-1.582275,698,11,13,27,0
-6480,-1.582031,698,15,13,31,0
-6479,-1.581787,699,13,11,27,0
-6478,-1.581543,699,13,11,27,0
-6477,-1.581299,699,13,11,27,0
-6476,-1.581055,699,13,13,29,0
-6475,-1.580811,699,13,13,29,0
-6474,-1.580566,699,13,13,29,0
-6473,-1.580322,699,16,13,32,0
-6472,-1.580078,700,11,12,30,0
-6471,-1.579834,700,11,12,30,0
-6470,-1.579590,700,11,12,30,0
-6469,-1.579346,700,11,12,30,0
-6468,-1.579102,700,13,13,29,0
-6467,-1.578857,700,13,13,29,0
-6466,-1.578613,700,13,13,29,0
-6465,-1.578369,701,15,11,29,0
-6464,-1.578125,701,12,11,26,0
-6463,-1.577881,701,12,11,26,0
-6462,-1.577637,701,12,11,26,0
-6461,-1.577393,701,12,13,28,0
-6460,-1.577148,701,15,13,31,0
-6459,-1.576904,702,11,12,30,0
-6458,-1.576660,702,11,12,30,0
-6457,-1.576416,702,11,12,30,0
-6456,-1.576172,702,11,12,30,0
-6455,-1.575928,702,11,13,27,0
-6454,-1.575684,702,11,13,27,0
-6453,-1.575439,702,11,13,27,0
-6452,-1.575195,702,18,13,34,0
-6451,-1.574951,703,12,11,26,0
-6450,-1.574707,703,12,11,26,0
-6449,-1.574463,703,12,11,26,0
-6448,-1.574219,703,12,13,28,0
-6447,-1.573975,703,12,13,28,0
-6446,-1.573730,703,12,13,28,0
-6445,-1.573486,703,12,13,28,0
-6444,-1.573242,704,12,12,31,0
-6443,-1.572998,704,12,12,31,0
-6442,-1.572754,704,12,12,31,0
-6441,-1.572510,704,12,12,31,0
-6440,-1.572266,704,12,13,28,0
-6439,-1.572021,704,12,13,28,0
-6438,-1.571777,704,12,13,28,0
-6437,-1.571533,704,12,13,28,0
-6436,-1.571289,705,11,11,25,0
-6435,-1.571045,705,11,11,25,0
-6434,-1.570801,705,11,11,25,0
-6433,-1.570557,705,11,11,25,0
-6432,-1.570312,705,11,13,27,0
-6431,-1.570068,705,11,13,27,0
-6430,-1.569824,705,15,13,31,0
-6429,-1.569580,706,14,12,29,0
-6428,-1.569336,706,12,12,31,0
-6427,-1.569092,706,12,12,31,0
-6426,-1.568848,706,12,13,28,0
-6425,-1.568604,706,12,13,28,0
-6424,-1.568359,706,14,13,30,0
-6423,-1.568115,706,18,13,34,0
-6422,-1.567871,707,13,11,27,0
-6421,-1.567627,707,13,11,27,0
-6420,-1.567383,707,11,11,25,0
-6419,-1.567139,707,11,13,27,0
-6418,-1.566895,707,11,13,27,0
-6417,-1.566650,707,11,13,27,0
-6416,-1.566406,708,16,12,31,0
-6415,-1.566162,708,13,12,28,0
-6414,-1.565918,708,13,12,28,0
-6413,-1.565674,708,13,12,28,0
-6412,-1.565430,708,13,13,29,0
-6411,-1.565186,708,13,13,29,0
-6410,-1.564941,708,13,13,29,0
-6409,-1.564697,708,16,13,32,0
-6408,-1.564453,709,11,11,25,0
-6407,-1.564209,709,11,11,25,0
-6406,-1.563965,709,11,11,25,0
-6405,-1.563721,709,11,13,27,0
-6404,-1.563477,709,14,13,30,0
-6403,-1.563232,709,16,13,32,0
-6402,-1.562988,710,12,12,27,0
-6401,-1.562744,710,12,12,27,0
-6400,-1.562500,710,12,12,27,0
-6399,-1.562256,710,12,12,27,0
-6398,-1.562012,710,12,13,28,0
-6397,-1.561768,710,12,13,28,0
-6396,-1.561523,710,15,13,31,0
-6395,-1.561279,711,11,11,25,0
-6394,-1.561035,711,11,11,25,0
-6393,-1.560791,711,11,11,25,0
-6392,-1.560547,711,11,13,27,0
-6391,-1.560303,711,11,13,27,0
-6390,-1.560059,711,11,13,27,0
-6389,-1.559814,711,11,13,27,0
-6388,-1.559570,712,12,12,31,0
-6387,-1.559326,712,12,12,31,0
-6386,-1.559082,712,12,12,31,0
-6385,-1.558838,712,12,12,31,0
-6384,-1.558594,712,12,13,28,0
-6383,-1.558350,712,12,13,28,0
-6382,-1.558105,712,12,13,28,0
-6381,-1.557861,712,12,13,28,0
-6380,-1.557617,713,12,11,26,0
-6379,-1.557373,713,12,11,26,0
-6378,-1.557129,713,12,11,26,0
-6377,-1.556885,713,12,13,28,0
-6376,-1.556641,713,12,13,28,0
-6375,-1.556396,713,12,13,28,0
-6374,-1.556152,713,15,13,31,0
-6373,-1.555908,714,14,12,29,0
-6372,-1.555664,714,11,12,26,0
-6371,-1.555420,714,11,12,26,0
-6370,-1.555176,714,11,13,27,0
-6369,-1.554932,714,11,13,27,0
-6368,-1.554688,714,14,13,30,0
-6367,-1.554443,714,16,13,32,0
-6366,-1.554199,715,13,11,27,0
-6365,-1.553955,715,13,11,27,0
-6364,-1.553711,715,13,13,29,0
-6363,-1.553467,715,13,13,29,0
-6362,-1.553223,715,13,13,29,0
-6361,-1.552979,715,16,13,32,0
-6360,-1.552734,716,11,12,30,0
-6359,-1.552490,716,11,12,30,0
-6358,-1.552246,716,11,12,30,0
-6357,-1.552002,716,11,12,30,0
-6356,-1.551758,716,13,13,29,0
-6355,-1.551514,716,13,13,29,0
-6354,-1.551270,716,13,13,29,0
-6353,-1.551025,716,16,13,32,0
-6352,-1.550781,717,12,11,26,0
-6351,-1.550537,717,12,11,26,0
-6350,-1.550293,717,12,11,26,0
-6349,-1.550049,717,12,11,26,0
-6348,-1.549805,717,13,13,29,0
-6347,-1.549561,717,13,13,29,0
-6346,-1.549316,718,16,12,31,0
-6345,-1.549072,718,14,12,29,0
-6344,-1.548828,718,11,12,30,0
-6343,-1.548584,718,11,12,30,0
-6342,-1.548340,718,11,13,27,0
-6341,-1.548096,718,11,13,27,0
-6340,-1.547852,718,15,13,31,0
-6339,-1.547607,719,12,11,26,0
-6338,-1.547363,719,12,11,26,0
-6337,-1.547119,719,12,11,26,0
-6336,-1.546875,719,12,11,26,0
-6335,-1.546631,719,12,13,28,0
-6334,-1.546387,719,12,13,28,0
-6333,-1.546143,719,12,13,28,0
-6332,-1.545898,720,12,12,31,0
-6331,-1.545654,720,12,12,31,0
-6330,-1.545410,720,12,13,28,0
-6329,-1.545166,720,12,13,28,0
-6328,-1.544922,720,12,13,28,0
-6327,-1.544678,720,12,13,28,0
-6326,-1.544434,720,18,13,34,0
-6325,-1.544189,721,14,11,28,0
-6324,-1.543945,721,11,11,25,0
-6323,-1.543701,721,11,11,25,0
-6322,-1.543457,721,11,13,27,0
-6321,-1.543213,721,11,13,27,0
-6320,-1.542969,721,14,13,30,0
-6319,-1.542725,721,18,13,34,0
-6318,-1.542480,722,13,12,28,0
-6317,-1.542236,722,13,12,28,0
-6316,-1.541992,722,13,13,29,0
-6315,-1.541748,722,13,13,29,0
-6314,-1.541504,722,13,13,29,0
-6313,-1.541260,722,13,13,29,0
-6312,-1.541016,723,11,11,25,0
-6311,-1.540771,723,11,11,25,0
-6310,-1.540527,723,11,11,25,0
-6309,-1.540283,723,11,11,25,0
-6308,-1.540039,723,13,13,29,0
-6307,-1.539795,723,13,13,29,0
-6306,-1.539551,723,13,13,29,0
-6305,-1.539307,724,15,12,30,0
-6304,-1.539062,724,12,12,27,0
-6303,-1.538818,724,12,12,27,0
-6302,-1.538574,724,12,12,27,0
-6301,-1.538330,724,12,13,28,0
-6300,-1.538086,724,14,13,30,0
-6299,-1.537842,724,16,13,32,0
-6298,-1.537598,725,11,11,25,0
-6297,-1.537354,725,11,11,25,0
-6296,-1.537109,725,11,11,25,0
-6295,-1.536865,725,11,11,25,0
-6294,-1.536621,725,11,13,27,0
-6293,-1.536377,725,11,13,27,0
-6292,-1.536133,725,15,13,31,0
-6291,-1.535889,726,12,12,27,0
-6290,-1.535645,726,12,12,27,0
-6289,-1.535400,726,12,12,27,0
-6288,-1.535156,726,12,13,28,0
-6287,-1.534912,726,12,13,28,0
-6286,-1.534668,726,12,13,28,0
-6285,-1.534424,726,12,13,28,0
-6284,-1.534180,727,12,11,26,0
-6283,-1.533936,727,12,11,26,0
-6282,-1.533691,727,12,11,26,0
-6281,-1.533447,727,12,13,28,0
-6280,-1.533203,727,12,13,28,0
-6279,-1.532959,727,12,13,28,0
-6278,-1.532715,727,15,13,31,0
-6277,-1.532471,728,14,12,29,0
-6276,-1.532227,728,11,12,26,0
-6275,-1.531982,728,11,12,26,0
-6274,-1.531738,728,11,12,26,0
-6273,-1.531494,728,11,13,27,0
-6272,-1.531250,728,14,13,30,0
-6271,-1.531006,728,16,13,32,0
-6270,-1.530762,729,13,11,27,0
-6269,-1.530518,729,13,11,27,0
-6268,-1.530273,729,13,13,29,0
-6267,-1.530029,729,13,13,29,0
-6266,-1.529785,729,13,13,29,0
-6265,-1.529541,729,13,13,29,0
-6264,-1.529297,730,11,12,30,0
-6263,-1.529053,730,11,12,30,0
-6262,-1.528809,730,11,12,30,0
-6261,-1.528564,730,11,12,30,0
-6260,-1.528320,730,13,13,29,0
-6259,-1.528076,730,13,13,29,0
-6258,-1.527832,730,13,13,29,0
-6257,-1.527588,731,15,11,29,0
-6256,-1.527344,731,12,11,26,0
-6255,-1.527100,731,12,11,26,0
-6254,-1.526855,731,12,11,26,0
-6253,-1.526611,731,12,13,28,0
-6252,-1.526367,731,14,13,30,0
-6251,-1.526123,731,18,13,34,0
-6250,-1.525879,732,11,12,30,0
-6249,-1.525635,732,11,12,30,0
-6248,-1.525391,732,11,12,30,0
-6247,-1.525146,732,11,13,27,0
-6246,-1.524902,732,11,13,27,0
-6245,-1.524658,732,11,13,27,0
-6244,-1.524414,732,17,13,33,0
-6243,-1.524170,733,12,11,26,0
-6242,-1.523926,733,12,11,26,0
-6241,-1.523682,733,12,11,26,0
-6240,-1.523438,733,12,11,26,0
-6239,-1.523193,733,12,13,28,0
-6238,-1.522949,733,12,13,28,0
-6237,-1.522705,733,12,13,28,0
-6236,-1.522461,734,12,12,31,0
-6235,-1.522217,734,12,12,31,0
-6234,-1.521973,734,12,12,31,0
-6233,-1.521729,734,12,13,28,0
-6232,-1.521484,734,12,13,28,0
-6231,-1.521240,734,12,13,28,0
-6230,-1.520996,735,16,11,30,0
-6229,-1.520752,735,14,11,28,0
-6228,-1.520508,735,11,11,25,0
-6227,-1.520264,735,11,11,25,0
-6226,-1.520020,735,11,13,27,0
-6225,-1.519775,735,11,13,27,0
-6224,-1.519531,735,14,13,30,0
-6223,-1.519287,736,15,12,30,0
-6222,-1.519043,736,13,12,28,0
-6221,-1.518799,736,13,12,28,0
-6220,-1.518555,736,12,13,28,0
-6219,-1.518311,736,12,13,28,0
-6218,-1.518066,736,12,13,28,0
-6217,-1.517822,736,12,13,28,0
-6216,-1.517578,737,13,11,27,0
-6215,-1.517334,737,13,11,27,0
-6214,-1.517090,737,13,11,27,0
-6213,-1.516846,737,13,11,27,0
-6212,-1.516602,737,13,13,29,0
-6211,-1.516357,737,13,13,29,0
-6210,-1.516113,737,13,13,29,0
-6209,-1.515869,737,17,13,33,0
-6208,-1.515625,738,12,12,27,0
-6207,-1.515381,738,12,12,27,0
-6206,-1.515137,738,12,12,27,0
-6205,-1.514893,738,12,12,27,0
-6204,-1.514648,738,14,13,30,0
-6203,-1.514404,739,15,11,29,0
-6202,-1.514160,739,11,11,25,0
-6201,-1.513916,739,11,11,25,0
-6200,-1.513672,739,11,11,25,0
-6199,-1.513428,739,11,13,27,0
-6198,-1.513184,739,11,13,27,0
-6197,-1.512939,739,11,13,27,0
-6196,-1.512695,740,12,12,31,0
-6195,-1.512451,740,12,12,31,0
-6194,-1.512207,740,12,12,31,0
-6193,-1.511963,740,12,12,31,0
-6192,-1.511719,740,12,13,28,0
-6191,-1.511475,740,12,13,28,0
-6190,-1.511230,740,15,13,31,0
-6189,-1.510986,741,14,11,28,0
-6188,-1.510742,741,12,11,26,0
-6187,-1.510498,741,12,11,26,0
-6186,-1.510254,741,12,11,26,0
-6185,-1.510010,741,12,13,28,0
-6184,-1.509766,741,14,13,30,0
-6183,-1.509521,741,17,13,33,0
-6182,-1.509277,742,13,12,28,0
-6181,-1.509033,742,13,12,28,0
-6180,-1.508789,742,11,12,26,0
-6179,-1.508545,742,11,13,27,0
-6178,-1.508301,742,11,13,27,0
-6177,-1.508057,742,11,13,27,0
-6176,-1.507812,743,16,11,30,0
-6175,-1.507568,743,13,11,27,0
-6174,-1.507324,743,13,11,27,0
-6173,-1.507080,743,13,11,27,0
-6172,-1.506836,743,13,13,29,0
-6171,-1.506592,743,13,13,29,0
-6170,-1.506348,743,13,13,29,0
-6169,-1.506104,744,15,12,30,0
-6168,-1.505859,744,11,12,30,0
-6167,-1.505615,744,11,12,30,0
-6166,-1.505371,744,11,12,30,0
-6165,-1.505127,744,11,13,27,0
-6164,-1.504883,744,13,13,29,0
-6163,-1.504639,744,13,13,29,0
-6162,-1.504395,745,16,11,30,0
-6161,-1.504150,745,14,11,28,0
-6160,-1.503906,745,12,11,26,0
-6159,-1.503662,745,12,11,26,0
-6158,-1.503418,745,12,13,28,0
-6157,-1.503174,745,12,13,28,0
-6156,-1.502930,745,17,13,33,0
-6155,-1.502686,746,12,12,27,0
-6154,-1.502441,746,12,12,27,0
-6153,-1.502197,746,12,12,27,0
-6152,-1.501953,746,12,13,28,0
-6151,-1.501709,746,12,13,28,0
-6150,-1.501465,746,12,13,28,0
-6149,-1.501221,746,12,13,28,0
-6148,-1.500977,747,11,11,25,0
-6147,-1.500732,747,11,11,25,0
-6146,-1.500488,747,11,11,25,0
-6145,-1.500244,747,11,11,25,0
-6144,-1.500000,747,11,13,27,0
-6143,-1.499756,747,11,13,27,0
-6142,-1.499512,747,18,13,34,0
-6141,-1.499268,748,14,12,29,0
-6140,-1.499023,748,12,12,31,0
-6139,-1.498779,748,12,13,28,0
-6138,-1.498535,748,12,13,28,0
-6137,-1.498291,748,12,13,28,0
-6136,-1.498047,749,16,11,30,0
-6135,-1.497803,749,13,11,27,0
-6134,-1.497559,749,13,11,27,0
-6133,-1.497314,749,13,11,27,0
-6132,-1.497070,749,13,13,29,0
-6131,-1.496826,749,13,13,29,0
-6130,-1.496582,749,13,13,29,0
-6129,-1.496338,749,16,13,32,0
-6128,-1.496094,750,12,12,27,0
-6127,-1.495850,750,12,12,27,0
-6126,-1.495605,750,12,12,27,0
-6125,-1.495361,750,12,13,28,0
-6124,-1.495117,750,13,13,29,0
-6123,-1.494873,750,13,13,29,0
-6122,-1.494629,751,18,11,32,0
-6121,-1.494385,751,14,11,28,0
-6120,-1.494141,751,11,11,25,0
-6119,-1.493896,751,11,13,27,0
-6118,-1.493652,751,11,13,27,0
-6117,-1.493408,751,11,13,27,0
-6116,-1.493164,751,15,13,31,0
-6115,-1.492920,752,12,12,27,0
-6114,-1.492676,752,12,12,27,0
-6113,-1.492432,752,12,12,27,0
-6112,-1.492188,752,12,13,28,0
-6111,-1.491943,752,12,13,28,0
-6110,-1.491699,752,12,13,28,0
-6109,-1.491455,752,12,13,28,0
-6108,-1.491211,753,12,11,26,0
-6107,-1.490967,753,12,11,26,0
-6106,-1.490723,753,12,11,26,0
-6105,-1.490479,753,12,11,26,0
-6104,-1.490234,753,12,13,28,0
-6103,-1.489990,753,12,13,28,0
-6102,-1.489746,753,15,13,31,0
-6101,-1.489502,754,14,12,29,0
-6100,-1.489258,754,11,12,26,0
-6099,-1.489014,754,11,12,26,0
-6098,-1.488770,754,11,13,27,0
-6097,-1.488525,754,11,13,27,0
-6096,-1.488281,754,15,13,31,0
-6095,-1.488037,755,13,11,27,0
-6094,-1.487793,755,13,11,27,0
-6093,-1.487549,755,13,11,27,0
-6092,-1.487305,755,12,11,26,0
-6091,-1.487061,755,12,13,28,0
-6090,-1.486816,755,12,13,28,0
-6089,-1.486572,755,12,13,28,0
-6088,-1.486328,756,13,12,28,0
-6087,-1.486084,756,13,12,28,0
-6086,-1.485840,756,13,12,28,0
-6085,-1.485596,756,13,12,28,0
-6084,-1.485352,756,13,13,29,0
-6083,-1.485107,756,13,13,29,0
-6082,-1.484863,756,15,13,31,0
-6081,-1.484619,757,14,11,28,0
-6080,-1.484375,757,12,11,26,0
-6079,-1.484131,757,12,11,26,0
-6078,-1.483887,757,12,13,28,0
-6077,-1.483643,757,12,13,28,0
-6076,-1.483398,757,12,13,28,0
-6075,-1.483154,758,12,12,31,0
-6074,-1.482910,758,12,12,31,0
-6073,-1.482666,758,12,13,28,0
-6072,-1.482422,758,12,13,28,0
-6071,-1.482178,758,18,13,34,0
-6070,-1.481934,759,13,11,27,0
-6069,-1.481689,759,13,11,27,0
-6068,-1.481445,759,13,11,27,0
-6067,-1.481201,759,13,13,29,0
-6066,-1.480957,759,13,13,29,0
-6065,-1.480713,759,13,13,29,0
-6064,-1.480469,759,13,13,29,0
-6063,-1.480225,760,12,12,27,0
-6062,-1.479980,760,12,12,27,0
-6061,-1.479736,760,12,12,27,0
-6060,-1.479492,760,12,13,28,0
-6059,-1.479248,760,13,13,29,0
-6058,-1.479004,760,13,13,29,0
-6057,-1.478760,760,18,13,34,0
-6056,-1.478516,761,14,11,28,0
-6055,-1.478271,761,11,11,25,0
-6054,-1.478027,761,11,11,25,0
-6053,-1.477783,761,11,13,27,0
-6052,-1.477539,761,11,13,27,0
-6051,-1.477295,761,14,13,30,0
-6050,-1.477051,762,15,12,30,0
-6049,-1.476807,762,12,12,27,0
-6048,-1.476562,762,12,12,27,0
-6047,-1.476318,762,12,13,28,0
-6046,-1.476074,762,12,13,28,0
-6045,-1.475830,762,12,13,28,0
-6044,-1.475586,762,12,13,28,0
-6043,-1.475342,763,12,11,26,0
-6042,-1.475098,763,12,11,26,0
-6041,-1.474854,763,12,11,26,0
-6040,-1.474609,763,12,13,28,0
-6039,-1.474365,763,12,13,28,0
-6038,-1.474121,763,12,13,28,0
-6037,-1.473877,764,16,12,31,0
-6036,-1.473633,764,14,12,29,0
-6035,-1.473389,764,11,12,26,0
-6034,-1.473145,764,11,12,26,0
-6033,-1.472900,764,11,13,27,0
-6032,-1.472656,764,11,13,27,0
-6031,-1.472412,764,15,13,31,0
-6030,-1.472168,765,13,11,27,0
-6029,-1.471924,765,13,11,27,0
-6028,-1.471680,765,13,11,27,0
-6027,-1.471436,765,13,13,29,0
-6026,-1.471191,765,13,13,29,0
-6025,-1.470947,765,18,13,34,0
-6024,-1.470703,766,14,12,29,0
-6023,-1.470459,766,11,12,30,0
-6022,-1.470215,766,11,12,30,0
-6021,-1.469971,766,11,12,30,0
-6020,-1.469727,766,11,13,27,0
-6019,-1.469482,766,14,13,30,0
-6018,-1.469238,766,17,13,33,0
-6017,-1.468994,767,12,11,26,0
-6016,-1.468750,767,12,11,26,0
-6015,-1.468506,767,12,11,26,0
-6014,-1.468262,767,12,11,26,0
-6013,-1.468018,767,12,13,28,0
-6012,-1.467773,767,12,13,28,0
-6011,-1.467529,768,11,12,30,0
-6010,-1.467285,768,11,12,30,0
-6009,-1.467041,768,11,12,30,0
-6008,-1.466797,768,11,12,30,0
-6007,-1.466553,768,11,13,27,0
-6006,-1.466309,768,11,13,27,0
-6005,-1.466064,768,11,13,27,0
-6004,-1.465820,768,11,13,27,0
-6003,-1.465576,769,12,11,26,0
-6002,-1.465332,769,12,11,26,0
-6001,-1.465088,769,12,11,26,0
-6000,-1.464844,769,12,11,26,0
-5999,-1.464600,769,12,13,28,0
-5998,-1.464355,769,12,13,28,0
-5997,-1.464111,769,12,13,28,0
-5996,-1.463867,770,15,12,30,0
-5995,-1.463623,770,12,12,31,0
-5994,-1.463379,770,12,12,31,0
-5993,-1.463135,770,12,13,28,0
-5992,-1.462891,770,12,13,28,0
-5991,-1.462646,770,15,13,31,0
-5990,-1.462402,771,13,11,27,0
-5989,-1.462158,771,13,11,27,0
-5988,-1.461914,771,13,11,27,0
-5987,-1.461670,771,13,13,29,0
-5986,-1.461426,771,13,13,29,0
-5985,-1.461182,771,13,13,29,0
-5984,-1.460938,771,16,13,32,0
-5983,-1.460693,772,12,12,27,0
-5982,-1.460449,772,12,12,27,0
-5981,-1.460205,772,12,12,27,0
-5980,-1.459961,772,12,12,27,0
-5979,-1.459717,772,14,13,30,0
-5978,-1.459473,772,16,13,32,0
-5977,-1.459229,773,11,11,25,0
-5976,-1.458984,773,11,11,25,0
-5975,-1.458740,773,11,11,25,0
-5974,-1.458496,773,11,11,25,0
-5973,-1.458252,773,11,13,27,0
-5972,-1.458008,773,11,13,27,0
-5971,-1.457764,773,17,13,33,0
-5970,-1.457520,774,12,12,27,0
-5969,-1.457275,774,12,12,27,0
-5968,-1.457031,774,12,12,27,0
-5967,-1.456787,774,12,13,28,0
-5966,-1.456543,774,12,13,28,0
-5965,-1.456299,774,12,13,28,0
-5964,-1.456055,774,12,13,28,0
-5963,-1.455811,775,12,11,26,0
-5962,-1.455566,775,12,11,26,0
-5961,-1.455322,775,12,13,28,0
-5960,-1.455078,775,12,13,28,0
-5959,-1.454834,775,14,13,30,0
-5958,-1.454590,775,16,13,32,0
-5957,-1.454346,776,13,12,28,0
-5956,-1.454102,776,13,12,28,0
-5955,-1.453857,776,11,12,26,0
-5954,-1.453613,776,11,13,27,0
-5953,-1.453369,776,11,13,27,0
-5952,-1.453125,776,11,13,27,0
-5951,-1.452881,776,14,13,30,0
-5950,-1.452637,776,16,13,32,0
-5949,-1.452393,777,13,11,27,0
-5948,-1.452148,777,13,11,27,0
-5947,-1.451904,777,13,13,29,0
-5946,-1.451660,777,13,13,29,0
-5945,-1.451416,777,18,13,34,0
-5944,-1.451172,778,14,12,29,0
-5943,-1.450928,778,11,12,30,0
-5942,-1.450684,778,11,12,30,0
-5941,-1.450439,778,11,13,27,0
-5940,-1.450195,778,11,13,27,0
-5939,-1.449951,778,14,13,30,0
-5938,-1.449707,779,15,11,29,0
-5937,-1.449463,779,12,11,26,0
-5936,-1.449219,779,12,11,26,0
-5935,-1.448975,779,12,11,26,0
-5934,-1.448730,779,12,13,28,0
-5933,-1.448486,779,12,13,28,0
-5932,-1.448242,779,16,13,32,0
-5931,-1.447998,780,12,12,31,0
-5930,-1.447754,780,12,12,31,0
-5929,-1.447510,780,12,12,31,0
-5928,-1.447266,780,12,13,28,0
-5927,-1.447021,780,12,13,28,0
-5926,-1.446777,780,12,13,28,0
-5925,-1.446533,780,15,13,31,0
-5924,-1.446289,781,14,11,28,0
-5923,-1.446045,781,11,11,25,0
-5922,-1.445801,781,11,11,25,0
-5921,-1.445557,781,11,13,27,0
-5920,-1.445312,781,11,13,27,0
-5919,-1.445068,781,17,13,33,0
-5918,-1.444824,782,13,12,28,0
-5917,-1.444580,782,13,12,28,0
-5916,-1.444336,782,13,12,28,0
-5915,-1.444092,782,13,13,29,0
-5914,-1.443848,782,13,13,29,0
-5913,-1.443604,782,13,13,29,0
-5912,-1.443359,783,15,11,29,0
-5911,-1.443115,783,11,11,25,0
-5910,-1.442871,783,11,11,25,0
-5909,-1.442627,783,11,11,25,0
-5908,-1.442383,783,11,13,27,0
-5907,-1.442139,783,14,13,30,0
-5906,-1.441895,784,15,12,30,0
-5905,-1.441650,784,12,12,27,0
-5904,-1.441406,784,12,12,27,0
-5903,-1.441162,784,12,12,27,0
-5902,-1.440918,784,12,12,27,0
-5901,-1.440674,784,12,13,28,0
-5900,-1.440430,784,12,13,28,0
-5899,-1.440186,784,18,13,34,0
-5898,-1.439941,785,12,11,26,0
-5897,-1.439697,785,12,11,26,0
-5896,-1.439453,785,12,11,26,0
-5895,-1.439209,785,12,13,28,0
-5894,-1.438965,785,12,13,28,0
-5893,-1.438721,785,12,13,28,0
-5892,-1.438477,785,17,13,33,0
-5891,-1.438232,786,11,12,26,0
-5890,-1.437988,786,11,12,26,0
-5889,-1.437744,786,11,12,26,0
-5888,-1.437500,786,11,13,27,0
-5887,-1.437256,786,11,13,27,0
-5886,-1.437012,786,11,13,27,0
-5885,-1.436768,787,16,11,30,0
-5884,-1.436523,787,14,11,28,0
-5883,-1.436279,787,13,13,29,0
-5882,-1.436035,787,13,13,29,0
-5881,-1.435791,787,15,13,31,0
-5880,-1.435547,788,14,12,29,0
-5879,-1.435303,788,11,12,30,0
-5878,-1.435059,788,11,12,30,0
-5877,-1.434814,788,11,12,30,0
-5876,-1.434570,788,11,13,27,0
-5875,-1.434326,788,14,13,30,0
-5874,-1.434082,788,16,13,32,0
-5873,-1.433838,789,12,11,26,0
-5872,-1.433594,789,12,11,26,0
-5871,-1.433350,789,12,11,26,0
-5870,-1.433105,789,12,11,26,0
-5869,-1.432861,789,12,13,28,0
-5868,-1.432617,789,12,13,28,0
-5867,-1.432373,790,12,12,31,0
-5866,-1.432129,790,12,12,31,0
-5865,-1.431885,790,12,12,31,0
-5864,-1.431641,790,12,12,31,0
-5863,-1.431396,790,12,13,28,0
-5862,-1.431152,790,12,13,28,0
-5861,-1.430908,790,12,13,28,0
-5860,-1.430664,791,15,11,29,0
-5859,-1.430420,791,11,11,25,0
-5858,-1.430176,791,11,11,25,0
-5857,-1.429932,791,11,13,27,0
-5856,-1.429688,791,11,13,27,0
-5855,-1.429443,791,14,13,30,0
-5854,-1.429199,791,16,13,32,0
-5853,-1.428955,792,13,12,28,0
-5852,-1.428711,792,13,12,28,0
-5851,-1.428467,792,13,13,29,0
-5850,-1.428223,792,13,13,29,0
-5849,-1.427979,792,13,13,29,0
-5848,-1.427734,792,16,13,32,0
-5847,-1.427490,793,11,11,25,0
-5846,-1.427246,793,11,11,25,0
-5845,-1.427002,793,11,11,25,0
-5844,-1.426758,793,11,13,27,0
-5843,-1.426514,793,13,13,29,0
-5842,-1.426270,793,13,13,29,0
-5841,-1.426025,794,16,12,31,0
-5840,-1.425781,794,14,12,29,0
-5839,-1.425537,794,12,12,27,0
-5838,-1.425293,794,12,12,27,0
-5837,-1.425049,794,12,13,28,0
-5836,-1.424805,794,12,13,28,0
-5835,-1.424561,795,12,11,26,0
-5834,-1.424316,795,12,11,26,0
-5833,-1.424072,795,12,11,26,0
-5832,-1.423828,795,12,11,26,0
-5831,-1.423584,795,12,13,28,0
-5830,-1.423340,795,12,13,28,0
-5829,-1.423096,795,12,13,28,0
-5828,-1.422852,796,18,12,33,0
-5827,-1.422607,796,11,12,26,0
-5826,-1.422363,796,11,12,26,0
-5825,-1.422119,796,11,13,27,0
-5824,-1.421875,796,11,13,27,0
-5823,-1.421631,796,14,13,30,0
-5822,-1.421387,796,16,13,32,0
-5821,-1.421143,797,13,11,27,0
-5820,-1.420898,797,13,11,27,0
-5819,-1.420654,797,13,13,29,0
-5818,-1.420410,797,13,13,29,0
-5817,-1.420166,798,16,12,31,0
-5816,-1.419922,798,14,12,29,0
-5815,-1.419678,798,11,12,30,0
-5814,-1.419434,798,11,12,30,0
-5813,-1.419189,798,11,13,27,0
-5812,-1.418945,798,11,13,27,0
-5811,-1.418701,798,15,13,31,0
-5810,-1.418457,799,12,11,26,0
-5809,-1.418213,799,12,11,26,0
-5808,-1.417969,799,12,11,26,0
-5807,-1.417725,799,12,13,28,0
-5806,-1.417480,799,12,13,28,0
-5805,-1.417236,799,12,13,28,0
-5804,-1.416992,799,12,13,28,0
-5803,-1.416748,800,12,12,31,0
-5802,-1.416504,800,12,12,31,0
-5801,-1.416260,800,12,12,31,0
-5800,-1.416016,800,12,13,28,0
-5799,-1.415771,800,12,13,28,0
-5798,-1.415527,800,12,13,28,0
-5797,-1.415283,800,12,13,28,0
-5796,-1.415039,800,18,13,34,0
-5795,-1.414795,801,11,11,25,0
-5794,-1.414551,801,11,11,25,0
-5793,-1.414307,801,11,13,27,0
-5792,-1.414062,801,11,13,27,0
-5791,-1.413818,801,14,13,30,0
-5790,-1.413574,801,18,13,34,0
-5789,-1.413330,802,13,12,28,0
-5788,-1.413086,802,13,12,28,0
-5787,-1.412842,802,13,13,29,0
-5786,-1.412598,802,13,13,29,0
-5785,-1.412354,802,13,13,29,0
-5784,-1.412109,802,18,13,34,0
-5783,-1.411865,803,11,11,25,0
-5782,-1.411621,803,11,11,25,0
-5781,-1.411377,803,11,11,25,0
-5780,-1.411133,803,11,13,27,0
-5779,-1.410889,803,14,13,30,0
-5778,-1.410645,803,17,13,33,0
-5777,-1.410400,804,12,12,27,0
-5776,-1.410156,804,12,12,27,0
-5775,-1.409912,804,12,12,27,0
-5774,-1.409668,804,12,13,28,0
-5773,-1.409424,804,12,13,28,0
-5772,-1.409180,804,12,13,28,0
-5771,-1.408936,805,12,11,26,0
-5770,-1.408691,805,12,11,26,0
-5769,-1.408447,805,12,11,26,0
-5768,-1.408203,805,12,13,28,0
-5767,-1.407959,805,12,13,28,0
-5766,-1.407715,805,12,13,28,0
-5765,-1.407471,805,15,13,31,0
-5764,-1.407227,806,14,12,29,0
-5763,-1.406982,806,11,12,26,0
-5762,-1.406738,806,11,12,26,0
-5761,-1.406494,806,11,13,27,0
-5760,-1.406250,806,11,13,27,0
-5759,-1.406006,806,14,13,30,0
-5758,-1.405762,806,18,13,34,0
-5757,-1.405518,807,13,11,27,0
-5756,-1.405273,807,13,11,27,0
-5755,-1.405029,807,14,13,30,0
-5754,-1.404785,807,16,13,32,0
-5753,-1.404541,808,11,12,30,0
-5752,-1.404297,808,11,12,30,0
-5751,-1.404053,808,11,12,30,0
-5750,-1.403809,808,11,12,30,0
-5749,-1.403564,808,11,13,27,0
-5748,-1.403320,808,11,13,27,0
-5747,-1.403076,808,15,13,31,0
-5746,-1.402832,809,12,11,26,0
-5745,-1.402588,809,12,11,26,0
-5744,-1.402344,809,12,11,26,0
-5743,-1.402100,809,12,13,28,0
-5742,-1.401855,809,12,13,28,0
-5741,-1.401611,809,12,13,28,0
-5740,-1.401367,809,12,13,28,0
-5739,-1.401123,810,12,12,31,0
-5738,-1.400879,810,12,12,31,0
-5737,-1.400635,810,12,12,31,0
-5736,-1.400391,810,12,13,28,0
-5735,-1.400146,810,12,13,28,0
-5734,-1.399902,810,12,13,28,0
-5733,-1.399658,811,18,11,32,0
-5732,-1.399414,811,14,11,28,0
-5731,-1.399170,811,11,11,25,0
-5730,-1.398926,811,11,13,27,0
-5729,-1.398682,811,11,13,27,0
-5728,-1.398438,811,11,13,27,0
-5727,-1.398193,812,16,12,31,0
-5726,-1.397949,812,13,12,28,0
-5725,-1.397705,812,13,12,28,0
-5724,-1.397461,812,13,12,28,0
-5723,-1.397217,812,13,13,29,0
-5722,-1.396973,812,13,13,29,0
-5721,-1.396729,812,17,13,33,0
-5720,-1.396484,813,14,11,28,0
-5719,-1.396240,813,11,11,25,0
-5718,-1.395996,813,11,11,25,0
-5717,-1.395752,813,11,13,27,0
-5716,-1.395508,813,11,13,27,0
-5715,-1.395264,813,15,13,31,0
-5714,-1.395020,814,12,12,27,0
-5713,-1.394775,814,12,12,27,0
-5712,-1.394531,814,12,12,27,0
-5711,-1.394287,814,12,13,28,0
-5710,-1.394043,814,12,13,28,0
-5709,-1.393799,814,12,13,28,0
-5708,-1.393555,814,16,13,32,0
-5707,-1.393311,815,12,11,26,0
-5706,-1.393066,815,12,11,26,0
-5705,-1.392822,815,12,11,26,0
-5704,-1.392578,815,12,13,28,0
-5703,-1.392334,815,14,13,30,0
-5702,-1.392090,815,17,13,33,0
-5701,-1.391846,816,13,12,28,0
-5700,-1.391602,816,13,12,28,0
-5699,-1.391357,816,11,12,26,0
-5698,-1.391113,816,11,13,27,0
-5697,-1.390869,816,11,13,27,0
-5696,-1.390625,816,11,13,27,0
-5695,-1.390381,816,18,13,34,0
-5694,-1.390137,817,13,11,27,0
-5693,-1.389893,817,13,11,27,0
-5692,-1.389648,817,13,11,27,0
-5691,-1.389404,817,14,13,30,0
-5690,-1.389160,817,16,13,32,0
-5689,-1.388916,818,11,12,30,0
-5688,-1.388672,818,11,12,30,0
-5687,-1.388428,818,11,12,30,0
-5686,-1.388184,818,11,13,27,0
-5685,-1.387939,818,11,13,27,0
-5684,-1.387695,818,11,13,27,0
-5683,-1.387451,819,12,11,26,0
-5682,-1.387207,819,12,11,26,0
-5681,-1.386963,819,12,11,26,0
-5680,-1.386719,819,12,13,28,0
-5679,-1.386475,819,12,13,28,0
-5678,-1.386230,819,12,13,28,0
-5677,-1.385986,820,16,12,31,0
-5676,-1.385742,820,14,12,29,0
-5675,-1.385498,820,12,12,31,0
-5674,-1.385254,820,12,13,28,0
-5673,-1.385010,820,12,13,28,0
-5672,-1.384766,820,12,13,28,0
-5671,-1.384521,820,15,13,31,0
-5670,-1.384277,821,13,11,27,0
-5669,-1.384033,821,13,11,27,0
-5668,-1.383789,821,13,11,27,0
-5667,-1.383545,821,13,13,29,0
-5666,-1.383301,821,13,13,29,0
-5665,-1.383057,821,15,13,31,0
-5664,-1.382812,822,14,12,29,0
-5663,-1.382568,822,12,12,27,0
-5662,-1.382324,822,12,12,27,0
-5661,-1.382080,822,12,13,28,0
-5660,-1.381836,822,12,13,28,0
-5659,-1.381592,822,14,13,30,0
-5658,-1.381348,823,15,11,29,0
-5657,-1.381104,823,12,11,26,0
-5656,-1.380859,823,12,11,26,0
-5655,-1.380615,823,12,11,26,0
-5654,-1.380371,823,12,13,28,0
-5653,-1.380127,823,12,13,28,0
-5652,-1.379883,823,17,13,33,0
-5651,-1.379639,824,11,12,26,0
-5650,-1.379395,824,11,12,26,0
-5649,-1.379150,824,11,12,26,0
-5648,-1.378906,824,11,13,27,0
-5647,-1.378662,824,14,13,30,0
-5646,-1.378418,824,16,13,32,0
-5645,-1.378174,825,13,11,27,0
-5644,-1.377930,825,13,11,27,0
-5643,-1.377686,825,13,11,27,0
-5642,-1.377441,825,13,13,29,0
-5641,-1.377197,825,13,13,29,0
-5640,-1.376953,825,16,13,32,0
-5639,-1.376709,826,11,12,30,0
-5638,-1.376465,826,11,12,30,0
-5637,-1.376221,826,11,12,30,0
-5636,-1.375977,826,11,12,30,0
-5635,-1.375732,826,13,13,29,0
-5634,-1.375488,826,13,13,29,0
-5633,-1.375244,826,17,13,33,0
-5632,-1.375000,827,14,11,28,0
-5631,-1.374756,827,12,11,26,0
-5630,-1.374512,827,12,11,26,0
-5629,-1.374268,827,12,13,28,0
-5628,-1.374023,827,12,13,28,0
-5627,-1.373779,828,12,12,31,0
-5626,-1.373535,828,12,12,31,0
-5625,-1.373291,828,12,12,31,0
-5624,-1.373047,828,12,13,28,0
-5623,-1.372803,828,14,13,30,0
-5622,-1.372559,828,17,13,33,0
-5621,-1.372314,829,13,11,27,0
-5620,-1.372070,829,13,11,27,0
-5619,-1.371826,829,11,11,25,0
-5618,-1.371582,829,11,13,27,0
-5617,-1.371338,829,11,13,27,0
-5616,-1.371094,829,11,13,27,0
-5615,-1.370850,830,16,12,31,0
-5614,-1.370605,830,13,12,28,0
-5613,-1.370361,830,13,12,28,0
-5612,-1.370117,830,13,12,28,0
-5611,-1.369873,830,13,13,29,0
-5610,-1.369629,830,13,13,29,0
-5609,-1.369385,831,16,11,30,0
-5608,-1.369141,831,14,11,28,0
-5607,-1.368896,831,11,11,25,0
-5606,-1.368652,831,11,11,25,0
-5605,-1.368408,831,11,13,27,0
-5604,-1.368164,831,11,13,27,0
-5603,-1.367920,831,17,13,33,0
-5602,-1.367676,832,12,12,27,0
-5601,-1.367432,832,12,12,27,0
-5600,-1.367188,832,12,12,27,0
-5599,-1.366943,832,12,12,27,0
-5598,-1.366699,832,12,13,28,0
-5597,-1.366455,832,12,13,28,0
-5596,-1.366211,832,12,13,28,0
-5595,-1.365967,833,12,11,26,0
-5594,-1.365723,833,12,11,26,0
-5593,-1.365479,833,12,11,26,0
-5592,-1.365234,833,12,13,28,0
-5591,-1.364990,833,14,13,30,0
-5590,-1.364746,833,16,13,32,0
-5589,-1.364502,834,13,12,28,0
-5588,-1.364258,834,13,12,28,0
-5587,-1.364014,834,13,12,32,0
-5586,-1.363770,834,13,13,29,0
-5585,-1.363525,834,13,13,29,0
-5584,-1.363281,834,16,13,32,0
-5583,-1.363037,835,12,11,26,0
-5582,-1.362793,835,12,11,26,0
-5581,-1.362549,835,12,11,26,0
-5580,-1.362305,835,12,13,28,0
-5579,-1.362061,835,14,13,30,0
-5578,-1.361816,835,16,13,32,0
-5577,-1.361572,836,11,12,30,0
-5576,-1.361328,836,11,12,30,0
-5575,-1.361084,836,11,12,30,0
-5574,-1.360840,836,11,13,27,0
-5573,-1.360596,836,11,13,27,0
-5572,-1.360352,836,11,13,27,0
-5571,-1.360107,836,15,13,31,0
-5570,-1.359863,837,12,11,26,0
-5569,-1.359619,837,12,11,26,0
-5568,-1.359375,837,12,11,26,0
-5567,-1.359131,837,12,13,28,0
-5566,-1.358887,837,12,13,28,0
-5565,-1.358643,837,12,13,28,0
-5564,-1.358398,838,15,12,30,0
-5563,-1.358154,838,15,12,30,0
-5562,-1.357910,838,13,13,29,0
-5561,-1.357666,838,13,13,29,0
-5560,-1.357422,838,13,13,29,0
-5559,-1.357178,839,15,11,29,0
-5558,-1.356934,839,11,11,25,0
-5557,-1.356689,839,11,11,25,0
-5556,-1.356445,839,11,13,27,0
-5555,-1.356201,839,11,13,27,0
-5554,-1.355957,839,14,13,30,0
-5553,-1.355713,840,15,12,30,0
-5552,-1.355469,840,12,12,27,0
-5551,-1.355225,840,12,12,27,0
-5550,-1.354980,840,12,12,27,0
-5549,-1.354736,840,12,13,28,0
-5548,-1.354492,840,12,13,28,0
-5547,-1.354248,840,12,13,28,0
-5546,-1.354004,841,16,11,30,0
-5545,-1.353760,841,12,11,26,0
-5544,-1.353516,841,12,11,26,0
-5543,-1.353271,841,12,13,28,0
-5542,-1.353027,841,12,13,28,0
-5541,-1.352783,841,12,13,28,0
-5540,-1.352539,842,16,12,31,0
-5539,-1.352295,842,14,12,29,0
-5538,-1.352051,842,11,12,26,0
-5537,-1.351807,842,11,13,27,0
-5536,-1.351562,842,11,13,27,0
-5535,-1.351318,842,11,13,27,0
-5534,-1.351074,843,18,11,32,0
-5533,-1.350830,843,13,11,27,0
-5532,-1.350586,843,13,11,27,0
-5531,-1.350342,843,13,11,27,0
-5530,-1.350098,843,14,13,30,0
-5529,-1.349854,843,16,13,32,0
-5528,-1.349609,844,11,12,30,0
-5527,-1.349365,844,11,12,30,0
-5526,-1.349121,844,11,12,30,0
-5525,-1.348877,844,11,13,27,0
-5524,-1.348633,844,11,13,27,0
-5523,-1.348389,844,11,13,27,0
-5522,-1.348145,845,17,11,31,0
-5521,-1.347900,845,12,11,26,0
-5520,-1.347656,845,12,11,26,0
-5519,-1.347412,845,12,11,26,0
-5518,-1.347168,845,12,13,28,0
-5517,-1.346924,845,12,13,28,0
-5516,-1.346680,845,15,13,31,0
-5515,-1.346436,846,14,12,29,0
-5514,-1.346191,846,12,12,31,0
-5513,-1.345947,846,12,13,28,0
-5512,-1.345703,846,12,13,28,0
-5511,-1.345459,846,12,13,28,0
-5510,-1.345215,846,18,13,34,0
-5509,-1.344971,847,13,11,27,0
-5508,-1.344727,847,13,11,27,0
-5507,-1.344482,847,13,13,29,0
-5506,-1.344238,847,13,13,29,0
-5505,-1.343994,847,13,13,29,0
-5504,-1.343750,847,15,13,31,0
-5503,-1.343506,848,14,12,29,0
-5502,-1.343262,848,12,12,27,0
-5501,-1.343018,848,12,12,27,0
-5500,-1.342773,848,12,13,28,0
-5499,-1.342529,848,12,13,28,0
-5498,-1.342285,848,15,13,31,0
-5497,-1.342041,849,12,11,26,0
-5496,-1.341797,849,12,11,26,0
-5495,-1.341553,849,12,11,26,0
-5494,-1.341309,849,12,13,28,0
-5493,-1.341064,849,12,13,28,0
-5492,-1.340820,849,12,13,28,0
-5491,-1.340576,850,15,12,30,0
-5490,-1.340332,850,11,12,26,0
-5489,-1.340088,850,11,12,26,0
-5488,-1.339844,850,11,13,27,0
-5487,-1.339600,850,11,13,27,0
-5486,-1.339355,850,14,13,30,0
-5485,-1.339111,851,17,11,31,0
-5484,-1.338867,851,13,11,27,0
-5483,-1.338623,851,13,11,27,0
-5482,-1.338379,851,13,13,29,0
-5481,-1.338135,851,13,13,29,0
-5480,-1.337891,851,13,13,29,0
-5479,-1.337646,852,15,12,30,0
-5478,-1.337402,852,11,12,30,0
-5477,-1.337158,852,11,12,30,0
-5476,-1.336914,852,11,13,27,0
-5475,-1.336670,852,11,13,27,0
-5474,-1.336426,852,14,13,30,0
-5473,-1.336182,852,16,13,32,0
-5472,-1.335938,853,12,11,26,0
-5471,-1.335693,853,12,11,26,0
-5470,-1.335449,853,12,11,26,0
-5469,-1.335205,853,12,13,28,0
-5468,-1.334961,853,12,13,28,0
-5467,-1.334717,853,16,13,32,0
-5466,-1.334473,854,12,12,31,0
-5465,-1.334229,854,12,12,31,0
-5464,-1.333984,854,12,13,28,0
-5463,-1.333740,854,12,13,28,0
-5462,-1.333496,854,14,13,30,0
-5461,-1.333252,855,18,11,32,0
-5460,-1.333008,855,13,11,27,0
-5459,-1.332764,855,13,11,27,0
-5458,-1.332520,855,13,11,27,0
-5457,-1.332275,855,13,13,29,0
-5456,-1.332031,855,13,13,29,0
-5455,-1.331787,856,18,12,33,0
-5454,-1.331543,856,12,12,27,0
-5453,-1.331299,856,12,12,27,0
-5452,-1.331055,856,12,12,27,0
-5451,-1.330811,856,12,13,28,0
-5450,-1.330566,856,14,13,30,0
-5449,-1.330322,857,18,11,32,0
-5448,-1.330078,857,11,11,25,0
-5447,-1.329834,857,11,11,25,0
-5446,-1.329590,857,11,11,25,0
-5445,-1.329346,857,11,13,27,0
-5444,-1.329102,857,11,13,27,0
-5443,-1.328857,857,11,13,27,0
-5442,-1.328613,858,12,12,31,0
-5441,-1.328369,858,12,12,31,0
-5440,-1.328125,858,12,12,31,0
-5439,-1.327881,858,12,13,28,0
-5438,-1.327637,858,12,13,28,0
-5437,-1.327393,858,12,13,28,0
-5436,-1.327148,859,16,11,30,0
-5435,-1.326904,859,14,11,28,0
-5434,-1.326660,859,13,13,29,0
-5433,-1.326416,859,13,13,29,0
-5432,-1.326172,859,13,13,29,0
-5431,-1.325928,860,15,12,30,0
-5430,-1.325684,860,11,12,30,0
-5429,-1.325439,860,11,12,30,0
-5428,-1.325195,860,11,12,30,0
-5427,-1.324951,860,11,13,27,0
-5426,-1.324707,860,14,13,30,0
-5425,-1.324463,860,16,13,32,0
-5424,-1.324219,861,12,11,26,0
-5423,-1.323975,861,12,11,26,0
-5422,-1.323730,861,12,11,26,0
-5421,-1.323486,861,12,13,28,0
-5420,-1.323242,861,12,13,28,0
-5419,-1.322998,861,12,13,28,0
-5418,-1.322754,862,12,12,31,0
-5417,-1.322510,862,12,12,31,0
-5416,-1.322266,862,12,13,28,0
-5415,-1.322021,862,12,13,28,0
-5414,-1.321777,862,14,13,30,0
-5413,-1.321533,863,18,11,32,0
-5412,-1.321289,863,13,11,27,0
-5411,-1.321045,863,13,11,27,0
-5410,-1.320801,863,13,13,29,0
-5409,-1.320557,863,13,13,29,0
-5408,-1.320312,863,13,13,29,0
-5407,-1.320068,864,15,12,30,0
-5406,-1.319824,864,12,12,27,0
-5405,-1.319580,864,12,12,27,0
-5404,-1.319336,864,12,12,27,0
-5403,-1.319092,864,12,13,28,0
-5402,-1.318848,864,13,13,29,0
-5401,-1.318604,864,13,13,29,0
-5400,-1.318359,865,16,11,30,0
-5399,-1.318115,865,14,11,28,0
-5398,-1.317871,865,11,11,25,0
-5397,-1.317627,865,11,13,27,0
-5396,-1.317383,865,11,13,27,0
-5395,-1.317139,865,11,13,27,0
-5394,-1.316895,866,16,12,31,0
-5393,-1.316650,866,12,12,31,0
-5392,-1.316406,866,12,12,31,0
-5391,-1.316162,866,12,13,28,0
-5390,-1.315918,866,12,13,28,0
-5389,-1.315674,866,12,13,28,0
-5388,-1.315430,866,15,13,31,0
-5387,-1.315186,867,14,11,28,0
-5386,-1.314941,867,12,11,26,0
-5385,-1.314697,867,12,13,28,0
-5384,-1.314453,867,12,13,28,0
-5383,-1.314209,867,12,13,28,0
-5382,-1.313965,868,16,12,31,0
-5381,-1.313721,868,13,12,28,0
-5380,-1.313477,868,13,12,28,0
-5379,-1.313232,868,13,13,29,0
-5378,-1.312988,868,13,13,29,0
-5377,-1.312744,868,13,13,29,0
-5376,-1.312500,869,18,11,32,0
-5375,-1.312256,869,14,11,28,0
-5374,-1.312012,869,12,11,26,0
-5373,-1.311768,869,12,11,26,0
-5372,-1.311523,869,12,13,28,0
-5371,-1.311279,869,12,13,28,0
-5370,-1.311035,870,12,12,31,0
-5369,-1.310791,870,12,12,31,0
-5368,-1.310547,870,12,13,28,0
-5367,-1.310303,870,12,13,28,0
-5366,-1.310059,870,14,13,30,0
-5365,-1.309814,871,18,11,32,0
-5364,-1.309570,871,13,11,27,0
-5363,-1.309326,871,13,11,27,0
-5362,-1.309082,871,13,11,27,0
-5361,-1.308838,871,13,13,29,0
-5360,-1.308594,871,13,13,29,0
-5359,-1.308350,871,16,13,32,0
-5358,-1.308105,872,12,12,27,0
-5357,-1.307861,872,12,12,27,0
-5356,-1.307617,872,12,12,27,0
-5355,-1.307373,872,12,13,28,0
-5354,-1.307129,872,13,13,29,0
-5353,-1.306885,872,13,13,29,0
-5352,-1.306641,873,16,11,30,0
-5351,-1.306396,873,14,11,28,0
-5350,-1.306152,873,11,11,25,0
-5349,-1.305908,873,11,13,27,0
-5348,-1.305664,873,11,13,27,0
-5347,-1.305420,873,11,13,27,0
-5346,-1.305176,874,16,12,31,0
-5345,-1.304932,874,12,12,31,0
-5344,-1.304688,874,12,12,31,0
-5343,-1.304443,874,12,13,28,0
-5342,-1.304199,874,12,13,28,0
-5341,-1.303955,874,12,13,28,0
-5340,-1.303711,875,17,11,31,0
-5339,-1.303467,875,14,11,28,0
-5338,-1.303223,875,12,11,26,0
-5337,-1.302979,875,12,13,28,0
-5336,-1.302734,875,12,13,28,0
-5335,-1.302490,875,12,13,28,0
-5334,-1.302246,876,16,12,31,0
-5333,-1.302002,876,13,12,28,0
-5332,-1.301758,876,13,12,28,0
-5331,-1.301514,876,13,13,29,0
-5330,-1.301270,876,14,13,30,0
-5329,-1.301025,876,16,13,32,0
-5328,-1.300781,877,12,11,26,0
-5327,-1.300537,877,12,11,26,0
-5326,-1.300293,877,12,11,26,0
-5325,-1.300049,877,12,13,28,0
-5324,-1.299805,877,12,13,28,0
-5323,-1.299561,877,12,13,28,0
-5322,-1.299316,878,12,12,31,0
-5321,-1.299072,878,12,12,31,0
-5320,-1.298828,878,12,12,31,0
-5319,-1.298584,878,12,13,28,0
-5318,-1.298340,878,14,13,30,0
-5317,-1.298096,878,16,13,32,0
-5316,-1.297852,879,13,11,27,0
-5315,-1.297607,879,13,11,27,0
-5314,-1.297363,879,11,11,25,0
-5313,-1.297119,879,11,13,27,0
-5312,-1.296875,879,11,13,27,0
-5311,-1.296631,879,11,13,27,0
-5310,-1.296387,880,16,12,31,0
-5309,-1.296143,880,13,12,28,0
-5308,-1.295898,880,13,12,28,0
-5307,-1.295654,880,13,13,29,0
-5306,-1.295410,880,15,13,31,0
-5305,-1.295166,881,12,11,26,0
-5304,-1.294922,881,12,11,26,0
-5303,-1.294678,881,12,11,26,0
-5302,-1.294434,881,12,13,28,0
-5301,-1.294189,881,12,13,28,0
-5300,-1.293945,881,15,13,31,0
-5299,-1.293701,882,14,12,29,0
-5298,-1.293457,882,11,12,26,0
-5297,-1.293213,882,11,13,27,0
-5296,-1.292969,882,11,13,27,0
-5295,-1.292725,882,11,13,27,0
-5294,-1.292480,882,15,13,31,0
-5293,-1.292236,883,13,11,27,0
-5292,-1.291992,883,13,11,27,0
-5291,-1.291748,883,13,11,27,0
-5290,-1.291504,883,13,13,29,0
-5289,-1.291260,883,13,13,29,0
-5288,-1.291016,884,17,12,32,0
-5287,-1.290771,884,14,12,29,0
-5286,-1.290527,884,11,12,30,0
-5285,-1.290283,884,11,13,27,0
-5284,-1.290039,884,11,13,27,0
-5283,-1.289795,884,11,13,27,0
-5282,-1.289551,885,18,11,32,0
-5281,-1.289307,885,12,11,26,0
-5280,-1.289062,885,12,11,26,0
-5279,-1.288818,885,12,11,26,0
-5278,-1.288574,885,12,13,28,0
-5277,-1.288330,885,12,13,28,0
-5276,-1.288086,885,12,13,28,0
-5275,-1.287842,886,15,12,30,0
-5274,-1.287598,886,12,12,31,0
-5273,-1.287354,886,12,13,28,0
-5272,-1.287109,886,12,13,28,0
-5271,-1.286865,886,12,13,28,0
-5270,-1.286621,887,17,11,31,0
-5269,-1.286377,887,13,11,27,0
-5268,-1.286133,887,13,11,27,0
-5267,-1.285889,887,13,13,29,0
-5266,-1.285645,887,13,13,29,0
-5265,-1.285400,887,13,13,29,0
-5264,-1.285156,888,17,12,32,0
-5263,-1.284912,888,14,12,29,0
-5262,-1.284668,888,12,12,27,0
-5261,-1.284424,888,12,13,28,0
-5260,-1.284180,888,12,13,28,0
-5259,-1.283936,888,12,13,28,0
-5258,-1.283691,889,16,11,30,0
-5257,-1.283447,889,12,11,26,0
-5256,-1.283203,889,12,11,26,0
-5255,-1.282959,889,12,13,28,0
-5254,-1.282715,889,12,13,28,0
-5253,-1.282471,889,12,13,28,0
-5252,-1.282227,890,18,12,33,0
-5251,-1.281982,890,14,12,29,0
-5250,-1.281738,890,11,12,26,0
-5249,-1.281494,890,11,13,27,0
-5248,-1.281250,890,11,13,27,0
-5247,-1.281006,890,11,13,27,0
-5246,-1.280762,891,16,11,30,0
-5245,-1.280518,891,13,11,27,0
-5244,-1.280273,891,13,11,27,0
-5243,-1.280029,891,13,13,29,0
-5242,-1.279785,891,14,13,30,0
-5241,-1.279541,892,17,12,32,0
-5240,-1.279297,892,12,12,27,0
-5239,-1.279053,892,12,12,27,0
-5238,-1.278809,892,12,12,27,0
-5237,-1.278564,892,12,13,28,0
-5236,-1.278320,892,12,13,28,0
-5235,-1.278076,892,12,13,28,0
-5234,-1.277832,893,11,11,25,0
-5233,-1.277588,893,11,11,25,0
-5232,-1.277344,893,11,11,25,0
-5231,-1.277100,893,11,13,27,0
-5230,-1.276855,893,14,13,30,0
-5229,-1.276611,893,16,13,32,0
-5228,-1.276367,894,13,12,28,0
-5227,-1.276123,894,13,12,28,0
-5226,-1.275879,894,12,12,31,0
-5225,-1.275635,894,12,13,28,0
-5224,-1.275391,894,12,13,28,0
-5223,-1.275146,894,12,13,28,0
-5222,-1.274902,895,16,11,30,0
-5221,-1.274658,895,13,11,27,0
-5220,-1.274414,895,13,11,27,0
-5219,-1.274170,895,13,13,29,0
-5218,-1.273926,895,14,13,30,0
-5217,-1.273682,896,17,12,32,0
-5216,-1.273438,896,12,12,27,0
-5215,-1.273193,896,12,12,27,0
-5214,-1.272949,896,12,12,27,0
-5213,-1.272705,896,12,13,28,0
-5212,-1.272461,896,12,13,28,0
-5211,-1.272217,896,12,13,28,0
-5210,-1.271973,897,12,11,26,0
-5209,-1.271729,897,12,11,26,0
-5208,-1.271484,897,12,11,26,0
-5207,-1.271240,897,12,13,28,0
-5206,-1.270996,897,12,13,28,0
-5205,-1.270752,897,12,13,28,0
-5204,-1.270508,898,16,12,31,0
-5203,-1.270264,898,14,12,29,0
-5202,-1.270020,898,13,12,32,0
-5201,-1.269775,898,13,13,29,0
-5200,-1.269531,898,13,13,29,0
-5199,-1.269287,898,16,13,32,0
-5198,-1.269043,899,12,11,26,0
-5197,-1.268799,899,12,11,26,0
-5196,-1.268555,899,12,13,28,0
-5195,-1.268311,899,12,13,28,0
-5194,-1.268066,899,14,13,30,0
-5193,-1.267822,900,15,12,30,0
-5192,-1.267578,900,11,12,30,0
-5191,-1.267334,900,11,12,30,0
-5190,-1.267090,900,11,13,27,0
-5189,-1.266846,900,11,13,27,0
-5188,-1.266602,900,11,13,27,0
-5187,-1.266357,900,11,13,27,0
-5186,-1.266113,901,12,11,26,0
-5185,-1.265869,901,12,11,26,0
-5184,-1.265625,901,12,11,26,0
-5183,-1.265381,901,12,13,28,0
-5182,-1.265137,901,14,13,30,0
-5181,-1.264893,901,16,13,32,0
-5180,-1.264648,902,13,12,28,0
-5179,-1.264404,902,13,12,28,0
-5178,-1.264160,902,13,13,29,0
-5177,-1.263916,902,13,13,29,0
-5176,-1.263672,902,15,13,31,0
-5175,-1.263428,903,14,11,28,0
-5174,-1.263184,903,11,11,25,0
-5173,-1.262939,903,11,13,27,0
-5172,-1.262695,903,11,13,27,0
-5171,-1.262451,903,11,13,27,0
-5170,-1.262207,904,12,12,31,0
-5169,-1.261963,904,12,12,31,0
-5168,-1.261719,904,12,12,31,0
-5167,-1.261475,904,12,12,31,0
-5166,-1.261230,904,12,13,28,0
-5165,-1.260986,904,12,13,28,0
-5164,-1.260742,904,12,13,28,0
-5163,-1.260498,905,15,11,29,0
-5162,-1.260254,905,12,11,26,0
-5161,-1.260010,905,12,13,28,0
-5160,-1.259766,905,12,13,28,0
-5159,-1.259521,905,12,13,28,0
-5158,-1.259277,906,16,12,31,0
-5157,-1.259033,906,13,12,28,0
-5156,-1.258789,906,13,12,28,0
-5155,-1.258545,906,13,12,28,0
-5154,-1.258301,906,13,13,29,0
-5153,-1.258057,906,13,13,29,0
-5152,-1.257812,906,18,13,34,0
-5151,-1.257568,907,14,11,28,0
-5150,-1.257324,907,12,11,26,0
-5149,-1.257080,907,12,13,28,0
-5148,-1.256836,907,12,13,28,0
-5147,-1.256592,907,12,13,28,0
-5146,-1.256348,908,12,12,31,0
-5145,-1.256104,908,12,12,31,0
-5144,-1.255859,908,12,12,31,0
-5143,-1.255615,908,12,13,28,0
-5142,-1.255371,908,12,13,28,0
-5141,-1.255127,908,12,13,28,0
-5140,-1.254883,909,16,11,30,0
-5139,-1.254639,909,14,11,28,0
-5138,-1.254395,909,13,13,29,0
-5137,-1.254150,909,13,13,29,0
-5136,-1.253906,909,13,13,29,0
-5135,-1.253662,909,18,13,34,0
-5134,-1.253418,910,12,12,27,0
-5133,-1.253174,910,12,12,27,0
-5132,-1.252930,910,12,12,27,0
-5131,-1.252686,910,12,13,28,0
-5130,-1.252441,910,14,13,30,0
-5129,-1.252197,911,15,11,29,0
-5128,-1.251953,911,12,11,26,0
-5127,-1.251709,911,12,11,26,0
-5126,-1.251465,911,12,13,28,0
-5125,-1.251221,911,12,13,28,0
-5124,-1.250977,911,12,13,28,0
-5123,-1.250732,911,18,13,34,0
-5122,-1.250488,912,11,12,26,0
-5121,-1.250244,912,11,12,26,0
-5120,-1.250000,912,11,12,26,0
-5119,-1.249756,912,11,13,27,0
-5118,-1.249512,912,11,13,27,0
-5117,-1.249268,912,11,13,27,0
-5116,-1.249023,912,18,13,34,0
-5115,-1.248779,913,14,11,28,0
-5114,-1.248535,913,13,13,29,0
-5113,-1.248291,913,13,13,29,0
-5112,-1.248047,913,15,13,31,0
-5111,-1.247803,914,14,12,29,0
-5110,-1.247559,914,11,12,30,0
-5109,-1.247314,914,11,13,27,0
-5108,-1.247070,914,11,13,27,0
-5107,-1.246826,914,11,13,27,0
-5106,-1.246582,915,12,11,26,0
-5105,-1.246338,915,12,11,26,0
-5104,-1.246094,915,12,11,26,0
-5103,-1.245850,915,12,11,26,0
-5102,-1.245605,915,12,13,28,0
-5101,-1.245361,915,12,13,28,0
-5100,-1.245117,915,15,13,31,0
-5099,-1.244873,916,14,12,29,0
-5098,-1.244629,916,12,12,31,0
-5097,-1.244385,916,12,13,28,0
-5096,-1.244141,916,12,13,28,0
-5095,-1.243896,916,12,13,28,0
-5094,-1.243652,916,17,13,33,0
-5093,-1.243408,917,13,11,27,0
-5092,-1.243164,917,13,11,27,0
-5091,-1.242920,917,13,11,27,0
-5090,-1.242676,917,14,13,30,0
-5089,-1.242432,917,16,13,32,0
-5088,-1.242188,918,12,12,27,0
-5087,-1.241943,918,12,12,27,0
-5086,-1.241699,918,12,12,27,0
-5085,-1.241455,918,12,13,28,0
-5084,-1.241211,918,12,13,28,0
-5083,-1.240967,918,12,13,28,0
-5082,-1.240723,919,12,11,26,0
-5081,-1.240479,919,12,11,26,0
-5080,-1.240234,919,12,11,26,0
-5079,-1.239990,919,12,13,28,0
-5078,-1.239746,919,15,13,31,0
-5077,-1.239502,920,13,12,28,0
-5076,-1.239258,920,13,12,28,0
-5075,-1.239014,920,13,12,28,0
-5074,-1.238770,920,13,13,29,0
-5073,-1.238525,920,13,13,29,0
-5072,-1.238281,920,13,13,29,0
-5071,-1.238037,920,13,13,29,0
-5070,-1.237793,921,12,11,26,0
-5069,-1.237549,921,12,11,26,0
-5068,-1.237305,921,12,11,26,0
-5067,-1.237061,921,12,13,28,0
-5066,-1.236816,921,18,13,34,0
-5065,-1.236572,922,12,12,31,0
-5064,-1.236328,922,12,12,31,0
-5063,-1.236084,922,12,12,31,0
-5062,-1.235840,922,12,13,28,0
-5061,-1.235596,922,12,13,28,0
-5060,-1.235352,922,15,13,31,0
-5059,-1.235107,923,14,11,28,0
-5058,-1.234863,923,11,11,25,0
-5057,-1.234619,923,11,13,27,0
-5056,-1.234375,923,11,13,27,0
-5055,-1.234131,923,11,13,27,0
-5054,-1.233887,923,17,13,33,0
-5053,-1.233643,924,13,12,28,0
-5052,-1.233398,924,13,12,28,0
-5051,-1.233154,924,13,12,28,0
-5050,-1.232910,925,12,11,26,0
-5049,-1.232666,925,12,11,26,0
-5048,-1.232422,925,12,11,26,0
-5047,-1.232178,925,12,13,28,0
-5046,-1.231934,925,12,13,28,0
-5045,-1.231689,925,15,13,31,0
-5044,-1.231445,926,13,12,28,0
-5043,-1.231201,926,13,12,28,0
-5042,-1.230957,926,13,12,28,0
-5041,-1.230713,926,13,13,29,0
-5040,-1.230469,926,13,13,29,0
-5039,-1.230225,926,13,13,29,0
-5038,-1.229980,927,15,11,29,0
-5037,-1.229736,927,12,11,26,0
-5036,-1.229492,927,12,11,26,0
-5035,-1.229248,927,12,13,28,0
-5034,-1.229004,927,12,13,28,0
-5033,-1.228760,928,12,12,31,0
-5032,-1.228516,928,12,12,31,0
-5031,-1.228271,928,12,12,31,0
-5030,-1.228027,928,12,12,31,0
-5029,-1.227783,928,12,13,28,0
-5028,-1.227539,928,12,13,28,0
-5027,-1.227295,928,12,13,28,0
-5026,-1.227051,929,15,11,29,0
-5025,-1.226807,929,11,11,25,0
-5024,-1.226562,929,11,13,27,0
-5023,-1.226318,929,11,13,27,0
-5022,-1.226074,929,11,13,27,0
-5021,-1.225830,930,13,12,28,0
-5020,-1.225586,930,13,12,28,0
-5019,-1.225342,930,13,12,28,0
-5018,-1.225098,930,13,12,28,0
-5017,-1.224854,930,14,13,30,0
-5016,-1.224609,930,16,13,32,0
-5015,-1.224365,931,12,11,26,0
-5014,-1.224121,931,12,11,26,0
-5013,-1.223877,931,12,11,26,0
-5012,-1.223633,931,12,13,28,0
-5011,-1.223389,931,12,13,28,0
-5010,-1.223145,931,12,13,28,0
-5009,-1.222900,932,11,12,26,0
-5008,-1.222656,932,11,12,26,0
-5007,-1.222412,932,11,12,26,0
-5006,-1.222168,932,11,13,27,0
-5005,-1.221924,932,14,13,30,0
-5004,-1.221680,932,16,13,32,0
-5003,-1.221436,933,13,11,27,0
-5002,-1.221191,933,13,11,27,0
-5001,-1.220947,933,13,13,29,0
-5000,-1.220703,933,13,13,29,0
-4999,-1.220459,933,13,13,29,0
-4998,-1.220215,934,15,12,30,0
-4997,-1.219971,934,11,12,30,0
-4996,-1.219727,934,11,12,30,0
-4995,-1.219482,934,11,12,30,0
-4994,-1.219238,934,11,13,27,0
-4993,-1.218994,934,15,13,31,0
-4992,-1.218750,935,12,11,26,0
-4991,-1.218506,935,12,11,26,0
-4990,-1.218262,935,12,11,26,0
-4989,-1.218018,935,12,13,28,0
-4988,-1.217773,935,12,13,28,0
-4987,-1.217529,935,12,13,28,0
-4986,-1.217285,936,15,12,30,0
-4985,-1.217041,936,12,12,31,0
-4984,-1.216797,936,12,13,28,0
-4983,-1.216553,936,12,13,28,0
-4982,-1.216309,936,12,13,28,0
-4981,-1.216064,937,13,11,27,0
-4980,-1.215820,937,13,11,27,0
-4979,-1.215576,937,13,11,27,0
-4978,-1.215332,937,13,13,29,0
-4977,-1.215088,937,14,13,30,0
-4976,-1.214844,938,15,12,30,0
-4975,-1.214600,938,12,12,27,0
-4974,-1.214355,938,12,12,27,0
-4973,-1.214111,938,12,12,27,0
-4972,-1.213867,938,12,13,28,0
-4971,-1.213623,938,12,13,28,0
-4970,-1.213379,938,12,13,28,0
-4969,-1.213135,939,12,11,26,0
-4968,-1.212891,939,12,11,26,0
-4967,-1.212646,939,12,13,28,0
-4966,-1.212402,939,12,13,28,0
-4965,-1.212158,939,15,13,31,0
-4964,-1.211914,940,13,12,28,0
-4963,-1.211670,940,13,12,28,0
-4962,-1.211426,940,13,12,28,0
-4961,-1.211182,940,13,13,29,0
-4960,-1.210938,940,13,13,29,0
-4959,-1.210693,940,13,13,29,0
-4958,-1.210449,941,15,11,29,0
-4957,-1.210205,941,12,11,26,0
-4956,-1.209961,941,12,11,26,0
-4955,-1.209717,941,12,13,28,0
-4954,-1.209473,941,12,13,28,0
-4953,-1.209229,942,12,12,31,0
-4952,-1.208984,942,12,12,31,0
-4951,-1.208740,942,12,12,31,0
-4950,-1.208496,942,12,13,28,0
-4949,-1.208252,942,12,13,28,0
-4948,-1.208008,942,12,13,28,0
-4947,-1.207764,942,18,13,34,0
-4946,-1.207520,943,14,11,28,0
-4945,-1.207275,943,13,11,27,0
-4944,-1.207031,943,13,13,29,0
-4943,-1.206787,943,13,13,29,0
-4942,-1.206543,943,13,13,29,0
-4941,-1.206299,944,12,12,27,0
-4940,-1.206055,944,12,12,27,0
-4939,-1.205811,944,12,12,27,0
-4938,-1.205566,944,12,12,27,0
-4937,-1.205322,944,13,13,29,0
-4936,-1.205078,944,13,13,29,0
-4935,-1.204834,944,18,13,34,0
-4934,-1.204590,945,14,11,28,0
-4933,-1.204346,945,12,11,26,0
-4932,-1.204102,945,12,13,28,0
-4931,-1.203857,945,12,13,28,0
-4930,-1.203613,945,12,13,28,0
-4929,-1.203369,946,11,12,26,0
-4928,-1.203125,946,11,12,26,0
-4927,-1.202881,946,11,12,26,0
-4926,-1.202637,946,11,13,27,0
-4925,-1.202393,946,14,13,30,0
-4924,-1.202148,946,18,13,34,0
-4923,-1.201904,947,13,11,27,0
-4922,-1.201660,947,13,11,27,0
-4921,-1.201416,947,14,13,30,0
-4920,-1.201172,947,16,13,32,0
-4919,-1.200928,948,12,12,27,0
-4918,-1.200684,948,12,12,27,0
-4917,-1.200439,948,12,12,27,0
-4916,-1.200195,948,12,13,28,0
-4915,-1.199951,948,12,13,28,0
-4914,-1.199707,948,12,13,28,0
-4913,-1.199463,949,11,11,25,0
-4912,-1.199219,949,11,11,25,0
-4911,-1.198975,949,11,11,25,0
-4910,-1.198730,949,11,13,27,0
-4909,-1.198486,949,14,13,30,0
-4908,-1.198242,950,15,12,30,0
-4907,-1.197998,950,13,12,28,0
-4906,-1.197754,950,13,12,28,0
-4905,-1.197510,950,13,13,29,0
-4904,-1.197266,950,13,13,29,0
-4903,-1.197021,950,13,13,29,0
-4902,-1.196777,951,15,11,29,0
-4901,-1.196533,951,11,11,25,0
-4900,-1.196289,951,11,11,25,0
-4899,-1.196045,951,11,13,27,0
-4898,-1.195801,951,11,13,27,0
-4897,-1.195557,951,15,13,31,0
-4896,-1.195312,952,12,12,31,0
-4895,-1.195068,952,12,12,31,0
-4894,-1.194824,952,12,12,31,0
-4893,-1.194580,952,12,13,28,0
-4892,-1.194336,952,12,13,28,0
-4891,-1.194092,952,12,13,28,0
-4890,-1.193848,953,15,11,29,0
-4889,-1.193604,953,13,11,27,0
-4888,-1.193359,953,13,13,29,0
-4887,-1.193115,953,13,13,29,0
-4886,-1.192871,953,13,13,29,0
-4885,-1.192627,954,11,12,30,0
-4884,-1.192383,954,11,12,30,0
-4883,-1.192139,954,11,12,30,0
-4882,-1.191895,954,11,13,27,0
-4881,-1.191650,954,14,13,30,0
-4880,-1.191406,954,16,13,32,0
-4879,-1.191162,955,12,11,26,0
-4878,-1.190918,955,12,11,26,0
-4877,-1.190674,955,12,11,26,0
-4876,-1.190430,955,12,13,28,0
-4875,-1.190186,955,12,13,28,0
-4874,-1.189941,955,16,13,32,0
-4873,-1.189697,956,12,12,31,0
-4872,-1.189453,956,12,12,31,0
-4871,-1.189209,956,12,13,28,0
-4870,-1.188965,956,12,13,28,0
-4869,-1.188721,956,14,13,30,0
-4868,-1.188477,957,15,11,29,0
-4867,-1.188232,957,13,11,27,0
-4866,-1.187988,957,13,11,27,0
-4865,-1.187744,957,13,13,29,0
-4864,-1.187500,957,13,13,29,0
-4863,-1.187256,957,15,13,31,0
-4862,-1.187012,958,14,12,29,0
-4861,-1.186768,958,12,12,27,0
-4860,-1.186523,958,12,12,27,0
-4859,-1.186279,958,12,13,28,0
-4858,-1.186035,958,12,13,28,0
-4857,-1.185791,959,12,11,26,0
-4856,-1.185547,959,12,11,26,0
-4855,-1.185303,959,12,11,26,0
-4854,-1.185059,959,12,13,28,0
-4853,-1.184814,959,14,13,30,0
-4852,-1.184570,960,15,12,30,0
-4851,-1.184326,960,13,12,28,0
-4850,-1.184082,960,13,12,28,0
-4849,-1.183838,960,13,13,29,0
-4848,-1.183594,960,13,13,29,0
-4847,-1.183350,960,13,13,29,0
-4846,-1.183105,960,17,13,33,0
-4845,-1.182861,961,12,11,26,0
-4844,-1.182617,961,12,11,26,0
-4843,-1.182373,961,12,11,26,0
-4842,-1.182129,961,12,13,28,0
-4841,-1.181885,961,18,13,34,0
-4840,-1.181641,962,12,12,31,0
-4839,-1.181396,962,12,12,31,0
-4838,-1.181152,962,12,12,31,0
-4837,-1.180908,962,12,13,28,0
-4836,-1.180664,962,12,13,28,0
-4835,-1.180420,962,12,13,28,0
-4834,-1.180176,963,15,11,29,0
-4833,-1.179932,963,11,11,25,0
-4832,-1.179688,963,11,11,25,0
-4831,-1.179443,963,11,13,27,0
-4830,-1.179199,963,11,13,27,0
-4829,-1.178955,963,17,13,33,0
-4828,-1.178711,964,13,12,28,0
-4827,-1.178467,964,13,12,28,0
-4826,-1.178223,964,13,12,28,0
-4825,-1.177979,964,13,13,29,0
-4824,-1.177734,964,13,13,29,0
-4823,-1.177490,964,15,13,31,0
-4822,-1.177246,965,14,11,28,0
-4821,-1.177002,965,12,11,26,0
-4820,-1.176758,965,12,13,28,0
-4819,-1.176514,965,12,13,28,0
-4818,-1.176270,965,12,13,28,0
-4817,-1.176025,966,11,12,26,0
-4816,-1.175781,966,11,12,26,0
-4815,-1.175537,966,11,12,26,0
-4814,-1.175293,966,11,13,27,0
-4813,-1.175049,966,14,13,30,0
-4812,-1.174805,966,17,13,33,0
-4811,-1.174561,967,13,11,27,0
-4810,-1.174316,967,13,11,27,0
-4809,-1.174072,967,13,13,29,0
-4808,-1.173828,967,13,13,29,0
-4807,-1.173584,967,15,13,31,0
-4806,-1.173340,968,14,12,29,0
-4805,-1.173096,968,11,12,30,0
-4804,-1.172852,968,11,12,30,0
-4803,-1.172607,968,11,13,27,0
-4802,-1.172363,968,11,13,27,0
-4801,-1.172119,969,12,11,26,0
-4800,-1.171875,969,12,11,26,0
-4799,-1.171631,969,12,11,26,0
-4798,-1.171387,969,12,13,28,0
-4797,-1.171143,969,12,13,28,0
-4796,-1.170898,969,12,13,28,0
-4795,-1.170654,970,16,12,31,0
-4794,-1.170410,970,14,12,29,0
-4793,-1.170166,970,13,13,29,0
-4792,-1.169922,970,13,13,29,0
-4791,-1.169678,970,15,13,31,0
-4790,-1.169434,971,14,11,28,0
-4789,-1.169189,971,12,11,26,0
-4788,-1.168945,971,12,11,26,0
-4787,-1.168701,971,12,13,28,0
-4786,-1.168457,971,12,13,28,0
-4785,-1.168213,972,11,12,26,0
-4784,-1.167969,972,11,12,26,0
-4783,-1.167725,972,11,12,26,0
-4782,-1.167480,972,11,13,27,0
-4781,-1.167236,972,11,13,27,0
-4780,-1.166992,972,11,13,27,0
-4779,-1.166748,973,16,11,30,0
-4778,-1.166504,973,14,11,28,0
-4777,-1.166260,973,13,13,29,0
-4776,-1.166016,973,13,13,29,0
-4775,-1.165771,973,15,13,31,0
-4774,-1.165527,974,14,12,29,0
-4773,-1.165283,974,11,12,30,0
-4772,-1.165039,974,11,12,30,0
-4771,-1.164795,974,11,12,30,0
-4770,-1.164551,974,11,13,27,0
-4769,-1.164307,974,15,13,31,0
-4768,-1.164062,975,12,11,26,0
-4767,-1.163818,975,12,11,26,0
-4766,-1.163574,975,12,11,26,0
-4765,-1.163330,975,12,13,28,0
-4764,-1.163086,975,12,13,28,0
-4763,-1.162842,975,15,13,31,0
-4762,-1.162598,976,14,12,29,0
-4761,-1.162354,976,12,12,31,0
-4760,-1.162109,976,12,13,28,0
-4759,-1.161865,976,12,13,28,0
-4758,-1.161621,976,12,13,28,0
-4757,-1.161377,977,13,11,27,0
-4756,-1.161133,977,13,11,27,0
-4755,-1.160889,977,13,11,27,0
-4754,-1.160645,977,13,13,29,0
-4753,-1.160400,977,15,13,31,0
-4752,-1.160156,978,12,12,27,0
-4751,-1.159912,978,12,12,27,0
-4750,-1.159668,978,12,12,27,0
-4749,-1.159424,978,12,12,27,0
-4748,-1.159180,978,12,13,28,0
-4747,-1.158936,978,12,13,28,0
-4746,-1.158691,978,18,13,34,0
-4745,-1.158447,979,12,11,26,0
-4744,-1.158203,979,12,13,28,0
-4743,-1.157959,979,12,13,28,0
-4742,-1.157715,979,12,13,28,0
-4741,-1.157471,979,17,13,33,0
-4740,-1.157227,980,13,12,28,0
-4739,-1.156982,980,13,12,28,0
-4738,-1.156738,980,13,12,28,0
-4737,-1.156494,980,13,13,29,0
-4736,-1.156250,980,13,13,29,0
-4735,-1.156006,980,18,13,34,0
-4734,-1.155762,981,14,11,28,0
-4733,-1.155518,981,12,11,26,0
-4732,-1.155273,981,12,13,28,0
-4731,-1.155029,981,12,13,28,0
-4730,-1.154785,981,12,13,28,0
-4729,-1.154541,982,12,12,31,0
-4728,-1.154297,982,12,12,31,0
-4727,-1.154053,982,12,13,28,0
-4726,-1.153809,982,12,13,28,0
-4725,-1.153564,982,14,13,30,0
-4724,-1.153320,983,15,11,29,0
-4723,-1.153076,983,13,11,27,0
-4722,-1.152832,983,13,11,27,0
-4721,-1.152588,983,14,13,30,0
-4720,-1.152344,983,16,13,32,0
-4719,-1.152100,984,12,12,27,0
-4718,-1.151855,984,12,12,27,0
-4717,-1.151611,984,12,12,27,0
-4716,-1.151367,984,12,13,28,0
-4715,-1.151123,984,12,13,28,0
-4714,-1.150879,984,12,13,28,0
-4713,-1.150635,985,12,11,26,0
-4712,-1.150391,985,12,11,26,0
-4711,-1.150146,985,12,11,26,0
-4710,-1.149902,985,12,13,28,0
-4709,-1.149658,985,14,13,30,0
-4708,-1.149414,986,15,12,30,0
-4707,-1.149170,986,13,12,28,0
-4706,-1.148926,986,13,12,28,0
-4705,-1.148682,986,13,13,29,0
-4704,-1.148438,986,13,13,29,0
-4703,-1.148193,986,13,13,29,0
-4702,-1.147949,987,15,11,29,0
-4701,-1.147705,987,12,11,26,0
-4700,-1.147461,987,12,11,26,0
-4699,-1.147217,987,12,13,28,0
-4698,-1.146973,987,12,13,28,0
-4697,-1.146729,988,12,12,31,0
-4696,-1.146484,988,12,12,31,0
-4695,-1.146240,988,12,12,31,0
-4694,-1.145996,988,12,13,28,0
-4693,-1.145752,988,14,13,30,0
-4692,-1.145508,988,18,13,34,0
-4691,-1.145264,989,13,11,27,0
-4690,-1.145020,989,13,11,27,0
-4689,-1.144775,989,13,13,29,0
-4688,-1.144531,989,13,13,29,0
-4687,-1.144287,989,13,13,29,0
-4686,-1.144043,989,16,13,32,0
-4685,-1.143799,990,12,12,27,0
-4684,-1.143555,990,12,12,27,0
-4683,-1.143311,990,12,13,28,0
-4682,-1.143066,990,12,13,28,0
-4681,-1.142822,991,17,11,31,0
-4680,-1.142578,991,12,11,26,0
-4679,-1.142334,991,12,11,26,0
-4678,-1.142090,991,12,11,26,0
-4677,-1.141846,991,12,13,28,0
-4676,-1.141602,991,12,13,28,0
-4675,-1.141357,992,16,12,31,0
-4674,-1.141113,992,14,12,29,0
-4673,-1.140869,992,11,12,26,0
-4672,-1.140625,992,11,13,27,0
-4671,-1.140381,992,11,13,27,0
-4670,-1.140137,992,11,13,27,0
-4669,-1.139893,992,15,13,31,0
-4668,-1.139648,993,13,11,27,0
-4667,-1.139404,993,13,11,27,0
-4666,-1.139160,993,13,11,27,0
-4665,-1.138916,993,15,13,31,0
-4664,-1.138672,994,12,12,31,0
-4663,-1.138428,994,12,12,31,0
-4662,-1.138184,994,12,12,31,0
-4661,-1.137939,994,12,13,28,0
-4660,-1.137695,994,12,13,28,0
-4659,-1.137451,995,16,11,30,0
-4658,-1.137207,995,14,11,28,0
-4657,-1.136963,995,13,11,27,0
-4656,-1.136719,995,13,13,29,0
-4655,-1.136475,995,13,13,29,0
-4654,-1.136230,995,13,13,29,0
-4653,-1.135986,996,12,12,27,0
-4652,-1.135742,996,12,12,27,0
-4651,-1.135498,996,12,12,27,0
-4650,-1.135254,996,12,13,28,0
-4649,-1.135010,996,14,13,30,0
-4648,-1.134766,997,15,11,29,0
-4647,-1.134521,997,12,11,26,0
-4646,-1.134277,997,12,11,26,0
-4645,-1.134033,997,12,13,28,0
-4644,-1.133789,997,12,13,28,0
-4643,-1.133545,997,15,13,31,0
-4642,-1.133301,998,14,12,29,0
-4641,-1.133057,998,11,12,26,0
-4640,-1.132812,998,11,13,27,0
-4639,-1.132568,998,11,13,27,0
-4638,-1.132324,998,11,13,27,0
-4637,-1.132080,998,17,13,33,0
-4636,-1.131836,999,13,11,27,0
-4635,-1.131592,999,13,11,27,0
-4634,-1.131348,999,13,13,29,0
-4633,-1.131104,999,14,13,30,0
-4632,-1.130859,1000,15,12,30,0
-4631,-1.130615,1000,12,12,27,0
-4630,-1.130371,1000,12,12,27,0
-4629,-1.130127,1000,12,12,27,0
-4628,-1.129883,1000,12,13,28,0
-4627,-1.129639,1000,12,13,28,0
-4626,-1.129395,1001,15,11,29,0
-4625,-1.129150,1001,11,11,25,0
-4624,-1.128906,1001,11,11,25,0
-4623,-1.128662,1001,11,13,27,0
-4622,-1.128418,1001,11,13,27,0
-4621,-1.128174,1001,14,13,30,0
-4620,-1.127930,1002,15,12,30,0
-4619,-1.127686,1002,13,12,28,0
-4618,-1.127441,1002,13,12,28,0
-4617,-1.127197,1002,13,13,29,0
-4616,-1.126953,1002,13,13,29,0
-4615,-1.126709,1003,16,11,30,0
-4614,-1.126465,1003,14,11,28,0
-4613,-1.126221,1003,12,11,26,0
-4612,-1.125977,1003,12,13,28,0
-4611,-1.125732,1003,12,13,28,0
-4610,-1.125488,1004,15,12,30,0
-4609,-1.125244,1004,11,12,26,0
-4608,-1.125000,1004,11,12,26,0
-4607,-1.124756,1004,11,12,26,0
-4606,-1.124512,1004,11,13,27,0
-4605,-1.124268,1004,14,13,30,0
-4604,-1.124023,1005,15,11,29,0
-4603,-1.123779,1005,13,11,27,0
-4602,-1.123535,1005,13,11,27,0
-4601,-1.123291,1005,14,13,30,0
-4600,-1.123047,1005,16,13,32,0
-4599,-1.122803,1006,12,12,27,0
-4598,-1.122559,1006,12,12,27,0
-4597,-1.122314,1006,12,12,27,0
-4596,-1.122070,1006,12,13,28,0
-4595,-1.121826,1006,12,13,28,0
-4594,-1.121582,1007,15,11,29,0
-4593,-1.121338,1007,11,11,25,0
-4592,-1.121094,1007,11,11,25,0
-4591,-1.120850,1007,11,13,27,0
-4590,-1.120605,1007,11,13,27,0
-4589,-1.120361,1007,15,13,31,0
-4588,-1.120117,1008,13,12,28,0
-4587,-1.119873,1008,13,12,28,0
-4586,-1.119629,1008,13,12,28,0
-4585,-1.119385,1008,13,13,29,0
-4584,-1.119141,1008,13,13,29,0
-4583,-1.118896,1008,15,13,31,0
-4582,-1.118652,1009,14,11,28,0
-4581,-1.118408,1009,12,11,26,0
-4580,-1.118164,1009,12,11,26,0
-4579,-1.117920,1009,12,13,28,0
-4578,-1.117676,1009,12,13,28,0
-4577,-1.117432,1010,11,12,26,0
-4576,-1.117188,1010,11,12,26,0
-4575,-1.116943,1010,11,12,26,0
-4574,-1.116699,1010,11,13,27,0
-4573,-1.116455,1010,14,13,30,0
-4572,-1.116211,1010,18,13,34,0
-4571,-1.115967,1011,13,11,27,0
-4570,-1.115723,1011,13,11,27,0
-4569,-1.115479,1011,13,13,29,0
-4568,-1.115234,1011,13,13,29,0
-4567,-1.114990,1011,15,13,31,0
-4566,-1.114746,1012,14,12,29,0
-4565,-1.114502,1012,11,12,30,0
-4564,-1.114258,1012,11,12,30,0
-4563,-1.114014,1012,11,13,27,0
-4562,-1.113770,1012,11,13,27,0
-4561,-1.113525,1013,16,11,30,0
-4560,-1.113281,1013,12,11,26,0
-4559,-1.113037,1013,12,11,26,0
-4558,-1.112793,1013,12,13,28,0
-4557,-1.112549,1013,12,13,28,0
-4556,-1.112305,1013,12,13,28,0
-4555,-1.112061,1014,16,12,31,0
-4554,-1.111816,1014,14,12,29,0
-4553,-1.111572,1014,13,13,29,0
-4552,-1.111328,1014,13,13,29,0
-4551,-1.111084,1014,13,13,29,0
-4550,-1.110840,1015,15,11,29,0
-4549,-1.110596,1015,11,11,25,0
-4548,-1.110352,1015,11,11,25,0
-4547,-1.110107,1015,11,13,27,0
-4546,-1.109863,1015,11,13,27,0
-4545,-1.109619,1016,16,12,31,0
-4544,-1.109375,1016,12,12,31,0
-4543,-1.109131,1016,12,12,31,0
-4542,-1.108887,1016,12,13,28,0
-4541,-1.108643,1016,12,13,28,0
-4540,-1.108398,1016,12,13,28,0
-4539,-1.108154,1017,17,11,31,0
-4538,-1.107910,1017,14,11,28,0
-4537,-1.107666,1017,14,13,30,0
-4536,-1.107422,1018,15,12,30,0
-4535,-1.107178,1018,12,12,27,0
-4534,-1.106934,1018,12,12,27,0
-4533,-1.106689,1018,12,13,28,0
-4532,-1.106445,1018,12,13,28,0
-4531,-1.106201,1018,12,13,28,0
-4530,-1.105957,1019,15,11,29,0
-4529,-1.105713,1019,11,11,25,0
-4528,-1.105469,1019,11,13,27,0
-4527,-1.105225,1019,11,13,27,0
-4526,-1.104980,1019,11,13,27,0
-4525,-1.104736,1020,16,12,31,0
-4524,-1.104492,1020,13,12,28,0
-4523,-1.104248,1020,13,12,28,0
-4522,-1.104004,1020,13,13,29,0
-4521,-1.103760,1020,14,13,30,0
-4520,-1.103516,1021,15,11,29,0
-4519,-1.103271,1021,12,11,26,0
-4518,-1.103027,1021,12,11,26,0
-4517,-1.102783,1021,12,13,28,0
-4516,-1.102539,1021,12,13,28,0
-4515,-1.102295,1021,12,13,28,0
-4514,-1.102051,1022,15,12,30,0
-4513,-1.101807,1022,11,12,26,0
-4512,-1.101562,1022,11,13,27,0
-4511,-1.101318,1022,11,13,27,0
-4510,-1.101074,1022,11,13,27,0
-4509,-1.100830,1023,16,11,30,0
-4508,-1.100586,1023,13,11,27,0
-4507,-1.100342,1023,13,11,27,0
-4506,-1.100098,1023,13,13,29,0
-4505,-1.099854,1023,14,13,30,0
-4504,-1.099609,1024,15,12,30,0
-4503,-1.099365,1024,11,12,30,0
-4502,-1.099121,1024,11,12,30,0
-4501,-1.098877,1024,11,12,30,0
-4500,-1.098633,1024,11,13,27,0
-4499,-1.098389,1024,11,13,27,0
-4498,-1.098145,1024,11,13,27,0
-4497,-1.097900,1024,11,13,27,0
-4496,-1.097656,1024,15,13,31,0
-4495,-1.097412,1025,14,11,28,0
-4494,-1.097168,1025,13,11,27,0
-4493,-1.096924,1025,13,13,29,0
-4492,-1.096680,1025,13,13,29,0
-4491,-1.096436,1026,15,12,30,0
-4490,-1.096191,1026,11,12,30,0
-4489,-1.095947,1026,11,12,30,0
-4488,-1.095703,1026,11,13,27,0
-4487,-1.095459,1026,11,13,27,0
-4486,-1.095215,1026,15,13,31,0
-4485,-1.094971,1027,12,11,26,0
-4484,-1.094727,1027,12,11,26,0
-4483,-1.094482,1027,12,13,28,0
-4482,-1.094238,1027,14,13,30,0
-4481,-1.093994,1027,16,13,32,0
-4480,-1.093750,1027,18,13,34,0
-4479,-1.093506,1028,13,12,28,0
-4478,-1.093262,1028,13,12,32,0
-4477,-1.093018,1028,13,13,29,0
-4476,-1.092773,1028,13,13,29,0
-4475,-1.092529,1028,16,13,32,0
-4474,-1.092285,1029,11,11,25,0
-4473,-1.092041,1029,11,11,25,0
-4472,-1.091797,1029,11,13,27,0
-4471,-1.091553,1029,11,13,27,0
-4470,-1.091309,1029,15,13,31,0
-4469,-1.091064,1030,12,12,31,0
-4468,-1.090820,1030,12,12,31,0
-4467,-1.090576,1030,12,12,31,0
-4466,-1.090332,1030,14,13,30,0
-4465,-1.090088,1030,16,13,32,0
-4464,-1.089844,1031,13,11,27,0
-4463,-1.089600,1031,13,11,27,0
-4462,-1.089355,1031,14,13,30,0
-4461,-1.089111,1031,16,13,32,0
-4460,-1.088867,1032,12,12,27,0
-4459,-1.088623,1032,12,12,27,0
-4458,-1.088379,1032,12,13,28,0
-4457,-1.088135,1032,12,13,28,0
-4456,-1.087891,1032,12,13,28,0
-4455,-1.087646,1033,15,11,29,0
-4454,-1.087402,1033,11,11,25,0
-4453,-1.087158,1033,11,11,25,0
-4452,-1.086914,1033,11,13,27,0
-4451,-1.086670,1033,11,13,27,0
-4450,-1.086426,1033,15,13,31,0
-4449,-1.086182,1034,13,12,28,0
-4448,-1.085938,1034,13,12,28,0
-4447,-1.085693,1034,13,13,29,0
-4446,-1.085449,1034,13,13,29,0
-4445,-1.085205,1035,17,11,31,0
-4444,-1.084961,1035,16,11,30,0
-4443,-1.084717,1035,14,11,28,0
-4442,-1.084473,1035,12,11,26,0
-4441,-1.084229,1035,12,13,28,0
-4440,-1.083984,1035,12,13,28,0
-4439,-1.083740,1036,15,12,30,0
-4438,-1.083496,1036,11,12,26,0
-4437,-1.083252,1036,11,12,26,0
-4436,-1.083008,1036,11,13,27,0
-4435,-1.082764,1036,11,13,27,0
-4434,-1.082520,1036,15,13,31,0
-4433,-1.082275,1037,13,11,27,0
-4432,-1.082031,1037,13,11,27,0
-4431,-1.081787,1037,13,13,29,0
-4430,-1.081543,1037,14,13,30,0
-4429,-1.081299,1038,15,12,30,0
-4428,-1.081055,1038,12,12,27,0
-4427,-1.080811,1038,12,12,27,0
-4426,-1.080566,1038,12,13,28,0
-4425,-1.080322,1038,12,13,28,0
-4424,-1.080078,1038,12,13,28,0
-4423,-1.079834,1039,15,11,29,0
-4422,-1.079590,1039,11,11,25,0
-4421,-1.079346,1039,11,11,25,0
-4420,-1.079102,1039,11,13,27,0
-4419,-1.078857,1039,11,13,27,0
-4418,-1.078613,1040,18,12,33,0
-4417,-1.078369,1040,13,12,28,0
-4416,-1.078125,1040,13,12,28,0
-4415,-1.077881,1040,13,12,28,0
-4414,-1.077637,1040,13,13,29,0
-4413,-1.077393,1040,13,13,29,0
-4412,-1.077148,1041,16,11,30,0
-4411,-1.076904,1041,14,11,28,0
-4410,-1.076660,1041,12,11,26,0
-4409,-1.076416,1041,12,13,28,0
-4408,-1.076172,1041,12,13,28,0
-4407,-1.075928,1041,12,13,28,0
-4406,-1.075684,1042,11,12,26,0
-4405,-1.075439,1042,11,12,26,0
-4404,-1.075195,1042,11,12,26,0
-4403,-1.074951,1042,11,13,27,0
-4402,-1.074707,1042,14,13,30,0
-4401,-1.074463,1043,15,11,29,0
-4400,-1.074219,1043,13,11,27,0
-4399,-1.073975,1043,13,11,27,0
-4398,-1.073730,1043,14,13,30,0
-4397,-1.073486,1044,15,12,30,0
-4396,-1.073242,1044,12,12,31,0
-4395,-1.072998,1044,12,12,31,0
-4394,-1.072754,1044,12,13,28,0
-4393,-1.072510,1044,12,13,28,0
-4392,-1.072266,1044,12,13,28,0
-4391,-1.072021,1045,15,11,29,0
-4390,-1.071777,1045,13,11,27,0
-4389,-1.071533,1045,13,13,29,0
-4388,-1.071289,1045,13,13,29,0
-4387,-1.071045,1045,13,13,29,0
-4386,-1.070801,1046,12,12,27,0
-4385,-1.070557,1046,12,12,27,0
-4384,-1.070312,1046,12,12,27,0
-4383,-1.070068,1046,12,13,28,0
-4382,-1.069824,1046,14,13,30,0
-4381,-1.069580,1047,15,11,29,0
-4380,-1.069336,1047,12,11,26,0
-4379,-1.069092,1047,12,11,26,0
-4378,-1.068848,1047,12,13,28,0
-4377,-1.068604,1047,12,13,28,0
-4376,-1.068359,1047,15,13,31,0
-4375,-1.068115,1048,14,12,29,0
-4374,-1.067871,1048,11,12,26,0
-4373,-1.067627,1048,11,13,27,0
-4372,-1.067383,1048,11,13,27,0
-4371,-1.067139,1048,11,13,27,0
-4370,-1.066895,1049,16,11,30,0
-4369,-1.066650,1049,13,11,27,0
-4368,-1.066406,1049,13,11,27,0
-4367,-1.066162,1049,13,13,29,0
-4366,-1.065918,1049,14,13,30,0
-4365,-1.065674,1050,15,12,30,0
-4364,-1.065430,1050,12,12,31,0
-4363,-1.065186,1050,12,12,31,0
-4362,-1.064941,1050,12,13,28,0
-4361,-1.064697,1050,12,13,28,0
-4360,-1.064453,1051,18,11,32,0
-4359,-1.064209,1051,14,11,28,0
-4358,-1.063965,1051,13,11,27,0
-4357,-1.063721,1051,13,13,29,0
-4356,-1.063477,1051,13,13,29,0
-4355,-1.063232,1051,16,13,32,0
-4354,-1.062988,1052,12,12,27,0
-4353,-1.062744,1052,12,12,27,0
-4352,-1.062500,1052,12,13,28,0
-4351,-1.062256,1052,12,13,28,0
-4350,-1.062012,1052,15,13,31,0
-4349,-1.061768,1053,12,11,26,0
-4348,-1.061523,1053,12,11,26,0
-4347,-1.061279,1053,12,11,26,0
-4346,-1.061035,1053,12,13,28,0
-4345,-1.060791,1053,12,13,28,0
-4344,-1.060547,1054,16,12,31,0
-4343,-1.060303,1054,14,12,29,0
-4342,-1.060059,1054,13,12,32,0
-4341,-1.059814,1054,13,13,29,0
-4340,-1.059570,1054,13,13,29,0
-4339,-1.059326,1054,13,13,29,0
-4338,-1.059082,1055,12,11,26,0
-4337,-1.058838,1055,12,11,26,0
-4336,-1.058594,1055,12,11,26,0
-4335,-1.058350,1055,12,13,28,0
-4334,-1.058105,1056,12,12,31,0
-4333,-1.057861,1056,12,12,31,0
-4332,-1.057617,1056,12,12,31,0
-4331,-1.057373,1056,12,13,28,0
-4330,-1.057129,1056,14,13,30,0
-4329,-1.056885,1056,16,13,32,0
-4328,-1.056641,1057,13,11,27,0
-4327,-1.056396,1057,13,11,27,0
-4326,-1.056152,1057,13,13,29,0
-4325,-1.055908,1057,13,13,29,0
-4324,-1.055664,1057,13,13,29,0
-4323,-1.055420,1058,15,12,30,0
-4322,-1.055176,1058,12,12,27,0
-4321,-1.054932,1058,12,12,27,0
-4320,-1.054688,1058,12,13,28,0
-4319,-1.054443,1058,12,13,28,0
-4318,-1.054199,1059,16,11,30,0
-4317,-1.053955,1059,12,11,26,0
-4316,-1.053711,1059,12,11,26,0
-4315,-1.053467,1059,12,13,28,0
-4314,-1.053223,1059,14,13,30,0
-4313,-1.052979,1059,17,13,33,0
-4312,-1.052734,1060,13,12,28,0
-4311,-1.052490,1060,13,12,28,0
-4310,-1.052246,1060,13,13,29,0
-4309,-1.052002,1060,13,13,29,0
-4308,-1.051758,1060,13,13,29,0
-4307,-1.051514,1061,15,11,29,0
-4306,-1.051270,1061,12,11,26,0
-4305,-1.051025,1061,12,11,26,0
-4304,-1.050781,1061,12,13,28,0
-4303,-1.050537,1061,12,13,28,0
-4302,-1.050293,1062,16,12,31,0
-4301,-1.050049,1062,12,12,31,0
-4300,-1.049805,1062,12,12,31,0
-4299,-1.049561,1062,12,13,28,0
-4298,-1.049316,1062,14,13,30,0
-4297,-1.049072,1063,15,11,29,0
-4296,-1.048828,1063,13,11,27,0
-4295,-1.048584,1063,13,11,27,0
-4294,-1.048340,1063,13,13,29,0
-4293,-1.048096,1063,13,13,29,0
-4292,-1.047852,1063,15,13,31,0
-4291,-1.047607,1064,14,12,29,0
-4290,-1.047363,1064,12,12,27,0
-4289,-1.047119,1064,12,12,27,0
-4288,-1.046875,1064,12,13,28,0
-4287,-1.046631,1064,12,13,28,0
-4286,-1.046387,1065,12,11,26,0
-4285,-1.046143,1065,12,11,26,0
-4284,-1.045898,1065,12,11,26,0
-4283,-1.045654,1065,12,13,28,0
-4282,-1.045410,1065,14,13,30,0
-4281,-1.045166,1066,15,12,30,0
-4280,-1.044922,1066,13,12,28,0
-4279,-1.044678,1066,13,12,28,0
-4278,-1.044434,1066,13,13,29,0
-4277,-1.044189,1066,13,13,29,0
-4276,-1.043945,1066,15,13,31,0
-4275,-1.043701,1067,14,11,28,0
-4274,-1.043457,1067,12,11,26,0
-4273,-1.043213,1067,12,13,28,0
-4272,-1.042969,1067,12,13,28,0
-4271,-1.042725,1067,12,13,28,0
-4270,-1.042480,1068,12,12,31,0
-4269,-1.042236,1068,12,12,31,0
-4268,-1.041992,1068,12,13,28,0
-4267,-1.041748,1068,12,13,28,0
-4266,-1.041504,1069,16,11,30,0
-4265,-1.041260,1069,13,11,27,0
-4264,-1.041016,1069,13,11,27,0
-4263,-1.040771,1069,13,13,29,0
-4262,-1.040527,1069,14,13,30,0
-4261,-1.040283,1070,15,12,30,0
-4260,-1.040039,1070,12,12,27,0
-4259,-1.039795,1070,12,12,27,0
-4258,-1.039551,1070,12,13,28,0
-4257,-1.039307,1070,12,13,28,0
-4256,-1.039062,1070,15,13,31,0
-4255,-1.038818,1071,14,11,28,0
-4254,-1.038574,1071,13,11,27,0
-4253,-1.038330,1071,13,13,29,0
-4252,-1.038086,1071,13,13,29,0
-4251,-1.037842,1071,13,13,29,0
-4250,-1.037598,1072,11,12,30,0
-4249,-1.037354,1072,11,12,30,0
-4248,-1.037109,1072,11,12,30,0
-4247,-1.036865,1072,11,13,27,0
-4246,-1.036621,1072,14,13,30,0
-4245,-1.036377,1072,16,13,32,0
-4244,-1.036133,1073,12,11,26,0
-4243,-1.035889,1073,12,11,26,0
-4242,-1.035645,1073,12,13,28,0
-4241,-1.035400,1073,12,13,28,0
-4240,-1.035156,1073,15,13,31,0
-4239,-1.034912,1074,14,12,29,0
-4238,-1.034668,1074,13,12,32,0
-4237,-1.034424,1074,13,13,29,0
-4236,-1.034180,1074,13,13,29,0
-4235,-1.033936,1074,16,13,32,0
-4234,-1.033691,1075,11,11,25,0
-4233,-1.033447,1075,11,11,25,0
-4232,-1.033203,1075,11,11,25,0
-4231,-1.032959,1075,11,13,27,0
-4230,-1.032715,1075,15,13,31,0
-4229,-1.032471,1076,12,12,31,0
-4228,-1.032227,1076,12,12,31,0
-4227,-1.031982,1076,12,12,31,0
-4226,-1.031738,1076,12,13,28,0
-4225,-1.031494,1076,12,13,28,0
-4224,-1.031250,1077,16,11,30,0
-4223,-1.031006,1077,14,11,28,0
-4222,-1.030762,1077,13,11,27,0
-4221,-1.030518,1077,13,13,29,0
-4220,-1.030273,1077,13,13,29,0
-4219,-1.030029,1078,17,12,32,0
-4218,-1.029785,1078,11,12,30,0
-4217,-1.029541,1078,11,12,30,0
-4216,-1.029297,1078,11,13,27,0
-4215,-1.029053,1078,11,13,27,0
-4214,-1.028809,1078,15,13,31,0
-4213,-1.028564,1079,12,11,26,0
-4212,-1.028320,1079,12,11,26,0
-4211,-1.028076,1079,12,13,28,0
-4210,-1.027832,1079,14,13,30,0
-4209,-1.027588,1079,16,13,32,0
-4208,-1.027344,1080,13,12,28,0
-4207,-1.027100,1080,13,12,28,0
-4206,-1.026855,1080,13,13,29,0
-4205,-1.026611,1080,13,13,29,0
-4204,-1.026367,1081,16,11,30,0
-4203,-1.026123,1081,14,11,28,0
-4202,-1.025879,1081,12,11,26,0
-4201,-1.025635,1081,12,13,28,0
-4200,-1.025391,1081,12,13,28,0
-4199,-1.025146,1082,15,12,30,0
-4198,-1.024902,1082,11,12,26,0
-4197,-1.024658,1082,11,12,26,0
-4196,-1.024414,1082,11,13,27,0
-4195,-1.024170,1082,11,13,27,0
-4194,-1.023926,1083,16,11,30,0
-4193,-1.023682,1083,13,11,27,0
-4192,-1.023438,1083,13,11,27,0
-4191,-1.023193,1083,13,13,29,0
-4190,-1.022949,1083,14,13,30,0
-4189,-1.022705,1084,15,12,30,0
-4188,-1.022461,1084,12,12,27,0
-4187,-1.022217,1084,12,12,27,0
-4186,-1.021973,1084,12,13,28,0
-4185,-1.021729,1084,12,13,28,0
-4184,-1.021484,1084,15,13,31,0
-4183,-1.021240,1085,14,11,28,0
-4182,-1.020996,1085,11,11,25,0
-4181,-1.020752,1085,11,13,27,0
-4180,-1.020508,1085,11,13,27,0
-4179,-1.020264,1085,11,13,27,0
-4178,-1.020020,1086,16,12,31,0
-4177,-1.019775,1086,13,12,28,0
-4176,-1.019531,1086,13,12,28,0
-4175,-1.019287,1086,13,13,29,0
-4174,-1.019043,1086,15,13,31,0
-4173,-1.018799,1087,12,11,26,0
-4172,-1.018555,1087,12,11,26,0
-4171,-1.018311,1087,12,11,26,0
-4170,-1.018066,1087,12,13,28,0
-4169,-1.017822,1087,12,13,28,0
-4168,-1.017578,1088,16,12,31,0
-4167,-1.017334,1088,14,12,29,0
-4166,-1.017090,1088,11,13,27,0
-4165,-1.016846,1088,11,13,27,0
-4164,-1.016602,1088,11,13,27,0
-4163,-1.016357,1088,11,13,27,0
-4162,-1.016113,1089,16,11,30,0
-4161,-1.015869,1089,13,11,27,0
-4160,-1.015625,1089,13,11,27,0
-4159,-1.015381,1089,13,13,29,0
-4158,-1.015137,1089,15,13,31,0
-4157,-1.014893,1090,12,12,31,0
-4156,-1.014648,1090,12,12,31,0
-4155,-1.014404,1090,12,12,31,0
-4154,-1.014160,1090,12,13,28,0
-4153,-1.013916,1090,12,13,28,0
-4152,-1.013672,1090,15,13,31,0
-4151,-1.013428,1091,14,11,28,0
-4150,-1.013184,1091,13,11,27,0
-4149,-1.012939,1091,13,13,29,0
-4148,-1.012695,1091,13,13,29,0
-4147,-1.012451,1092,18,12,33,0
-4146,-1.012207,1092,12,12,27,0
-4145,-1.011963,1092,12,12,27,0
-4144,-1.011719,1092,12,13,28,0
-4143,-1.011475,1092,12,13,28,0
-4142,-1.011230,1093,12,11,26,0
-4141,-1.010986,1093,12,11,26,0
-4140,-1.010742,1093,12,13,28,0
-4139,-1.010498,1093,12,13,28,0
-4138,-1.010254,1093,15,13,31,0
-4137,-1.010010,1094,13,12,28,0
-4136,-1.009766,1094,13,12,28,0
-4135,-1.009521,1094,13,12,28,0
-4134,-1.009277,1094,13,13,29,0
-4133,-1.009033,1094,13,13,29,0
-4132,-1.008789,1095,16,11,30,0
-4131,-1.008545,1095,14,11,28,0
-4130,-1.008301,1095,12,11,26,0
-4129,-1.008057,1095,12,13,28,0
-4128,-1.007812,1095,12,13,28,0
-4127,-1.007568,1095,17,13,33,0
-4126,-1.007324,1096,12,12,31,0
-4125,-1.007080,1096,12,12,31,0
-4124,-1.006836,1096,12,13,28,0
-4123,-1.006592,1096,12,13,28,0
-4122,-1.006348,1096,15,13,31,0
-4121,-1.006104,1097,13,11,27,0
-4120,-1.005859,1097,13,11,27,0
-4119,-1.005615,1097,13,13,29,0
-4118,-1.005371,1097,14,13,30,0
-4117,-1.005127,1097,16,13,32,0
-4116,-1.004883,1098,12,12,27,0
-4115,-1.004639,1098,12,12,27,0
-4114,-1.004395,1098,12,12,27,0
-4113,-1.004150,1098,12,13,28,0
-4112,-1.003906,1098,12,13,28,0
-4111,-1.003662,1099,15,11,29,0
-4110,-1.003418,1099,13,11,27,0
-4109,-1.003174,1099,13,13,29,0
-4108,-1.002930,1099,13,13,29,0
-4107,-1.002686,1100,15,12,30,0
-4106,-1.002441,1100,11,12,30,0
-4105,-1.002197,1100,11,12,30,0
-4104,-1.001953,1100,11,12,30,0
-4103,-1.001709,1100,11,13,27,0
-4102,-1.001465,1100,15,13,31,0
-4101,-1.001221,1101,12,11,26,0
-4100,-1.000977,1101,12,11,26,0
-4099,-1.000732,1101,12,11,26,0
-4098,-1.000488,1101,12,13,28,0
-4097,-1.000244,1101,12,13,28,0
-4096,-1.000000,1102,16,12,31,0
-4095,-0.999756,1102,14,12,29,0
-4094,-0.999512,1102,13,13,29,0
-4093,-0.999268,1102,13,13,29,0
-4092,-0.999023,1102,13,13,29,0
-4091,-0.998779,1103,15,11,29,0
-4090,-0.998535,1103,11,11,25,0
-4089,-0.998291,1103,11,11,25,0
-4088,-0.998047,1103,11,13,27,0
-4087,-0.997803,1103,11,13,27,0
-4086,-0.997559,1104,16,12,31,0
-4085,-0.997314,1104,12,12,31,0
-4084,-0.997070,1104,12,12,31,0
-4083,-0.996826,1104,12,13,28,0
-4082,-0.996582,1104,12,13,28,0
-4081,-0.996338,1104,12,13,28,0
-4080,-0.996094,1104,15,13,31,0
-4079,-0.995850,1105,14,11,28,0
-4078,-0.995605,1105,14,13,30,0
-4077,-0.995361,1105,16,13,32,0
-4076,-0.995117,1106,12,12,27,0
-4075,-0.994873,1106,12,12,27,0
-4074,-0.994629,1106,12,12,27,0
-4073,-0.994385,1106,12,13,28,0
-4072,-0.994141,1106,12,13,28,0
-4071,-0.993896,1107,15,11,29,0
-4070,-0.993652,1107,11,11,25,0
-4069,-0.993408,1107,11,13,27,0
-4068,-0.993164,1107,11,13,27,0
-4067,-0.992920,1107,11,13,27,0
-4066,-0.992676,1108,16,12,31,0
-4065,-0.992432,1108,13,12,28,0
-4064,-0.992188,1108,13,12,28,0
-4063,-0.991943,1108,13,13,29,0
-4062,-0.991699,1108,14,13,30,0
-4061,-0.991455,1109,15,11,29,0
-4060,-0.991211,1109,12,11,26,0
-4059,-0.990967,1109,12,11,26,0
-4058,-0.990723,1109,12,13,28,0
-4057,-0.990479,1109,12,13,28,0
-4056,-0.990234,1109,15,13,31,0
-4055,-0.989990,1110,14,12,29,0
-4054,-0.989746,1110,13,12,32,0
-4053,-0.989502,1110,13,13,29,0
-4052,-0.989258,1110,13,13,29,0
-4051,-0.989014,1110,16,13,32,0
-4050,-0.988770,1111,12,11,26,0
-4049,-0.988525,1111,12,11,26,0
-4048,-0.988281,1111,12,11,26,0
-4047,-0.988037,1111,12,13,28,0
-4046,-0.987793,1112,12,12,31,0
-4045,-0.987549,1112,12,12,31,0
-4044,-0.987305,1112,12,12,31,0
-4043,-0.987061,1112,12,13,28,0
-4042,-0.986816,1112,14,13,30,0
-4041,-0.986572,1112,16,13,32,0
-4040,-0.986328,1113,13,11,27,0
-4039,-0.986084,1113,13,11,27,0
-4038,-0.985840,1113,13,13,29,0
-4037,-0.985596,1113,13,13,29,0
-4036,-0.985352,1113,15,13,31,0
-4035,-0.985107,1114,14,12,29,0
-4034,-0.984863,1114,12,12,27,0
-4033,-0.984619,1114,12,13,28,0
-4032,-0.984375,1114,12,13,28,0
-4031,-0.984131,1114,12,13,28,0
-4030,-0.983887,1115,12,11,26,0
-4029,-0.983643,1115,12,11,26,0
-4028,-0.983398,1115,12,13,28,0
-4027,-0.983154,1115,12,13,28,0
-4026,-0.982910,1115,15,13,31,0
-4025,-0.982666,1116,13,12,28,0
-4024,-0.982422,1116,13,12,28,0
-4023,-0.982178,1116,13,12,28,0
-4022,-0.981934,1116,13,13,29,0
-4021,-0.981689,1116,13,13,29,0
-4020,-0.981445,1116,17,13,33,0
-4019,-0.981201,1117,14,11,28,0
-4018,-0.980957,1117,12,11,26,0
-4017,-0.980713,1117,12,13,28,0
-4016,-0.980469,1117,12,13,28,0
-4015,-0.980225,1118,15,12,30,0
-4014,-0.979980,1118,13,12,32,0
-4013,-0.979736,1118,13,13,29,0
-4012,-0.979492,1118,13,13,29,0
-4011,-0.979248,1118,16,13,32,0
-4010,-0.979004,1119,11,11,25,0
-4009,-0.978760,1119,11,11,25,0
-4008,-0.978516,1119,11,13,27,0
-4007,-0.978271,1119,11,13,27,0
-4006,-0.978027,1119,15,13,31,0
-4005,-0.977783,1120,12,12,31,0
-4004,-0.977539,1120,12,12,31,0
-4003,-0.977295,1120,12,12,31,0
-4002,-0.977051,1120,12,13,28,0
-4001,-0.976807,1120,12,13,28,0
-4000,-0.976562,1120,12,13,28,0
-3999,-0.976318,1121,15,11,29,0
-3998,-0.976074,1121,13,11,27,0
-3997,-0.975830,1121,13,13,29,0
-3996,-0.975586,1121,13,13,29,0
-3995,-0.975342,1122,15,12,30,0
-3994,-0.975098,1122,11,12,30,0
-3993,-0.974854,1122,11,12,30,0
-3992,-0.974609,1122,11,13,27,0
-3991,-0.974365,1122,11,13,27,0
-3990,-0.974121,1122,15,13,31,0
-3989,-0.973877,1123,12,11,26,0
-3988,-0.973633,1123,12,11,26,0
-3987,-0.973389,1123,12,13,28,0
-3986,-0.973145,1123,14,13,30,0
-3985,-0.972900,1123,16,13,32,0
-3984,-0.972656,1124,13,12,28,0
-3983,-0.972412,1124,13,12,28,0
-3982,-0.972168,1124,13,13,29,0
-3981,-0.971924,1124,13,13,29,0
-3980,-0.971680,1124,15,13,31,0
-3979,-0.971436,1125,14,11,28,0
-3978,-0.971191,1125,12,11,26,0
-3977,-0.970947,1125,12,13,28,0
-3976,-0.970703,1125,12,13,28,0
-3975,-0.970459,1125,16,13,32,0
-3974,-0.970215,1126,11,12,26,0
-3973,-0.969971,1126,11,12,26,0
-3972,-0.969727,1126,11,13,27,0
-3971,-0.969482,1126,11,13,27,0
-3970,-0.969238,1126,15,13,31,0
-3969,-0.968994,1127,13,11,27,0
-3968,-0.968750,1127,13,11,27,0
-3967,-0.968506,1127,13,11,27,0
-3966,-0.968262,1127,14,13,30,0
-3965,-0.968018,1128,15,12,30,0
-3964,-0.967773,1128,12,12,27,0
-3963,-0.967529,1128,12,12,27,0
-3962,-0.967285,1128,12,13,28,0
-3961,-0.967041,1128,12,13,28,0
-3960,-0.966797,1128,12,13,28,0
-3959,-0.966553,1129,15,11,29,0
-3958,-0.966309,1129,13,11,27,0
-3957,-0.966064,1129,13,13,29,0
-3956,-0.965820,1129,13,13,29,0
-3955,-0.965576,1129,13,13,29,0
-3954,-0.965332,1130,12,12,27,0
-3953,-0.965088,1130,12,12,27,0
-3952,-0.964844,1130,12,12,27,0
-3951,-0.964600,1130,12,13,28,0
-3950,-0.964355,1130,12,13,28,0
-3949,-0.964111,1131,13,13,29,0
-3948,-0.963867,1131,13,13,29,0
-3947,-0.963623,1131,15,13,31,0
-3946,-0.963379,1132,14,12,29,0
-3945,-0.963135,1132,11,12,30,0
-3944,-0.962891,1132,11,12,30,0
-3943,-0.962646,1132,11,13,27,0
-3942,-0.962402,1132,11,13,27,0
-3941,-0.962158,1133,16,11,30,0
-3940,-0.961914,1133,12,11,26,0
-3939,-0.961670,1133,12,11,26,0
-3938,-0.961426,1133,12,13,28,0
-3937,-0.961182,1133,14,13,30,0
-3936,-0.960938,1134,15,12,30,0
-3935,-0.960693,1134,13,12,28,0
-3934,-0.960449,1134,13,12,28,0
-3933,-0.960205,1134,14,13,30,0
-3932,-0.959961,1134,16,13,32,0
-3931,-0.959717,1135,12,11,26,0
-3930,-0.959473,1135,12,11,26,0
-3929,-0.959229,1135,12,13,28,0
-3928,-0.958984,1135,12,13,28,0
-3927,-0.958740,1135,12,13,28,0
-3926,-0.958496,1136,15,12,30,0
-3925,-0.958252,1136,11,12,26,0
-3924,-0.958008,1136,11,12,26,0
-3923,-0.957764,1136,11,13,27,0
-3922,-0.957520,1136,11,13,27,0
-3921,-0.957275,1136,15,13,31,0
-3920,-0.957031,1137,13,11,27,0
-3919,-0.956787,1137,13,11,27,0
-3918,-0.956543,1137,13,13,29,0
-3917,-0.956299,1137,15,13,31,0
-3916,-0.956055,1138,12,12,31,0
-3915,-0.955811,1138,12,12,31,0
-3914,-0.955566,1138,12,13,28,0
-3913,-0.955322,1138,12,13,28,0
-3912,-0.955078,1138,12,13,28,0
-3911,-0.954834,1139,18,11,32,0
-3910,-0.954590,1139,14,11,28,0
-3909,-0.954346,1139,13,13,29,0
-3908,-0.954102,1139,13,13,29,0
-3907,-0.953857,1139,13,13,29,0
-3906,-0.953613,1140,15,12,30,0
-3905,-0.953369,1140,12,12,27,0
-3904,-0.953125,1140,12,12,27,0
-3903,-0.952881,1140,12,13,28,0
-3902,-0.952637,1140,12,13,28,0
-3901,-0.952393,1141,16,11,30,0
-3900,-0.952148,1141,12,11,26,0
-3899,-0.951904,1141,12,11,26,0
-3898,-0.951660,1141,12,13,28,0
-3897,-0.951416,1141,14,13,30,0
-3896,-0.951172,1142,15,12,30,0
-3895,-0.950928,1142,13,12,28,0
-3894,-0.950684,1142,13,12,28,0
-3893,-0.950439,1142,13,13,29,0
-3892,-0.950195,1142,13,13,29,0
-3891,-0.949951,1143,16,11,30,0
-3890,-0.949707,1143,14,11,28,0
-3889,-0.949463,1143,12,11,26,0
-3888,-0.949219,1143,12,13,28,0
-3887,-0.948975,1143,12,13,28,0
-3886,-0.948730,1144,18,12,33,0
-3885,-0.948486,1144,12,12,31,0
-3884,-0.948242,1144,12,13,28,0
-3883,-0.947998,1144,12,13,28,0
-3882,-0.947754,1144,12,13,28,0
-3881,-0.947510,1145,16,11,30,0
-3880,-0.947266,1145,13,11,27,0
-3879,-0.947021,1145,13,11,27,0
-3878,-0.946777,1145,13,13,29,0
-3877,-0.946533,1145,15,13,31,0
-3876,-0.946289,1146,12,12,31,0
-3875,-0.946045,1146,12,12,31,0
-3874,-0.945801,1146,12,12,31,0
-3873,-0.945557,1146,12,13,28,0
-3872,-0.945312,1146,12,13,28,0
-3871,-0.945068,1147,18,11,32,0
-3870,-0.944824,1147,14,11,28,0
-3869,-0.944580,1147,13,13,29,0
-3868,-0.944336,1147,13,13,29,0
-3867,-0.944092,1147,15,13,31,0
-3866,-0.943848,1148,14,12,29,0
-3865,-0.943604,1148,11,12,30,0
-3864,-0.943359,1148,11,12,30,0
-3863,-0.943115,1148,11,13,27,0
-3862,-0.942871,1148,11,13,27,0
-3861,-0.942627,1149,12,11,26,0
-3860,-0.942383,1149,12,11,26,0
-3859,-0.942139,1149,12,13,28,0
-3858,-0.941895,1149,12,13,28,0
-3857,-0.941650,1149,17,13,33,0
-3856,-0.941406,1150,13,12,28,0
-3855,-0.941162,1150,13,12,28,0
-3854,-0.940918,1150,13,13,29,0
-3853,-0.940674,1150,14,13,30,0
-3852,-0.940430,1151,15,11,29,0
-3851,-0.940186,1151,12,11,26,0
-3850,-0.939941,1151,12,11,26,0
-3849,-0.939697,1151,12,13,28,0
-3848,-0.939453,1151,12,13,28,0
-3847,-0.939209,1151,15,13,31,0
-3846,-0.938965,1152,14,12,29,0
-3845,-0.938721,1152,11,12,26,0
-3844,-0.938477,1152,11,13,27,0
-3843,-0.938232,1152,11,13,27,0
-3842,-0.937988,1152,11,13,27,0
-3841,-0.937744,1152,14,13,30,0
-3840,-0.937500,1153,15,11,29,0
-3839,-0.937256,1153,13,11,27,0
-3838,-0.937012,1153,13,11,27,0
-3837,-0.936768,1153,14,13,30,0
-3836,-0.936523,1154,17,12,32,0
-3835,-0.936279,1154,12,12,27,0
-3834,-0.936035,1154,12,12,27,0
-3833,-0.935791,1154,12,13,28,0
-3832,-0.935547,1154,12,13,28,0
-3831,-0.935303,1154,15,13,31,0
-3830,-0.935059,1155,14,11,28,0
-3829,-0.934814,1155,13,11,27,0
-3828,-0.934570,1155,13,13,29,0
-3827,-0.934326,1155,13,13,29,0
-3826,-0.934082,1155,16,13,32,0
-3825,-0.933838,1156,12,12,27,0
-3824,-0.933594,1156,12,12,27,0
-3823,-0.933350,1156,12,13,28,0
-3822,-0.933105,1156,12,13,28,0
-3821,-0.932861,1157,12,11,26,0
-3820,-0.932617,1157,12,11,26,0
-3819,-0.932373,1157,12,13,28,0
-3818,-0.932129,1157,12,13,28,0
-3817,-0.931885,1157,17,13,33,0
-3816,-0.931641,1158,13,12,28,0
-3815,-0.931396,1158,13,12,28,0
-3814,-0.931152,1158,13,13,29,0
-3813,-0.930908,1158,14,13,30,0
-3812,-0.930664,1159,15,11,29,0
-3811,-0.930420,1159,12,11,26,0
-3810,-0.930176,1159,12,11,26,0
-3809,-0.929932,1159,12,13,28,0
-3808,-0.929688,1159,12,13,28,0
-3807,-0.929443,1160,18,12,33,0
-3806,-0.929199,1160,14,12,29,0
-3805,-0.928955,1160,13,12,32,0
-3804,-0.928711,1160,13,13,29,0
-3803,-0.928467,1160,13,13,29,0
-3802,-0.928223,1160,16,13,32,0
-3801,-0.927979,1161,11,11,25,0
-3800,-0.927734,1161,11,11,25,0
-3799,-0.927490,1161,11,13,27,0
-3798,-0.927246,1161,11,13,27,0
-3797,-0.927002,1162,16,12,31,0
-3796,-0.926758,1162,12,12,31,0
-3795,-0.926514,1162,12,12,31,0
-3794,-0.926270,1162,12,13,28,0
-3793,-0.926025,1162,14,13,30,0
-3792,-0.925781,1162,16,13,32,0
-3791,-0.925537,1163,13,11,27,0
-3790,-0.925293,1163,13,11,27,0
-3789,-0.925049,1163,14,13,30,0
-3788,-0.924805,1163,16,13,32,0
-3787,-0.924561,1164,12,12,27,0
-3786,-0.924316,1164,12,12,27,0
-3785,-0.924072,1164,12,12,27,0
-3784,-0.923828,1164,12,13,28,0
-3783,-0.923584,1164,12,13,28,0
-3782,-0.923340,1165,15,11,29,0
-3781,-0.923096,1165,11,11,25,0
-3780,-0.922852,1165,11,11,25,0
-3779,-0.922607,1165,11,13,27,0
-3778,-0.922363,1165,11,13,27,0
-3777,-0.922119,1166,16,12,31,0
-3776,-0.921875,1166,13,12,28,0
-3775,-0.921631,1166,13,12,28,0
-3774,-0.921387,1166,13,13,29,0
-3773,-0.921143,1166,14,13,30,0
-3772,-0.920898,1167,15,11,29,0
-3771,-0.920654,1167,12,11,26,0
-3770,-0.920410,1167,12,11,26,0
-3769,-0.920166,1167,14,13,30,0
-3768,-0.919922,1167,16,13,32,0
-3767,-0.919678,1168,13,12,28,0
-3766,-0.919434,1168,13,12,28,0
-3765,-0.919189,1168,13,12,32,0
-3764,-0.918945,1168,13,13,29,0
-3763,-0.918701,1168,13,13,29,0
-3762,-0.918457,1169,15,11,29,0
-3761,-0.918213,1169,12,11,26,0
-3760,-0.917969,1169,12,11,26,0
-3759,-0.917725,1169,12,13,28,0
-3758,-0.917480,1169,12,13,28,0
-3757,-0.917236,1170,12,12,31,0
-3756,-0.916992,1170,12,12,31,0
-3755,-0.916748,1170,12,13,28,0
-3754,-0.916504,1170,12,13,28,0
-3753,-0.916260,1170,15,13,31,0
-3752,-0.916016,1171,13,11,27,0
-3751,-0.915771,1171,13,11,27,0
-3750,-0.915527,1171,13,13,29,0
-3749,-0.915283,1171,14,13,30,0
-3748,-0.915039,1172,15,12,30,0
-3747,-0.914795,1172,12,12,27,0
-3746,-0.914551,1172,12,12,27,0
-3745,-0.914307,1172,12,13,28,0
-3744,-0.914062,1172,12,13,28,0
-3743,-0.913818,1172,15,13,31,0
-3742,-0.913574,1173,14,11,28,0
-3741,-0.913330,1173,13,11,27,0
-3740,-0.913086,1173,13,13,29,0
-3739,-0.912842,1173,13,13,29,0
-3738,-0.912598,1173,16,13,32,0
-3737,-0.912354,1174,11,12,30,0
-3736,-0.912109,1174,11,12,30,0
-3735,-0.911865,1174,11,12,30,0
-3734,-0.911621,1174,11,13,27,0
-3733,-0.911377,1174,15,13,31,0
-3732,-0.911133,1175,12,11,26,0
-3731,-0.910889,1175,12,11,26,0
-3730,-0.910645,1175,12,13,28,0
-3729,-0.910400,1175,14,13,30,0
-3728,-0.910156,1176,15,12,30,0
-3727,-0.909912,1176,13,12,28,0
-3726,-0.909668,1176,13,12,28,0
-3725,-0.909424,1176,13,13,29,0
-3724,-0.909180,1176,13,13,29,0
-3723,-0.908936,1177,16,11,30,0
-3722,-0.908691,1177,14,11,28,0
-3721,-0.908447,1177,12,11,26,0
-3720,-0.908203,1177,12,13,28,0
-3719,-0.907959,1177,12,13,28,0
-3718,-0.907715,1178,15,12,30,0
-3717,-0.907471,1178,11,12,26,0
-3716,-0.907227,1178,11,13,27,0
-3715,-0.906982,1178,11,13,27,0
-3714,-0.906738,1178,11,13,27,0
-3713,-0.906494,1179,16,11,30,0
-3712,-0.906250,1179,13,11,27,0
-3711,-0.906006,1179,13,11,27,0
-3710,-0.905762,1179,13,13,29,0
-3709,-0.905518,1179,15,13,31,0
-3708,-0.905273,1180,12,12,31,0
-3707,-0.905029,1180,12,12,31,0
-3706,-0.904785,1180,12,13,28,0
-3705,-0.904541,1180,14,13,30,0
-3704,-0.904297,1180,16,13,32,0
-3703,-0.904053,1181,13,11,27,0
-3702,-0.903809,1181,13,11,27,0
-3701,-0.903564,1181,13,13,29,0
-3700,-0.903320,1181,13,13,29,0
-3699,-0.903076,1181,15,13,31,0
-3698,-0.902832,1182,14,12,29,0
-3697,-0.902588,1182,12,12,27,0
-3696,-0.902344,1182,12,13,28,0
-3695,-0.902100,1182,12,13,28,0
-3694,-0.901855,1182,16,13,32,0
-3693,-0.901611,1183,13,11,27,0
-3692,-0.901367,1183,13,13,29,0
-3691,-0.901123,1183,13,13,29,0
-3690,-0.900879,1183,17,13,33,0
-3689,-0.900635,1184,11,12,30,0
-3688,-0.900391,1184,11,12,30,0
-3687,-0.900146,1184,11,12,30,0
-3686,-0.899902,1184,11,13,27,0
-3685,-0.899658,1184,15,13,31,0
-3684,-0.899414,1185,12,11,26,0
-3683,-0.899170,1185,12,11,26,0
-3682,-0.898926,1185,12,11,26,0
-3681,-0.898682,1185,12,13,28,0
-3680,-0.898438,1185,12,13,28,0
-3679,-0.898193,1186,16,12,31,0
-3678,-0.897949,1186,14,12,29,0
-3677,-0.897705,1186,13,13,29,0
-3676,-0.897461,1186,13,13,29,0
-3675,-0.897217,1186,15,13,31,0
-3674,-0.896973,1187,14,11,28,0
-3673,-0.896729,1187,12,11,26,0
-3672,-0.896484,1187,12,11,26,0
-3671,-0.896240,1187,12,13,28,0
-3670,-0.895996,1187,12,13,28,0
-3669,-0.895752,1188,11,12,26,0
-3668,-0.895508,1188,11,12,26,0
-3667,-0.895264,1188,11,13,27,0
-3666,-0.895020,1188,11,13,27,0
-3665,-0.894775,1188,15,13,31,0
-3664,-0.894531,1189,13,11,27,0
-3663,-0.894287,1189,13,11,27,0
-3662,-0.894043,1189,13,13,29,0
-3661,-0.893799,1189,14,13,30,0
-3660,-0.893555,1190,15,12,30,0
-3659,-0.893311,1190,12,12,31,0
-3658,-0.893066,1190,12,12,31,0
-3657,-0.892822,1190,12,13,28,0
-3656,-0.892578,1190,12,13,28,0
-3655,-0.892334,1190,15,13,31,0
-3654,-0.892090,1191,14,11,28,0
-3653,-0.891846,1191,13,11,27,0
-3652,-0.891602,1191,13,13,29,0
-3651,-0.891357,1191,13,13,29,0
-3650,-0.891113,1192,15,12,30,0
-3649,-0.890869,1192,12,12,27,0
-3648,-0.890625,1192,12,12,27,0
-3647,-0.890381,1192,12,13,28,0
-3646,-0.890137,1192,12,13,28,0
-3645,-0.889893,1193,12,11,26,0
-3644,-0.889648,1193,12,11,26,0
-3643,-0.889404,1193,12,13,28,0
-3642,-0.889160,1193,12,13,28,0
-3641,-0.888916,1193,15,13,31,0
-3640,-0.888672,1194,13,12,28,0
-3639,-0.888428,1194,13,12,28,0
-3638,-0.888184,1194,13,13,29,0
-3637,-0.887939,1194,14,13,30,0
-3636,-0.887695,1194,16,13,32,0
-3635,-0.887451,1195,12,11,26,0
-3634,-0.887207,1195,12,11,26,0
-3633,-0.886963,1195,12,13,28,0
-3632,-0.886719,1195,12,13,28,0
-3631,-0.886475,1195,15,13,31,0
-3630,-0.886230,1196,14,12,29,0
-3629,-0.885986,1196,13,12,32,0
-3628,-0.885742,1196,13,13,29,0
-3627,-0.885498,1196,13,13,29,0
-3626,-0.885254,1197,15,11,29,0
-3625,-0.885010,1197,12,11,26,0
-3624,-0.884766,1197,12,13,28,0
-3623,-0.884521,1197,12,13,28,0
-3622,-0.884277,1197,12,13,28,0
-3621,-0.884033,1198,11,12,26,0
-3620,-0.883789,1198,11,12,26,0
-3619,-0.883545,1198,11,13,27,0
-3618,-0.883301,1198,11,13,27,0
-3617,-0.883057,1198,15,13,31,0
-3616,-0.882812,1199,13,11,27,0
-3615,-0.882568,1199,13,11,27,0
-3614,-0.882324,1199,13,11,27,0
-3613,-0.882080,1199,14,13,30,0
-3612,-0.881836,1200,15,12,30,0
-3611,-0.881592,1200,12,12,27,0
-3610,-0.881348,1200,12,12,27,0
-3609,-0.881104,1200,12,13,28,0
-3608,-0.880859,1200,12,13,28,0
-3607,-0.880615,1200,15,13,31,0
-3606,-0.880371,1201,14,11,28,0
-3605,-0.880127,1201,13,11,27,0
-3604,-0.879883,1201,13,13,29,0
-3603,-0.879639,1201,13,13,29,0
-3602,-0.879395,1202,15,12,30,0
-3601,-0.879150,1202,12,12,27,0
-3600,-0.878906,1202,12,12,27,0
-3599,-0.878662,1202,12,13,28,0
-3598,-0.878418,1202,12,13,28,0
-3597,-0.878174,1203,16,11,30,0
-3596,-0.877930,1203,12,11,26,0
-3595,-0.877686,1203,12,11,26,0
-3594,-0.877441,1203,12,13,28,0
-3593,-0.877197,1203,14,13,30,0
-3592,-0.876953,1204,15,12,30,0
-3591,-0.876709,1204,13,12,28,0
-3590,-0.876465,1204,13,12,28,0
-3589,-0.876221,1204,13,13,29,0
-3588,-0.875977,1204,13,13,29,0
-3587,-0.875732,1205,16,11,30,0
-3586,-0.875488,1205,14,11,28,0
-3585,-0.875244,1205,12,11,26,0
-3584,-0.875000,1205,12,13,28,0
-3583,-0.874756,1205,15,13,31,0
-3582,-0.874512,1206,14,12,29,0
-3581,-0.874268,1206,13,12,32,0
-3580,-0.874023,1206,13,13,29,0
-3579,-0.873779,1206,13,13,29,0
-3578,-0.873535,1206,16,13,32,0
-3577,-0.873291,1207,11,11,25,0
-3576,-0.873047,1207,11,11,25,0
-3575,-0.872803,1207,11,13,27,0
-3574,-0.872559,1207,11,13,27,0
-3573,-0.872314,1208,18,12,33,0
-3572,-0.872070,1208,12,12,31,0
-3571,-0.871826,1208,12,12,31,0
-3570,-0.871582,1208,12,13,28,0
-3569,-0.871338,1208,14,13,30,0
-3568,-0.871094,1209,18,11,32,0
-3567,-0.870850,1209,13,11,27,0
-3566,-0.870605,1209,13,11,27,0
-3565,-0.870361,1209,14,13,30,0
-3564,-0.870117,1209,16,13,32,0
-3563,-0.869873,1210,12,12,27,0
-3562,-0.869629,1210,12,12,27,0
-3561,-0.869385,1210,12,12,27,0
-3560,-0.869141,1210,12,13,28,0
-3559,-0.868896,1210,15,13,31,0
-3558,-0.868652,1211,14,11,28,0
-3557,-0.868408,1211,13,11,27,0
-3556,-0.868164,1211,13,13,29,0
-3555,-0.867920,1211,13,13,29,0
-3554,-0.867676,1212,15,12,30,0
-3553,-0.867432,1212,12,12,27,0
-3552,-0.867188,1212,12,12,27,0
-3551,-0.866943,1212,12,13,28,0
-3550,-0.866699,1212,12,13,28,0
-3549,-0.866455,1212,15,13,31,0
-3548,-0.866211,1213,12,11,26,0
-3547,-0.865967,1213,12,11,26,0
-3546,-0.865723,1213,12,13,28,0
-3545,-0.865479,1213,14,13,30,0
-3544,-0.865234,1214,15,12,30,0
-3543,-0.864990,1214,13,12,28,0
-3542,-0.864746,1214,13,12,28,0
-3541,-0.864502,1214,13,13,29,0
-3540,-0.864258,1214,13,13,29,0
-3539,-0.864014,1215,16,11,30,0
-3538,-0.863770,1215,14,11,28,0
-3537,-0.863525,1215,12,11,26,0
-3536,-0.863281,1215,12,13,28,0
-3535,-0.863037,1215,12,13,28,0
-3534,-0.862793,1216,15,12,30,0
-3533,-0.862549,1216,12,12,31,0
-3532,-0.862305,1216,12,13,28,0
-3531,-0.862061,1216,12,13,28,0
-3530,-0.861816,1217,17,11,31,0
-3529,-0.861572,1217,16,11,30,0
-3528,-0.861328,1217,13,11,27,0
-3527,-0.861084,1217,13,11,27,0
-3526,-0.860840,1217,13,13,29,0
-3525,-0.860596,1217,14,13,30,0
-3524,-0.860352,1218,15,12,30,0
-3523,-0.860107,1218,12,12,31,0
-3522,-0.859863,1218,12,13,28,0
-3521,-0.859619,1218,14,13,30,0
-3520,-0.859375,1218,16,13,32,0
-3519,-0.859131,1219,13,11,27,0
-3518,-0.858887,1219,13,11,27,0
-3517,-0.858643,1219,13,13,29,0
-3516,-0.858398,1219,13,13,29,0
-3515,-0.858154,1220,16,12,31,0
-3514,-0.857910,1220,14,12,29,0
-3513,-0.857666,1220,12,12,27,0
-3512,-0.857422,1220,12,13,28,0
-3511,-0.857178,1220,12,13,28,0
-3510,-0.856934,1220,17,13,33,0
-3509,-0.856689,1221,11,11,25,0
-3508,-0.856445,1221,11,11,25,0
-3507,-0.856201,1221,11,13,27,0
-3506,-0.855957,1221,11,13,27,0
-3505,-0.855713,1222,16,12,31,0
-3504,-0.855469,1222,13,12,28,0
-3503,-0.855225,1222,13,12,28,0
-3502,-0.854980,1222,13,13,29,0
-3501,-0.854736,1223,16,11,30,0
-3500,-0.854492,1223,12,11,26,0
-3499,-0.854248,1223,12,11,26,0
-3498,-0.854004,1223,12,13,28,0
-3497,-0.853760,1223,15,13,31,0
-3496,-0.853516,1224,13,12,28,0
-3495,-0.853271,1224,13,12,28,0
-3494,-0.853027,1224,13,13,29,0
-3493,-0.852783,1224,13,13,29,0
-3492,-0.852539,1224,13,13,29,0
-3491,-0.852295,1224,15,13,31,0
-3490,-0.852051,1225,14,11,28,0
-3489,-0.851807,1225,12,11,26,0
-3488,-0.851562,1225,12,13,28,0
-3487,-0.851318,1225,12,13,28,0
-3486,-0.851074,1226,15,12,30,0
-3485,-0.850830,1226,13,12,32,0
-3484,-0.850586,1226,13,13,29,0
-3483,-0.850342,1226,13,13,29,0
-3482,-0.850098,1226,17,13,33,0
-3481,-0.849854,1227,11,11,25,0
-3480,-0.849609,1227,11,11,25,0
-3479,-0.849365,1227,11,13,27,0
-3478,-0.849121,1227,11,13,27,0
-3477,-0.848877,1227,15,13,31,0
-3476,-0.848633,1228,12,12,31,0
-3475,-0.848389,1228,12,12,31,0
-3474,-0.848145,1228,12,13,28,0
-3473,-0.847900,1228,14,13,30,0
-3472,-0.847656,1228,16,13,32,0
-3471,-0.847412,1229,13,11,27,0
-3470,-0.847168,1229,13,11,27,0
-3469,-0.846924,1229,14,13,30,0
-3468,-0.846680,1229,16,13,32,0
-3467,-0.846436,1230,12,12,27,0
-3466,-0.846191,1230,12,12,27,0
-3465,-0.845947,1230,12,13,28,0
-3464,-0.845703,1230,12,13,28,0
-3463,-0.845459,1230,17,13,33,0
-3462,-0.845215,1231,14,11,28,0
-3461,-0.844971,1231,13,11,27,0
-3460,-0.844727,1231,13,13,29,0
-3459,-0.844482,1231,13,13,29,0
-3458,-0.844238,1232,15,12,30,0
-3457,-0.843994,1232,12,12,27,0
-3456,-0.843750,1232,12,12,27,0
-3455,-0.843506,1232,12,13,28,0
-3454,-0.843262,1232,12,13,28,0
-3453,-0.843018,1232,15,13,31,0
-3452,-0.842773,1233,12,11,26,0
-3451,-0.842529,1233,12,11,26,0
-3450,-0.842285,1233,12,13,28,0
-3449,-0.842041,1233,14,13,30,0
-3448,-0.841797,1234,18,12,33,0
-3447,-0.841553,1234,13,12,28,0
-3446,-0.841309,1234,13,12,28,0
-3445,-0.841064,1234,13,13,29,0
-3444,-0.840820,1234,13,13,29,0
-3443,-0.840576,1234,17,13,33,0
-3442,-0.840332,1235,14,11,28,0
-3441,-0.840088,1235,12,11,26,0
-3440,-0.839844,1235,12,13,28,0
-3439,-0.839600,1235,12,13,28,0
-3438,-0.839355,1236,15,12,30,0
-3437,-0.839111,1236,15,12,30,0
-3436,-0.838867,1236,13,13,29,0
-3435,-0.838623,1236,13,13,29,0
-3434,-0.838379,1236,18,13,34,0
-3433,-0.838135,1237,14,11,28,0
-3432,-0.837891,1237,12,11,26,0
-3431,-0.837646,1237,12,13,28,0
-3430,-0.837402,1237,12,13,28,0
-3429,-0.837158,1238,15,12,30,0
-3428,-0.836914,1238,11,12,26,0
-3427,-0.836670,1238,11,12,26,0
-3426,-0.836426,1238,11,13,27,0
-3425,-0.836182,1238,11,13,27,0
-3424,-0.835938,1239,16,11,30,0
-3423,-0.835693,1239,13,11,27,0
-3422,-0.835449,1239,13,11,27,0
-3421,-0.835205,1239,13,13,29,0
-3420,-0.834961,1239,18,13,34,0
-3419,-0.834717,1240,12,12,31,0
-3418,-0.834473,1240,12,12,31,0
-3417,-0.834229,1240,12,13,28,0
-3416,-0.833984,1240,14,13,30,0
-3415,-0.833740,1240,16,13,32,0
-3414,-0.833496,1241,13,11,27,0
-3413,-0.833252,1241,13,11,27,0
-3412,-0.833008,1241,13,13,29,0
-3411,-0.832764,1241,13,13,29,0
-3410,-0.832520,1241,15,13,31,0
-3409,-0.832275,1242,14,12,29,0
-3408,-0.832031,1242,12,12,27,0
-3407,-0.831787,1242,12,13,28,0
-3406,-0.831543,1242,12,13,28,0
-3405,-0.831299,1243,15,11,29,0
-3404,-0.831055,1243,13,11,27,0
-3403,-0.830811,1243,13,13,29,0
-3402,-0.830566,1243,13,13,29,0
-3401,-0.830322,1244,17,12,32,0
-3400,-0.830078,1244,11,12,30,0
-3399,-0.829834,1244,11,12,30,0
-3398,-0.829590,1244,11,13,27,0
-3397,-0.829346,1244,11,13,27,0
-3396,-0.829102,1244,15,13,31,0
-3395,-0.828857,1245,12,11,26,0
-3394,-0.828613,1245,12,11,26,0
-3393,-0.828369,1245,12,13,28,0
-3392,-0.828125,1245,14,13,30,0
-3391,-0.827881,1245,18,13,34,0
-3390,-0.827637,1246,13,12,28,0
-3389,-0.827393,1246,13,12,28,0
-3388,-0.827148,1246,14,13,30,0
-3387,-0.826904,1246,16,13,32,0
-3386,-0.826660,1247,12,11,26,0
-3385,-0.826416,1247,12,11,26,0
-3384,-0.826172,1247,12,13,28,0
-3383,-0.825928,1247,12,13,28,0
-3382,-0.825684,1247,15,13,31,0
-3381,-0.825439,1248,14,12,29,0
-3380,-0.825195,1248,11,12,26,0
-3379,-0.824951,1248,11,13,27,0
-3378,-0.824707,1248,11,13,27,0
-3377,-0.824463,1248,11,13,27,0
-3376,-0.824219,1249,16,11,30,0
-3375,-0.823975,1249,13,11,27,0
-3374,-0.823730,1249,13,11,27,0
-3373,-0.823486,1249,13,13,29,0
-3372,-0.823242,1250,12,12,31,0
-3371,-0.822998,1250,12,12,31,0
-3370,-0.822754,1250,12,13,28,0
-3369,-0.822510,1250,12,13,28,0
-3368,-0.822266,1250,15,13,31,0
-3367,-0.822021,1251,13,11,27,0
-3366,-0.821777,1251,13,11,27,0
-3365,-0.821533,1251,13,13,29,0
-3364,-0.821289,1251,14,13,30,0
-3363,-0.821045,1252,15,12,30,0
-3362,-0.820801,1252,12,12,31,0
-3361,-0.820557,1252,12,12,31,0
-3360,-0.820312,1252,12,13,28,0
-3359,-0.820068,1252,12,13,28,0
-3358,-0.819824,1252,15,13,31,0
-3357,-0.819580,1253,14,11,28,0
-3356,-0.819336,1253,13,11,27,0
-3355,-0.819092,1253,13,13,29,0
-3354,-0.818848,1253,13,13,29,0
-3353,-0.818604,1254,15,12,30,0
-3352,-0.818359,1254,12,12,27,0
-3351,-0.818115,1254,12,13,28,0
-3350,-0.817871,1254,12,13,28,0
-3349,-0.817627,1254,16,13,32,0
-3348,-0.817383,1255,11,11,25,0
-3347,-0.817139,1255,11,11,25,0
-3346,-0.816895,1255,11,13,27,0
-3345,-0.816650,1255,11,13,27,0
-3344,-0.816406,1255,15,13,31,0
-3343,-0.816162,1256,13,12,28,0
-3342,-0.815918,1256,13,12,28,0
-3341,-0.815674,1256,13,13,29,0
-3340,-0.815430,1256,14,13,30,0
-3339,-0.815186,1257,15,11,29,0
-3338,-0.814941,1257,12,11,26,0
-3337,-0.814697,1257,12,13,28,0
-3336,-0.814453,1257,14,13,30,0
-3335,-0.814209,1257,16,13,32,0
-3334,-0.813965,1258,13,12,28,0
-3333,-0.813721,1258,13,12,28,0
-3332,-0.813477,1258,13,12,32,0
-3331,-0.813232,1258,13,13,29,0
-3330,-0.812988,1258,15,13,31,0
-3329,-0.812744,1259,14,11,28,0
-3328,-0.812500,1259,12,11,26,0
-3327,-0.812256,1259,12,13,28,0
-3326,-0.812012,1259,12,13,28,0
-3325,-0.811768,1260,15,12,30,0
-3324,-0.811523,1260,12,12,31,0
-3323,-0.811279,1260,12,13,28,0
-3322,-0.811035,1260,12,13,28,0
-3321,-0.810791,1260,12,13,28,0
-3320,-0.810547,1261,16,11,30,0
-3319,-0.810303,1261,13,11,27,0
-3318,-0.810059,1261,13,11,27,0
-3317,-0.809814,1261,13,13,29,0
-3316,-0.809570,1261,14,13,30,0
-3315,-0.809326,1262,15,12,30,0
-3314,-0.809082,1262,12,12,31,0
-3313,-0.808838,1262,12,13,28,0
-3312,-0.808594,1262,12,13,28,0
-3311,-0.808350,1262,12,13,28,0
-3310,-0.808105,1263,16,11,30,0
-3309,-0.807861,1263,14,11,28,0
-3308,-0.807617,1263,14,13,30,0
-3307,-0.807373,1264,15,12,30,0
-3306,-0.807129,1264,12,12,27,0
-3305,-0.806885,1264,12,12,27,0
-3304,-0.806641,1264,12,13,28,0
-3303,-0.806396,1264,12,13,28,0
-3302,-0.806152,1264,15,13,31,0
-3301,-0.805908,1265,14,11,28,0
-3300,-0.805664,1265,13,11,27,0
-3299,-0.805420,1265,13,13,29,0
-3298,-0.805176,1265,13,13,29,0
-3297,-0.804932,1266,15,12,30,0
-3296,-0.804688,1266,12,12,27,0
-3295,-0.804443,1266,12,12,27,0
-3294,-0.804199,1266,12,13,28,0
-3293,-0.803955,1266,12,13,28,0
-3292,-0.803711,1267,12,11,26,0
-3291,-0.803467,1267,12,11,26,0
-3290,-0.803223,1267,12,13,28,0
-3289,-0.802979,1267,12,13,28,0
-3288,-0.802734,1268,16,12,31,0
-3287,-0.802490,1268,13,12,28,0
-3286,-0.802246,1268,13,12,28,0
-3285,-0.802002,1268,13,13,29,0
-3284,-0.801758,1268,14,13,30,0
-3283,-0.801514,1269,15,11,29,0
-3282,-0.801270,1269,12,11,26,0
-3281,-0.801025,1269,12,11,26,0
-3280,-0.800781,1269,12,13,28,0
-3279,-0.800537,1269,12,13,28,0
-3278,-0.800293,1270,16,12,31,0
-3277,-0.800049,1270,14,12,29,0
-3276,-0.799805,1270,13,13,29,0
-3275,-0.799561,1270,13,13,29,0
-3274,-0.799316,1270,15,13,31,0
-3273,-0.799072,1271,14,11,28,0
-3272,-0.798828,1271,12,11,26,0
-3271,-0.798584,1271,12,13,28,0
-3270,-0.798340,1271,12,13,28,0
-3269,-0.798096,1272,15,12,30,0
-3268,-0.797852,1272,11,12,26,0
-3267,-0.797607,1272,11,12,26,0
-3266,-0.797363,1272,11,13,27,0
-3265,-0.797119,1272,11,13,27,0
-3264,-0.796875,1272,17,13,33,0
-3263,-0.796631,1273,13,11,27,0
-3262,-0.796387,1273,13,11,27,0
-3261,-0.796143,1273,13,13,29,0
-3260,-0.795898,1273,15,13,31,0
-3259,-0.795654,1274,12,12,31,0
-3258,-0.795410,1274,12,12,31,0
-3257,-0.795166,1274,12,13,28,0
-3256,-0.794922,1274,14,13,30,0
-3255,-0.794678,1275,15,11,29,0
-3254,-0.794434,1275,13,11,27,0
-3253,-0.794189,1275,13,13,29,0
-3252,-0.793945,1275,14,13,30,0
-3251,-0.793701,1275,16,13,32,0
-3250,-0.793457,1276,12,12,27,0
-3249,-0.793213,1276,12,12,27,0
-3248,-0.792969,1276,12,13,28,0
-3247,-0.792725,1276,12,13,28,0
-3246,-0.792480,1276,12,13,28,0
-3245,-0.792236,1277,15,11,29,0
-3244,-0.791992,1277,13,11,27,0
-3243,-0.791748,1277,13,13,29,0
-3242,-0.791504,1277,13,13,29,0
-3241,-0.791260,1278,15,12,30,0
-3240,-0.791016,1278,11,12,30,0
-3239,-0.790771,1278,11,12,30,0
-3238,-0.790527,1278,11,13,27,0
-3237,-0.790283,1278,11,13,27,0
-3236,-0.790039,1279,16,11,30,0
-3235,-0.789795,1279,12,11,26,0
-3234,-0.789551,1279,12,13,28,0
-3233,-0.789307,1279,12,13,28,0
-3232,-0.789062,1279,15,13,31,0
-3231,-0.788818,1280,13,12,28,0
-3230,-0.788574,1280,13,12,28,0
-3229,-0.788330,1280,13,12,28,0
-3228,-0.788086,1280,13,13,29,0
-3227,-0.787842,1280,13,13,29,0
-3226,-0.787598,1281,16,11,30,0
-3225,-0.787354,1281,14,11,28,0
-3224,-0.787109,1281,12,11,26,0
-3223,-0.786865,1281,12,13,28,0
-3222,-0.786621,1281,15,13,31,0
-3221,-0.786377,1282,14,12,29,0
-3220,-0.786133,1282,13,12,32,0
-3219,-0.785889,1282,13,13,29,0
-3218,-0.785645,1282,13,13,29,0
-3217,-0.785400,1283,15,11,29,0
-3216,-0.785156,1283,12,11,26,0
-3215,-0.784912,1283,12,11,26,0
-3214,-0.784668,1283,12,13,28,0
-3213,-0.784424,1283,12,13,28,0
-3212,-0.784180,1284,12,12,31,0
-3211,-0.783936,1284,12,12,31,0
-3210,-0.783691,1284,12,12,31,0
-3209,-0.783447,1284,12,13,28,0
-3208,-0.783203,1284,15,13,31,0
-3207,-0.782959,1285,13,11,27,0
-3206,-0.782715,1285,13,11,27,0
-3205,-0.782471,1285,13,13,29,0
-3204,-0.782227,1285,14,13,30,0
-3203,-0.781982,1286,15,12,30,0
-3202,-0.781738,1286,12,12,31,0
-3201,-0.781494,1286,12,12,31,0
-3200,-0.781250,1286,12,13,28,0
-3199,-0.781006,1286,12,13,28,0
-3198,-0.780762,1287,16,11,30,0
-3197,-0.780518,1287,14,11,28,0
-3196,-0.780273,1287,13,13,29,0
-3195,-0.780029,1287,13,13,29,0
-3194,-0.779785,1287,18,13,34,0
-3193,-0.779541,1288,14,12,29,0
-3192,-0.779297,1288,12,12,27,0
-3191,-0.779053,1288,12,13,28,0
-3190,-0.778809,1288,12,13,28,0
-3189,-0.778564,1289,15,11,29,0
-3188,-0.778320,1289,11,11,25,0
-3187,-0.778076,1289,11,11,25,0
-3186,-0.777832,1289,11,13,27,0
-3185,-0.777588,1289,11,13,27,0
-3184,-0.777344,1290,16,12,31,0
-3183,-0.777100,1290,13,12,28,0
-3182,-0.776855,1290,13,12,28,0
-3181,-0.776611,1290,13,13,29,0
-3180,-0.776367,1291,12,11,26,0
-3179,-0.776123,1291,12,11,26,0
-3178,-0.775879,1291,12,13,28,0
-3177,-0.775635,1291,12,13,28,0
-3176,-0.775391,1291,15,13,31,0
-3175,-0.775146,1292,13,12,28,0
-3174,-0.774902,1292,13,12,28,0
-3173,-0.774658,1292,13,13,29,0
-3172,-0.774414,1292,14,13,30,0
-3171,-0.774170,1293,15,11,29,0
-3170,-0.773926,1293,12,11,26,0
-3169,-0.773682,1293,12,11,26,0
-3168,-0.773438,1293,12,13,28,0
-3167,-0.773193,1293,12,13,28,0
-3166,-0.772949,1294,16,12,31,0
-3165,-0.772705,1294,14,12,29,0
-3164,-0.772461,1294,13,13,29,0
-3163,-0.772217,1294,13,13,29,0
-3162,-0.771973,1294,18,13,34,0
-3161,-0.771729,1295,14,11,28,0
-3160,-0.771484,1295,12,11,26,0
-3159,-0.771240,1295,12,13,28,0
-3158,-0.770996,1295,12,13,28,0
-3157,-0.770752,1296,15,12,30,0
-3156,-0.770508,1296,11,12,26,0
-3155,-0.770264,1296,11,12,26,0
-3154,-0.770020,1296,11,13,27,0
-3153,-0.769775,1296,11,13,27,0
-3152,-0.769531,1297,17,11,31,0
-3151,-0.769287,1297,13,11,27,0
-3150,-0.769043,1297,13,11,27,0
-3149,-0.768799,1297,13,13,29,0
-3148,-0.768555,1297,15,13,31,0
-3147,-0.768311,1298,12,12,31,0
-3146,-0.768066,1298,12,12,31,0
-3145,-0.767822,1298,12,13,28,0
-3144,-0.767578,1298,14,13,30,0
-3143,-0.767334,1299,15,11,29,0
-3142,-0.767090,1299,13,11,27,0
-3141,-0.766846,1299,13,11,27,0
-3140,-0.766602,1299,14,13,30,0
-3139,-0.766357,1299,16,13,32,0
-3138,-0.766113,1300,12,12,27,0
-3137,-0.765869,1300,12,12,27,0
-3136,-0.765625,1300,12,12,27,0
-3135,-0.765381,1300,12,13,28,0
-3134,-0.765137,1300,15,13,31,0
-3133,-0.764893,1301,14,11,28,0
-3132,-0.764648,1301,13,11,27,0
-3131,-0.764404,1301,13,13,29,0
-3130,-0.764160,1301,13,13,29,0
-3129,-0.763916,1302,15,12,30,0
-3128,-0.763672,1302,12,12,27,0
-3127,-0.763428,1302,12,13,28,0
-3126,-0.763184,1302,12,13,28,0
-3125,-0.762939,1302,12,13,28,0
-3124,-0.762695,1303,11,11,25,0
-3123,-0.762451,1303,11,11,25,0
-3122,-0.762207,1303,11,13,27,0
-3121,-0.761963,1303,11,13,27,0
-3120,-0.761719,1303,15,13,31,0
-3119,-0.761475,1304,13,12,28,0
-3118,-0.761230,1304,13,12,28,0
-3117,-0.760986,1304,13,13,29,0
-3116,-0.760742,1304,15,13,31,0
-3115,-0.760498,1305,12,11,26,0
-3114,-0.760254,1305,12,11,26,0
-3113,-0.760010,1305,12,13,28,0
-3112,-0.759766,1305,14,13,30,0
-3111,-0.759521,1306,17,12,32,0
-3110,-0.759277,1306,13,12,28,0
-3109,-0.759033,1306,13,12,28,0
-3108,-0.758789,1306,13,13,29,0
-3107,-0.758545,1306,13,13,29,0
-3106,-0.758301,1307,16,11,30,0
-3105,-0.758057,1307,14,11,28,0
-3104,-0.757812,1307,12,11,26,0
-3103,-0.757568,1307,12,13,28,0
-3102,-0.757324,1307,15,13,31,0
-3101,-0.757080,1308,14,12,29,0
-3100,-0.756836,1308,13,12,32,0
-3099,-0.756592,1308,13,13,29,0
-3098,-0.756348,1308,13,13,29,0
-3097,-0.756104,1309,15,11,29,0
-3096,-0.755859,1309,12,11,26,0
-3095,-0.755615,1309,12,11,26,0
-3094,-0.755371,1309,12,13,28,0
-3093,-0.755127,1309,16,13,32,0
-3092,-0.754883,1310,11,12,26,0
-3091,-0.754639,1310,11,12,26,0
-3090,-0.754395,1310,11,13,27,0
-3089,-0.754150,1310,11,13,27,0
-3088,-0.753906,1310,15,13,31,0
-3087,-0.753662,1311,13,11,27,0
-3086,-0.753418,1311,13,11,27,0
-3085,-0.753174,1311,13,13,29,0
-3084,-0.752930,1311,15,13,31,0
-3083,-0.752686,1312,12,12,31,0
-3082,-0.752441,1312,12,12,31,0
-3081,-0.752197,1312,12,13,28,0
-3080,-0.751953,1312,12,13,28,0
-3079,-0.751709,1312,12,13,28,0
-3078,-0.751465,1313,16,11,30,0
-3077,-0.751221,1313,14,11,28,0
-3076,-0.750977,1313,13,13,29,0
-3075,-0.750732,1313,13,13,29,0
-3074,-0.750488,1313,15,13,31,0
-3073,-0.750244,1314,14,12,29,0
-3072,-0.750000,1314,12,12,27,0
-3071,-0.749756,1314,12,13,28,0
-3070,-0.749512,1314,12,13,28,0
-3069,-0.749268,1315,15,11,29,0
-3068,-0.749023,1315,13,11,27,0
-3067,-0.748779,1315,13,13,29,0
-3066,-0.748535,1315,13,13,29,0
-3065,-0.748291,1315,16,13,32,0
-3064,-0.748047,1316,11,12,30,0
-3063,-0.747803,1316,11,12,30,0
-3062,-0.747559,1316,11,13,27,0
-3061,-0.747314,1316,11,13,27,0
-3060,-0.747070,1316,15,13,31,0
-3059,-0.746826,1317,12,11,26,0
-3058,-0.746582,1317,12,11,26,0
-3057,-0.746338,1317,12,13,28,0
-3056,-0.746094,1317,14,13,30,0
-3055,-0.745850,1318,15,12,30,0
-3054,-0.745605,1318,13,12,28,0
-3053,-0.745361,1318,13,13,29,0
-3052,-0.745117,1318,14,13,30,0
-3051,-0.744873,1319,15,11,29,0
-3050,-0.744629,1319,12,11,26,0
-3049,-0.744385,1319,12,13,28,0
-3048,-0.744141,1319,14,13,30,0
-3047,-0.743896,1319,16,13,32,0
-3046,-0.743652,1320,13,12,28,0
-3045,-0.743408,1320,13,12,28,0
-3044,-0.743164,1320,13,13,29,0
-3043,-0.742920,1320,13,13,29,0
-3042,-0.742676,1320,15,13,31,0
-3041,-0.742432,1321,14,11,28,0
-3040,-0.742188,1321,12,11,26,0
-3039,-0.741943,1321,12,13,28,0
-3038,-0.741699,1321,12,13,28,0
-3037,-0.741455,1322,15,12,30,0
-3036,-0.741211,1322,12,12,31,0
-3035,-0.740967,1322,12,13,28,0
-3034,-0.740723,1322,12,13,28,0
-3033,-0.740479,1322,12,13,28,0
-3032,-0.740234,1323,16,11,30,0
-3031,-0.739990,1323,13,11,27,0
-3030,-0.739746,1323,13,13,29,0
-3029,-0.739502,1323,13,13,29,0
-3028,-0.739258,1323,15,13,31,0
-3027,-0.739014,1324,12,12,31,0
-3026,-0.738770,1324,12,12,31,0
-3025,-0.738525,1324,12,13,28,0
-3024,-0.738281,1324,14,13,30,0
-3023,-0.738037,1325,15,11,29,0
-3022,-0.737793,1325,13,11,27,0
-3021,-0.737549,1325,13,13,29,0
-3020,-0.737305,1325,14,13,30,0
-3019,-0.737061,1326,15,12,30,0
-3018,-0.736816,1326,12,12,31,0
-3017,-0.736572,1326,12,13,28,0
-3016,-0.736328,1326,14,13,30,0
-3015,-0.736084,1326,16,13,32,0
-3014,-0.735840,1327,13,11,27,0
-3013,-0.735596,1327,13,11,27,0
-3012,-0.735352,1327,13,13,29,0
-3011,-0.735107,1327,13,13,29,0
-3010,-0.734863,1327,18,13,34,0
-3009,-0.734619,1328,14,12,29,0
-3008,-0.734375,1328,12,12,27,0
-3007,-0.734131,1328,12,13,28,0
-3006,-0.733887,1328,12,13,28,0
-3005,-0.733643,1329,15,11,29,0
-3004,-0.733398,1329,13,11,27,0
-3003,-0.733154,1329,13,13,29,0
-3002,-0.732910,1329,13,13,29,0
-3001,-0.732666,1329,16,13,32,0
-3000,-0.732422,1330,11,12,30,0
-2999,-0.732178,1330,11,12,30,0
-2998,-0.731934,1330,11,13,27,0
-2997,-0.731689,1330,11,13,27,0
-2996,-0.731445,1330,18,13,34,0
-2995,-0.731201,1331,12,11,26,0
-2994,-0.730957,1331,12,11,26,0
-2993,-0.730713,1331,12,13,28,0
-2992,-0.730469,1331,15,13,31,0
-2991,-0.730225,1332,13,12,28,0
-2990,-0.729980,1332,13,12,28,0
-2989,-0.729736,1332,13,13,29,0
-2988,-0.729492,1332,14,13,30,0
-2987,-0.729248,1333,15,11,29,0
-2986,-0.729004,1333,12,11,26,0
-2985,-0.728760,1333,12,13,28,0
-2984,-0.728516,1333,14,13,30,0
-2983,-0.728271,1333,16,13,32,0
-2982,-0.728027,1334,13,12,28,0
-2981,-0.727783,1334,13,12,28,0
-2980,-0.727539,1334,13,13,29,0
-2979,-0.727295,1334,13,13,29,0
-2978,-0.727051,1335,16,11,30,0
-2977,-0.726807,1335,14,11,28,0
-2976,-0.726562,1335,12,11,26,0
-2975,-0.726318,1335,12,13,28,0
-2974,-0.726074,1335,15,13,31,0
-2973,-0.725830,1336,14,12,29,0
-2972,-0.725586,1336,13,12,32,0
-2971,-0.725342,1336,13,13,29,0
-2970,-0.725098,1336,13,13,29,0
-2969,-0.724854,1336,16,13,32,0
-2968,-0.724609,1337,11,11,25,0
-2967,-0.724365,1337,11,11,25,0
-2966,-0.724121,1337,11,13,27,0
-2965,-0.723877,1337,11,13,27,0
-2964,-0.723633,1338,16,12,31,0
-2963,-0.723389,1338,12,12,31,0
-2962,-0.723145,1338,12,12,31,0
-2961,-0.722900,1338,12,13,28,0
-2960,-0.722656,1338,15,13,31,0
-2959,-0.722412,1339,13,11,27,0
-2958,-0.722168,1339,13,11,27,0
-2957,-0.721924,1339,13,13,29,0
-2956,-0.721680,1339,14,13,30,0
-2955,-0.721436,1340,15,12,30,0
-2954,-0.721191,1340,12,12,31,0
-2953,-0.720947,1340,12,13,28,0
-2952,-0.720703,1340,14,13,30,0
-2951,-0.720459,1340,18,13,34,0
-2950,-0.720215,1341,13,11,27,0
-2949,-0.719971,1341,13,11,27,0
-2948,-0.719727,1341,13,13,29,0
-2947,-0.719482,1341,13,13,29,0
-2946,-0.719238,1342,16,12,31,0
-2945,-0.718994,1342,14,12,29,0
-2944,-0.718750,1342,12,12,27,0
-2943,-0.718506,1342,12,13,28,0
-2942,-0.718262,1342,15,13,31,0
-2941,-0.718018,1343,14,11,28,0
-2940,-0.717773,1343,13,11,27,0
-2939,-0.717529,1343,13,13,29,0
-2938,-0.717285,1343,13,13,29,0
-2937,-0.717041,1344,15,12,30,0
-2936,-0.716797,1344,11,12,30,0
-2935,-0.716553,1344,11,12,30,0
-2934,-0.716309,1344,11,13,27,0
-2933,-0.716064,1344,11,13,27,0
-2932,-0.715820,1344,15,13,31,0
-2931,-0.715576,1345,12,11,26,0
-2930,-0.715332,1345,12,11,26,0
-2929,-0.715088,1345,12,13,28,0
-2928,-0.714844,1345,14,13,30,0
-2927,-0.714600,1346,15,12,30,0
-2926,-0.714355,1346,13,12,28,0
-2925,-0.714111,1346,13,12,28,0
-2924,-0.713867,1347,13,11,27,0
-2923,-0.713623,1347,13,11,27,0
-2922,-0.713379,1347,13,13,29,0
-2921,-0.713135,1347,13,13,29,0
-2920,-0.712891,1348,15,12,30,0
-2919,-0.712646,1348,11,12,30,0
-2918,-0.712402,1348,11,12,30,0
-2917,-0.712158,1348,11,13,27,0
-2916,-0.711914,1348,11,13,27,0
-2915,-0.711670,1349,16,11,30,0
-2914,-0.711426,1349,12,11,26,0
-2913,-0.711182,1349,12,13,28,0
-2912,-0.710938,1349,12,13,28,0
-2911,-0.710693,1349,15,13,31,0
-2910,-0.710449,1350,13,12,28,0
-2909,-0.710205,1350,13,12,28,0
-2908,-0.709961,1350,13,13,29,0
-2907,-0.709717,1350,14,13,30,0
-2906,-0.709473,1351,15,11,29,0
-2905,-0.709229,1351,12,11,26,0
-2904,-0.708984,1351,12,13,28,0
-2903,-0.708740,1351,14,13,30,0
-2902,-0.708496,1351,16,13,32,0
-2901,-0.708252,1352,13,12,28,0
-2900,-0.708008,1352,13,12,28,0
-2899,-0.707764,1352,13,13,29,0
-2898,-0.707520,1352,13,13,29,0
-2897,-0.707275,1353,16,11,30,0
-2896,-0.707031,1353,14,11,28,0
-2895,-0.706787,1353,12,11,26,0
-2894,-0.706543,1353,12,13,28,0
-2893,-0.706299,1353,15,13,31,0
-2892,-0.706055,1354,14,12,29,0
-2891,-0.705811,1354,13,12,32,0
-2890,-0.705566,1354,13,13,29,0
-2889,-0.705322,1354,13,13,29,0
-2888,-0.705078,1355,15,11,29,0
-2887,-0.704834,1355,12,11,26,0
-2886,-0.704590,1355,12,13,28,0
-2885,-0.704346,1355,12,13,28,0
-2884,-0.704102,1355,16,13,32,0
-2883,-0.703857,1356,11,12,26,0
-2882,-0.703613,1356,11,12,26,0
-2881,-0.703369,1356,11,13,27,0
-2880,-0.703125,1356,11,13,27,0
-2879,-0.702881,1357,16,11,30,0
-2878,-0.702637,1357,13,11,27,0
-2877,-0.702393,1357,13,11,27,0
-2876,-0.702148,1357,13,13,29,0
-2875,-0.701904,1357,15,13,31,0
-2874,-0.701660,1358,12,12,31,0
-2873,-0.701416,1358,12,12,31,0
-2872,-0.701172,1358,12,13,28,0
-2871,-0.700928,1358,14,13,30,0
-2870,-0.700684,1359,15,11,29,0
-2869,-0.700439,1359,13,11,27,0
-2868,-0.700195,1359,13,13,29,0
-2867,-0.699951,1359,14,13,30,0
-2866,-0.699707,1359,16,13,32,0
-2865,-0.699463,1360,12,12,27,0
-2864,-0.699219,1360,12,12,27,0
-2863,-0.698975,1360,12,13,28,0
-2862,-0.698730,1360,12,13,28,0
-2861,-0.698486,1360,15,13,31,0
-2860,-0.698242,1361,14,11,28,0
-2859,-0.697998,1361,13,11,27,0
-2858,-0.697754,1361,13,13,29,0
-2857,-0.697510,1361,15,13,31,0
-2856,-0.697266,1362,14,12,29,0
-2855,-0.697021,1362,12,12,27,0
-2854,-0.696777,1362,12,13,28,0
-2853,-0.696533,1362,12,13,28,0
-2852,-0.696289,1363,15,11,29,0
-2851,-0.696045,1363,13,11,27,0
-2850,-0.695801,1363,13,13,29,0
-2849,-0.695557,1363,13,13,29,0
-2848,-0.695312,1363,16,13,32,0
-2847,-0.695068,1364,12,12,27,0
-2846,-0.694824,1364,12,12,27,0
-2845,-0.694580,1364,12,13,28,0
-2844,-0.694336,1364,12,13,28,0
-2843,-0.694092,1365,16,11,30,0
-2842,-0.693848,1365,12,11,26,0
-2841,-0.693604,1365,12,11,26,0
-2840,-0.693359,1365,12,13,28,0
-2839,-0.693115,1365,15,13,31,0
-2838,-0.692871,1366,13,12,28,0
-2837,-0.692627,1366,13,12,28,0
-2836,-0.692383,1366,13,13,29,0
-2835,-0.692139,1366,14,13,30,0
-2834,-0.691895,1367,15,11,29,0
-2833,-0.691650,1367,12,11,26,0
-2832,-0.691406,1367,12,11,26,0
-2831,-0.691162,1367,14,13,30,0
-2830,-0.690918,1367,16,13,32,0
-2829,-0.690674,1368,13,12,28,0
-2828,-0.690430,1368,13,12,28,0
-2827,-0.690186,1368,13,13,29,0
-2826,-0.689941,1368,13,13,29,0
-2825,-0.689697,1369,16,11,30,0
-2824,-0.689453,1369,14,11,28,0
-2823,-0.689209,1369,12,11,26,0
-2822,-0.688965,1369,12,13,28,0
-2821,-0.688721,1369,15,13,31,0
-2820,-0.688477,1370,14,12,29,0
-2819,-0.688232,1370,13,12,32,0
-2818,-0.687988,1370,13,13,29,0
-2817,-0.687744,1370,13,13,29,0
-2816,-0.687500,1371,15,11,29,0
-2815,-0.687256,1371,12,11,26,0
-2814,-0.687012,1371,12,13,28,0
-2813,-0.686768,1371,12,13,28,0
-2812,-0.686523,1371,12,13,28,0
-2811,-0.686279,1372,12,12,31,0
-2810,-0.686035,1372,12,12,31,0
-2809,-0.685791,1372,12,13,28,0
-2808,-0.685547,1372,12,13,28,0
-2807,-0.685303,1373,17,11,31,0
-2806,-0.685059,1373,13,11,27,0
-2805,-0.684814,1373,13,11,27,0
-2804,-0.684570,1373,13,13,29,0
-2803,-0.684326,1373,15,13,31,0
-2802,-0.684082,1374,12,12,31,0
-2801,-0.683838,1374,12,12,31,0
-2800,-0.683594,1374,12,13,28,0
-2799,-0.683350,1374,14,13,30,0
-2798,-0.683105,1375,15,11,29,0
-2797,-0.682861,1375,13,11,27,0
-2796,-0.682617,1375,13,11,27,0
-2795,-0.682373,1375,14,13,30,0
-2794,-0.682129,1375,18,13,34,0
-2793,-0.681885,1376,12,12,27,0
-2792,-0.681641,1376,12,12,27,0
-2791,-0.681396,1376,12,13,28,0
-2790,-0.681152,1376,12,13,28,0
-2789,-0.680908,1377,16,11,30,0
-2788,-0.680664,1377,14,11,28,0
-2787,-0.680420,1377,13,11,27,0
-2786,-0.680176,1377,13,13,29,0
-2785,-0.679932,1377,15,13,31,0
-2784,-0.679688,1378,14,12,29,0
-2783,-0.679443,1378,12,12,27,0
-2782,-0.679199,1378,12,13,28,0
-2781,-0.678955,1378,12,13,28,0
-2780,-0.678711,1379,15,11,29,0
-2779,-0.678467,1379,13,11,27,0
-2778,-0.678223,1379,13,13,29,0
-2777,-0.677979,1379,13,13,29,0
-2776,-0.677734,1379,16,13,32,0
-2775,-0.677490,1380,11,12,30,0
-2774,-0.677246,1380,11,12,30,0
-2773,-0.677002,1380,11,13,27,0
-2772,-0.676758,1380,11,13,27,0
-2771,-0.676514,1381,16,11,30,0
-2770,-0.676270,1381,12,11,26,0
-2769,-0.676025,1381,12,11,26,0
-2768,-0.675781,1381,12,13,28,0
-2767,-0.675537,1381,15,13,31,0
-2766,-0.675293,1382,13,12,28,0
-2765,-0.675049,1382,13,12,28,0
-2764,-0.674805,1382,13,13,29,0
-2763,-0.674561,1382,14,13,30,0
-2762,-0.674316,1383,15,11,29,0
-2761,-0.674072,1383,12,11,26,0
-2760,-0.673828,1383,12,13,28,0
-2759,-0.673584,1383,14,13,30,0
-2758,-0.673340,1383,18,13,34,0
-2757,-0.673096,1384,13,12,28,0
-2756,-0.672852,1384,13,12,28,0
-2755,-0.672607,1384,13,13,29,0
-2754,-0.672363,1384,13,13,29,0
-2753,-0.672119,1385,16,11,30,0
-2752,-0.671875,1385,14,11,28,0
-2751,-0.671631,1385,12,11,26,0
-2750,-0.671387,1385,12,13,28,0
-2749,-0.671143,1385,15,13,31,0
-2748,-0.670898,1386,14,12,29,0
-2747,-0.670654,1386,13,12,32,0
-2746,-0.670410,1386,13,13,29,0
-2745,-0.670166,1386,13,13,29,0
-2744,-0.669922,1387,15,11,29,0
-2743,-0.669678,1387,12,11,26,0
-2742,-0.669434,1387,12,13,28,0
-2741,-0.669189,1387,12,13,28,0
-2740,-0.668945,1388,15,12,30,0
-2739,-0.668701,1388,11,12,26,0
-2738,-0.668457,1388,11,12,26,0
-2737,-0.668213,1388,11,13,27,0
-2736,-0.667969,1388,11,13,27,0
-2735,-0.667725,1389,16,11,30,0
-2734,-0.667480,1389,13,11,27,0
-2733,-0.667236,1389,13,11,27,0
-2732,-0.666992,1389,13,13,29,0
-2731,-0.666748,1390,12,12,31,0
-2730,-0.666504,1390,12,12,31,0
-2729,-0.666260,1390,12,13,28,0
-2728,-0.666016,1390,12,13,28,0
-2727,-0.665771,1390,15,13,31,0
-2726,-0.665527,1391,13,11,27,0
-2725,-0.665283,1391,13,11,27,0
-2724,-0.665039,1391,13,13,29,0
-2723,-0.664795,1391,15,13,31,0
-2722,-0.664551,1392,12,12,31,0
-2721,-0.664307,1392,12,12,31,0
-2720,-0.664062,1392,12,12,31,0
-2719,-0.663818,1392,12,13,28,0
-2718,-0.663574,1392,12,13,28,0
-2717,-0.663330,1392,12,13,28,0
-2716,-0.663086,1393,15,11,29,0
-2715,-0.662842,1393,13,13,29,0
-2714,-0.662598,1393,13,13,29,0
-2713,-0.662354,1393,15,13,31,0
-2712,-0.662109,1394,14,12,29,0
-2711,-0.661865,1394,12,12,27,0
-2710,-0.661621,1394,12,13,28,0
-2709,-0.661377,1394,12,13,28,0
-2708,-0.661133,1394,16,13,32,0
-2707,-0.660889,1395,13,11,27,0
-2706,-0.660645,1395,13,13,29,0
-2705,-0.660400,1395,13,13,29,0
-2704,-0.660156,1395,16,13,32,0
-2703,-0.659912,1396,12,12,27,0
-2702,-0.659668,1396,12,12,27,0
-2701,-0.659424,1396,12,13,28,0
-2700,-0.659180,1396,12,13,28,0
-2699,-0.658936,1397,12,11,26,0
-2698,-0.658691,1397,12,11,26,0
-2697,-0.658447,1397,12,13,28,0
-2696,-0.658203,1397,12,13,28,0
-2695,-0.657959,1398,16,12,31,0
-2694,-0.657715,1398,13,12,28,0
-2693,-0.657471,1398,13,12,28,0
-2692,-0.657227,1398,13,13,29,0
-2691,-0.656982,1398,15,13,31,0
-2690,-0.656738,1399,12,11,26,0
-2689,-0.656494,1399,12,11,26,0
-2688,-0.656250,1399,12,13,28,0
-2687,-0.656006,1399,14,13,30,0
-2686,-0.655762,1400,15,12,30,0
-2685,-0.655518,1400,13,12,28,0
-2684,-0.655273,1400,13,12,28,0
-2683,-0.655029,1400,14,13,30,0
-2682,-0.654785,1400,16,13,32,0
-2681,-0.654541,1401,12,11,26,0
-2680,-0.654297,1401,12,11,26,0
-2679,-0.654053,1401,12,13,28,0
-2678,-0.653809,1401,12,13,28,0
-2677,-0.653564,1402,17,12,32,0
-2676,-0.653320,1402,14,12,29,0
-2675,-0.653076,1402,13,13,29,0
-2674,-0.652832,1402,13,13,29,0
-2673,-0.652588,1402,13,13,29,0
-2672,-0.652344,1403,15,11,29,0
-2671,-0.652100,1403,12,11,26,0
-2670,-0.651855,1403,12,13,28,0
-2669,-0.651611,1403,12,13,28,0
-2668,-0.651367,1403,16,13,32,0
-2667,-0.651123,1404,13,13,29,0
-2666,-0.650879,1404,13,13,29,0
-2665,-0.650635,1404,15,13,31,0
-2664,-0.650391,1405,14,11,28,0
-2663,-0.650146,1405,12,11,26,0
-2662,-0.649902,1405,12,13,28,0
-2661,-0.649658,1405,12,13,28,0
-2660,-0.649414,1406,15,12,30,0
-2659,-0.649170,1406,13,12,32,0
-2658,-0.648926,1406,13,13,29,0
-2657,-0.648682,1406,13,13,29,0
-2656,-0.648438,1406,16,13,32,0
-2655,-0.648193,1407,12,11,26,0
-2654,-0.647949,1407,12,11,26,0
-2653,-0.647705,1407,12,13,28,0
-2652,-0.647461,1407,12,13,28,0
-2651,-0.647217,1408,12,12,31,0
-2650,-0.646973,1408,12,12,31,0
-2649,-0.646729,1408,12,12,31,0
-2648,-0.646484,1408,12,13,28,0
-2647,-0.646240,1408,14,13,30,0
-2646,-0.645996,1408,18,13,34,0
-2645,-0.645752,1409,13,11,27,0
-2644,-0.645508,1409,13,11,27,0
-2643,-0.645264,1409,14,13,30,0
-2642,-0.645020,1409,16,13,32,0
-2641,-0.644775,1410,12,12,27,0
-2640,-0.644531,1410,12,12,27,0
-2639,-0.644287,1410,12,13,28,0
-2638,-0.644043,1410,12,13,28,0
-2637,-0.643799,1410,15,13,31,0
-2636,-0.643555,1411,14,11,28,0
-2635,-0.643311,1411,14,13,30,0
-2634,-0.643066,1411,16,13,32,0
-2633,-0.642822,1412,12,12,27,0
-2632,-0.642578,1412,12,12,27,0
-2631,-0.642334,1412,12,13,28,0
-2630,-0.642090,1412,12,13,28,0
-2629,-0.641846,1412,12,13,28,0
-2628,-0.641602,1413,15,11,29,0
-2627,-0.641357,1413,13,11,27,0
-2626,-0.641113,1413,13,13,29,0
-2625,-0.640869,1413,13,13,29,0
-2624,-0.640625,1413,18,13,34,0
-2623,-0.640381,1414,12,12,27,0
-2622,-0.640137,1414,12,12,27,0
-2621,-0.639893,1414,12,13,28,0
-2620,-0.639648,1414,12,13,28,0
-2619,-0.639404,1415,12,11,26,0
-2618,-0.639160,1415,12,11,26,0
-2617,-0.638916,1415,12,13,28,0
-2616,-0.638672,1415,12,13,28,0
-2615,-0.638428,1416,13,12,28,0
-2614,-0.638184,1416,13,12,28,0
-2613,-0.637939,1416,13,12,28,0
-2612,-0.637695,1416,13,13,29,0
-2611,-0.637451,1416,15,13,31,0
-2610,-0.637207,1417,12,11,26,0
-2609,-0.636963,1417,12,11,26,0
-2608,-0.636719,1417,12,11,26,0
-2607,-0.636475,1417,14,13,30,0
-2606,-0.636230,1417,18,13,34,0
-2605,-0.635986,1418,13,12,28,0
-2604,-0.635742,1418,13,12,28,0
-2603,-0.635498,1418,14,13,30,0
-2602,-0.635254,1419,15,11,29,0
-2601,-0.635010,1419,12,11,26,0
-2600,-0.634766,1419,12,11,26,0
-2599,-0.634521,1419,14,13,30,0
-2598,-0.634277,1419,16,13,32,0
-2597,-0.634033,1420,13,12,28,0
-2596,-0.633789,1420,13,12,28,0
-2595,-0.633545,1420,13,13,29,0
-2594,-0.633301,1420,13,13,29,0
-2593,-0.633057,1420,15,13,31,0
-2592,-0.632812,1421,14,11,28,0
-2591,-0.632568,1421,12,11,26,0
-2590,-0.632324,1421,12,13,28,0
-2589,-0.632080,1421,12,13,28,0
-2588,-0.631836,1422,15,12,30,0
-2587,-0.631592,1422,13,13,29,0
-2586,-0.631348,1422,13,13,29,0
-2585,-0.631104,1422,13,13,29,0
-2584,-0.630859,1423,15,11,29,0
-2583,-0.630615,1423,12,11,26,0
-2582,-0.630371,1423,12,13,28,0
-2581,-0.630127,1423,12,13,28,0
-2580,-0.629883,1423,16,13,32,0
-2579,-0.629639,1424,11,12,26,0
-2578,-0.629395,1424,11,12,26,0
-2577,-0.629150,1424,11,13,27,0
-2576,-0.628906,1424,11,13,27,0
-2575,-0.628662,1425,17,11,31,0
-2574,-0.628418,1425,13,11,27,0
-2573,-0.628174,1425,13,11,27,0
-2572,-0.627930,1425,13,13,29,0
-2571,-0.627686,1426,12,12,31,0
-2570,-0.627441,1426,12,12,31,0
-2569,-0.627197,1426,12,13,28,0
-2568,-0.626953,1426,12,13,28,0
-2567,-0.626709,1426,15,13,31,0
-2566,-0.626465,1427,13,11,27,0
-2565,-0.626221,1427,13,11,27,0
-2564,-0.625977,1427,13,13,29,0
-2563,-0.625732,1427,15,13,31,0
-2562,-0.625488,1428,12,12,31,0
-2561,-0.625244,1428,12,12,31,0
-2560,-0.625000,1428,12,12,31,0
-2559,-0.624756,1428,12,13,28,0
-2558,-0.624512,1428,12,13,28,0
-2557,-0.624268,1429,16,11,30,0
-2556,-0.624023,1429,14,11,28,0
-2555,-0.623779,1429,13,13,29,0
-2554,-0.623535,1429,13,13,29,0
-2553,-0.623291,1430,16,12,31,0
-2552,-0.623047,1430,14,12,29,0
-2551,-0.622803,1430,12,13,28,0
-2550,-0.622559,1430,12,13,28,0
-2549,-0.622314,1430,15,13,31,0
-2548,-0.622070,1431,14,11,28,0
-2547,-0.621826,1431,13,13,29,0
-2546,-0.621582,1431,13,13,29,0
-2545,-0.621338,1431,15,13,31,0
-2544,-0.621094,1432,14,12,29,0
-2543,-0.620850,1432,12,12,27,0
-2542,-0.620605,1432,12,13,28,0
-2541,-0.620361,1432,12,13,28,0
-2540,-0.620117,1432,12,13,28,0
-2539,-0.619873,1433,13,11,27,0
-2538,-0.619629,1433,13,13,29,0
-2537,-0.619385,1433,13,13,29,0
-2536,-0.619141,1434,17,12,32,0
-2535,-0.618896,1434,11,12,30,0
-2534,-0.618652,1434,11,12,30,0
-2533,-0.618408,1434,11,13,27,0
-2532,-0.618164,1434,11,13,27,0
-2531,-0.617920,1435,12,11,26,0
-2530,-0.617676,1435,12,11,26,0
-2529,-0.617432,1435,12,13,28,0
-2528,-0.617188,1435,12,13,28,0
-2527,-0.616943,1436,16,12,31,0
-2526,-0.616699,1436,13,12,28,0
-2525,-0.616455,1436,13,12,28,0
-2524,-0.616211,1436,13,13,29,0
-2523,-0.615967,1436,18,13,34,0
-2522,-0.615723,1437,12,11,26,0
-2521,-0.615479,1437,12,11,26,0
-2520,-0.615234,1437,12,13,28,0
-2519,-0.614990,1437,15,13,31,0
-2518,-0.614746,1438,13,12,28,0
-2517,-0.614502,1438,13,12,28,0
-2516,-0.614258,1438,13,12,28,0
-2515,-0.614014,1438,14,13,30,0
-2514,-0.613770,1439,15,11,29,0
-2513,-0.613525,1439,12,11,26,0
-2512,-0.613281,1439,12,11,26,0
-2511,-0.613037,1439,12,13,28,0
-2510,-0.612793,1439,12,13,28,0
-2509,-0.612549,1440,16,12,31,0
-2508,-0.612305,1440,14,12,29,0
-2507,-0.612061,1440,13,13,29,0
-2506,-0.611816,1440,13,13,29,0
-2505,-0.611572,1441,16,11,30,0
-2504,-0.611328,1441,14,11,28,0
-2503,-0.611084,1441,12,13,28,0
-2502,-0.610840,1441,12,13,28,0
-2501,-0.610596,1441,12,13,28,0
-2500,-0.610352,1442,15,12,30,0
-2499,-0.610107,1442,13,12,32,0
-2498,-0.609863,1442,13,13,29,0
-2497,-0.609619,1442,13,13,29,0
-2496,-0.609375,1443,17,11,31,0
-2495,-0.609131,1443,12,11,26,0
-2494,-0.608887,1443,12,11,26,0
-2493,-0.608643,1443,12,13,28,0
-2492,-0.608398,1443,12,13,28,0
-2491,-0.608154,1444,12,12,31,0
-2490,-0.607910,1444,12,12,31,0
-2489,-0.607666,1444,12,13,28,0
-2488,-0.607422,1444,12,13,28,0
-2487,-0.607178,1445,13,11,27,0
-2486,-0.606934,1445,13,11,27,0
-2485,-0.606689,1445,13,13,29,0
-2484,-0.606445,1445,13,13,29,0
-2483,-0.606201,1446,16,12,31,0
-2482,-0.605957,1446,12,12,31,0
-2481,-0.605713,1446,12,12,31,0
-2480,-0.605469,1446,12,13,28,0
-2479,-0.605225,1446,15,13,31,0
-2478,-0.604980,1447,13,11,27,0
-2477,-0.604736,1447,13,11,27,0
-2476,-0.604492,1447,13,13,29,0
-2475,-0.604248,1448,16,12,31,0
-2474,-0.604004,1448,12,12,31,0
-2473,-0.603760,1448,12,12,31,0
-2472,-0.603516,1448,12,13,28,0
-2471,-0.603271,1448,14,13,30,0
-2470,-0.603027,1448,18,13,34,0
-2469,-0.602783,1449,13,11,27,0
-2468,-0.602539,1449,13,11,27,0
-2467,-0.602295,1449,14,13,30,0
-2466,-0.602051,1449,16,13,32,0
-2465,-0.601807,1450,12,12,27,0
-2464,-0.601562,1450,12,12,27,0
-2463,-0.601318,1450,12,13,28,0
-2462,-0.601074,1450,12,13,28,0
-2461,-0.600830,1450,15,13,31,0
-2460,-0.600586,1451,14,11,28,0
-2459,-0.600342,1451,13,13,29,0
-2458,-0.600098,1451,13,13,29,0
-2457,-0.599854,1452,16,12,31,0
-2456,-0.599609,1452,14,12,29,0
-2455,-0.599365,1452,12,12,27,0
-2454,-0.599121,1452,12,13,28,0
-2453,-0.598877,1452,12,13,28,0
-2452,-0.598633,1453,17,11,31,0
-2451,-0.598389,1453,13,11,27,0
-2450,-0.598145,1453,13,13,29,0
-2449,-0.597900,1453,13,13,29,0
-2448,-0.597656,1453,18,13,34,0
-2447,-0.597412,1454,12,12,27,0
-2446,-0.597168,1454,12,12,27,0
-2445,-0.596924,1454,12,13,28,0
-2444,-0.596680,1454,12,13,28,0
-2443,-0.596436,1455,13,11,27,0
-2442,-0.596191,1455,13,13,29,0
-2441,-0.595947,1455,13,13,29,0
-2440,-0.595703,1455,13,13,29,0
-2439,-0.595459,1456,11,12,30,0
-2438,-0.595215,1456,11,12,30,0
-2437,-0.594971,1456,11,12,30,0
-2436,-0.594727,1456,11,13,27,0
-2435,-0.594482,1456,15,13,31,0
-2434,-0.594238,1457,12,11,26,0
-2433,-0.593994,1457,12,11,26,0
-2432,-0.593750,1457,12,13,28,0
-2431,-0.593506,1457,14,13,30,0
-2430,-0.593262,1458,15,12,30,0
-2429,-0.593018,1458,13,12,28,0
-2428,-0.592773,1458,13,12,28,0
-2427,-0.592529,1458,14,13,30,0
-2426,-0.592285,1459,15,11,29,0
-2425,-0.592041,1459,12,11,26,0
-2424,-0.591797,1459,12,11,26,0
-2423,-0.591553,1459,14,13,30,0
-2422,-0.591309,1459,16,13,32,0
-2421,-0.591064,1460,13,12,28,0
-2420,-0.590820,1460,13,12,28,0
-2419,-0.590576,1460,13,13,29,0
-2418,-0.590332,1460,13,13,29,0
-2417,-0.590088,1461,16,11,30,0
-2416,-0.589844,1461,14,11,28,0
-2415,-0.589600,1461,12,11,26,0
-2414,-0.589355,1461,12,13,28,0
-2413,-0.589111,1461,15,13,31,0
-2412,-0.588867,1462,14,12,29,0
-2411,-0.588623,1462,14,13,30,0
-2410,-0.588379,1463,15,11,29,0
-2409,-0.588135,1463,12,11,26,0
-2408,-0.587891,1463,12,11,26,0
-2407,-0.587646,1463,12,11,26,0
-2406,-0.587402,1463,12,13,28,0
-2405,-0.587158,1463,12,13,28,0
-2404,-0.586914,1464,15,12,30,0
-2403,-0.586670,1464,13,13,29,0
-2402,-0.586426,1464,13,13,29,0
-2401,-0.586182,1464,15,13,31,0
-2400,-0.585938,1465,14,11,28,0
-2399,-0.585693,1465,12,11,26,0
-2398,-0.585449,1465,12,13,28,0
-2397,-0.585205,1465,12,13,28,0
-2396,-0.584961,1466,15,12,30,0
-2395,-0.584717,1466,13,12,32,0
-2394,-0.584473,1466,13,13,29,0
-2393,-0.584229,1466,13,13,29,0
-2392,-0.583984,1467,15,11,29,0
-2391,-0.583740,1467,12,11,26,0
-2390,-0.583496,1467,12,13,28,0
-2389,-0.583252,1467,12,13,28,0
-2388,-0.583008,1467,16,13,32,0
-2387,-0.582764,1468,12,12,31,0
-2386,-0.582520,1468,12,12,31,0
-2385,-0.582275,1468,12,13,28,0
-2384,-0.582031,1468,12,13,28,0
-2383,-0.581787,1469,13,11,27,0
-2382,-0.581543,1469,13,11,27,0
-2381,-0.581299,1469,13,13,29,0
-2380,-0.581055,1469,13,13,29,0
-2379,-0.580811,1470,16,12,31,0
-2378,-0.580566,1470,12,12,31,0
-2377,-0.580322,1470,12,12,31,0
-2376,-0.580078,1470,12,13,28,0
-2375,-0.579834,1470,17,13,33,0
-2374,-0.579590,1471,13,11,27,0
-2373,-0.579346,1471,13,11,27,0
-2372,-0.579102,1471,13,13,29,0
-2371,-0.578857,1472,16,12,31,0
-2370,-0.578613,1472,12,12,31,0
-2369,-0.578369,1472,12,12,31,0
-2368,-0.578125,1472,12,13,28,0
-2367,-0.577881,1472,12,13,28,0
-2366,-0.577637,1472,12,13,28,0
-2365,-0.577393,1473,16,11,30,0
-2364,-0.577148,1473,14,11,28,0
-2363,-0.576904,1473,13,13,29,0
-2362,-0.576660,1473,13,13,29,0
-2361,-0.576416,1474,16,12,31,0
-2360,-0.576172,1474,14,12,29,0
-2359,-0.575928,1474,12,13,28,0
-2358,-0.575684,1474,12,13,28,0
-2357,-0.575439,1474,15,13,31,0
-2356,-0.575195,1475,14,11,28,0
-2355,-0.574951,1475,13,13,29,0
-2354,-0.574707,1475,13,13,29,0
-2353,-0.574463,1475,15,13,31,0
-2352,-0.574219,1476,14,12,29,0
-2351,-0.573975,1476,12,12,27,0
-2350,-0.573730,1476,12,13,28,0
-2349,-0.573486,1476,12,13,28,0
-2348,-0.573242,1476,16,13,32,0
-2347,-0.572998,1477,13,11,27,0
-2346,-0.572754,1477,13,11,27,0
-2345,-0.572510,1477,13,13,29,0
-2344,-0.572266,1477,17,13,33,0
-2343,-0.572021,1478,12,12,27,0
-2342,-0.571777,1478,12,12,27,0
-2341,-0.571533,1478,12,13,28,0
-2340,-0.571289,1478,12,13,28,0
-2339,-0.571045,1479,13,11,27,0
-2338,-0.570801,1479,13,11,27,0
-2337,-0.570557,1479,13,13,29,0
-2336,-0.570312,1479,16,13,32,0
-2335,-0.570068,1480,11,12,30,0
-2334,-0.569824,1480,11,12,30,0
-2333,-0.569580,1480,11,13,27,0
-2332,-0.569336,1480,11,13,27,0
-2331,-0.569092,1480,18,13,34,0
-2330,-0.568848,1481,12,11,26,0
-2329,-0.568604,1481,12,11,26,0
-2328,-0.568359,1481,12,13,28,0
-2327,-0.568115,1481,15,13,31,0
-2326,-0.567871,1482,13,12,28,0
-2325,-0.567627,1482,13,12,28,0
-2324,-0.567383,1482,13,13,29,0
-2323,-0.567139,1482,15,13,31,0
-2322,-0.566895,1483,12,11,26,0
-2321,-0.566650,1483,12,11,26,0
-2320,-0.566406,1483,12,13,28,0
-2319,-0.566162,1483,14,13,30,0
-2318,-0.565918,1484,15,12,30,0
-2317,-0.565674,1484,13,12,28,0
-2316,-0.565430,1484,13,12,28,0
-2315,-0.565186,1484,13,13,29,0
-2314,-0.564941,1484,13,13,29,0
-2313,-0.564697,1485,16,11,30,0
-2312,-0.564453,1485,14,11,28,0
-2311,-0.564209,1485,12,13,28,0
-2310,-0.563965,1485,12,13,28,0
-2309,-0.563721,1486,16,12,31,0
-2308,-0.563477,1486,14,12,29,0
-2307,-0.563232,1486,13,13,29,0
-2306,-0.562988,1486,13,13,29,0
-2305,-0.562744,1486,18,13,34,0
-2304,-0.562500,1487,14,11,28,0
-2303,-0.562256,1487,12,11,26,0
-2302,-0.562012,1487,12,13,28,0
-2301,-0.561768,1487,15,13,31,0
-2300,-0.561523,1488,14,12,29,0
-2299,-0.561279,1488,13,12,32,0
-2298,-0.561035,1488,13,13,29,0
-2297,-0.560791,1488,13,13,29,0
-2296,-0.560547,1488,16,13,32,0
-2295,-0.560303,1489,12,11,26,0
-2294,-0.560059,1489,12,11,26,0
-2293,-0.559814,1489,12,13,28,0
-2292,-0.559570,1489,16,13,32,0
-2291,-0.559326,1490,13,12,32,0
-2290,-0.559082,1490,13,12,32,0
-2289,-0.558838,1490,13,13,29,0
-2288,-0.558594,1490,16,13,32,0
-2287,-0.558350,1491,12,11,26,0
-2286,-0.558105,1491,12,11,26,0
-2285,-0.557861,1491,12,13,28,0
-2284,-0.557617,1491,12,13,28,0
-2283,-0.557373,1492,11,12,26,0
-2282,-0.557129,1492,11,12,26,0
-2281,-0.556885,1492,11,12,26,0
-2280,-0.556641,1492,11,13,27,0
-2279,-0.556396,1492,15,13,31,0
-2278,-0.556152,1493,13,11,27,0
-2277,-0.555908,1493,13,11,27,0
-2276,-0.555664,1493,13,13,29,0
-2275,-0.555420,1494,12,12,31,0
-2274,-0.555176,1494,12,12,31,0
-2273,-0.554932,1494,12,12,31,0
-2272,-0.554688,1494,12,13,28,0
-2271,-0.554443,1494,15,13,31,0
-2270,-0.554199,1495,13,11,27,0
-2269,-0.553955,1495,13,11,27,0
-2268,-0.553711,1495,13,13,29,0
-2267,-0.553467,1495,15,13,31,0
-2266,-0.553223,1496,12,12,31,0
-2265,-0.552979,1496,12,12,31,0
-2264,-0.552734,1496,12,12,31,0
-2263,-0.552490,1496,14,13,30,0
-2262,-0.552246,1496,16,13,32,0
-2261,-0.552002,1497,13,11,27,0
-2260,-0.551758,1497,13,11,27,0
-2259,-0.551514,1497,14,13,30,0
-2258,-0.551270,1497,18,13,34,0
-2257,-0.551025,1498,12,12,31,0
-2256,-0.550781,1498,12,12,31,0
-2255,-0.550537,1498,12,13,28,0
-2254,-0.550293,1498,12,13,28,0
-2253,-0.550049,1499,16,11,30,0
-2252,-0.549805,1499,14,11,28,0
-2251,-0.549561,1499,13,13,29,0
-2250,-0.549316,1499,13,13,29,0
-2249,-0.549072,1500,16,12,31,0
-2248,-0.548828,1500,14,12,29,0
-2247,-0.548584,1500,12,12,27,0
-2246,-0.548340,1500,12,13,28,0
-2245,-0.548096,1500,12,13,28,0
-2244,-0.547852,1500,16,13,32,0
-2243,-0.547607,1501,13,11,27,0
-2242,-0.547363,1501,13,13,29,0
-2241,-0.547119,1502,16,12,31,0
-2240,-0.546875,1502,14,12,29,0
-2239,-0.546631,1502,12,12,27,0
-2238,-0.546387,1502,12,13,28,0
-2237,-0.546143,1502,12,13,28,0
-2236,-0.545898,1503,15,11,29,0
-2235,-0.545654,1503,13,11,27,0
-2234,-0.545410,1503,13,13,29,0
-2233,-0.545166,1503,13,13,29,0
-2232,-0.544922,1504,15,12,30,0
-2231,-0.544678,1504,12,12,27,0
-2230,-0.544434,1504,12,12,27,0
-2229,-0.544189,1504,12,13,28,0
-2228,-0.543945,1504,12,13,28,0
-2227,-0.543701,1505,16,11,30,0
-2226,-0.543457,1505,12,11,26,0
-2225,-0.543213,1505,12,11,26,0
-2224,-0.542969,1505,12,13,28,0
-2223,-0.542725,1505,17,13,33,0
-2222,-0.542480,1506,13,12,28,0
-2221,-0.542236,1506,13,12,28,0
-2220,-0.541992,1506,13,13,29,0
-2219,-0.541748,1506,15,13,31,0
-2218,-0.541504,1507,12,11,26,0
-2217,-0.541260,1507,12,11,26,0
-2216,-0.541016,1507,12,11,26,0
-2215,-0.540771,1507,14,13,30,0
-2214,-0.540527,1507,18,13,34,0
-2213,-0.540283,1508,13,12,28,0
-2212,-0.540039,1508,13,12,28,0
-2211,-0.539795,1508,14,13,30,0
-2210,-0.539551,1509,15,11,29,0
-2209,-0.539307,1509,12,11,26,0
-2208,-0.539062,1509,12,11,26,0
-2207,-0.538818,1509,14,13,30,0
-2206,-0.538574,1510,15,12,30,0
-2205,-0.538330,1510,13,12,28,0
-2204,-0.538086,1510,13,12,28,0
-2203,-0.537842,1510,14,13,30,0
-2202,-0.537598,1510,16,13,32,0
-2201,-0.537354,1511,12,11,26,0
-2200,-0.537109,1511,12,11,26,0
-2199,-0.536865,1511,12,13,28,0
-2198,-0.536621,1511,12,13,28,0
-2197,-0.536377,1512,16,12,31,0
-2196,-0.536133,1512,14,12,29,0
-2195,-0.535889,1512,13,13,29,0
-2194,-0.535645,1512,13,13,29,0
-2193,-0.535400,1512,15,13,31,0
-2192,-0.535156,1513,14,11,28,0
-2191,-0.534912,1513,12,11,26,0
-2190,-0.534668,1513,12,13,28,0
-2189,-0.534424,1513,12,13,28,0
-2188,-0.534180,1514,15,12,30,0
-2187,-0.533936,1514,13,12,32,0
-2186,-0.533691,1514,13,13,29,0
-2185,-0.533447,1514,13,13,29,0
-2184,-0.533203,1514,16,13,32,0
-2183,-0.532959,1515,12,11,26,0
-2182,-0.532715,1515,12,11,26,0
-2181,-0.532471,1515,12,13,28,0
-2180,-0.532227,1515,16,13,32,0
-2179,-0.531982,1516,13,12,32,0
-2178,-0.531738,1516,13,13,29,0
-2177,-0.531494,1516,13,13,29,0
-2176,-0.531250,1516,16,13,32,0
-2175,-0.531006,1517,12,11,26,0
-2174,-0.530762,1517,12,11,26,0
-2173,-0.530518,1517,12,13,28,0
-2172,-0.530273,1517,16,13,32,0
-2171,-0.530029,1518,11,12,26,0
-2170,-0.529785,1518,11,12,26,0
-2169,-0.529541,1518,11,13,27,0
-2168,-0.529297,1518,11,13,27,0
-2167,-0.529053,1519,13,11,27,0
-2166,-0.528809,1519,13,11,27,0
-2165,-0.528564,1519,13,13,29,0
-2164,-0.528320,1519,13,13,29,0
-2163,-0.528076,1520,12,12,31,0
-2162,-0.527832,1520,12,12,31,0
-2161,-0.527588,1520,12,12,31,0
-2160,-0.527344,1520,12,13,28,0
-2159,-0.527100,1520,14,13,30,0
-2158,-0.526855,1520,17,13,33,0
-2157,-0.526611,1521,13,11,27,0
-2156,-0.526367,1521,13,11,27,0
-2155,-0.526123,1521,14,13,30,0
-2154,-0.525879,1522,15,12,30,0
-2153,-0.525635,1522,12,12,31,0
-2152,-0.525391,1522,12,12,31,0
-2151,-0.525146,1522,12,13,28,0
-2150,-0.524902,1522,12,13,28,0
-2149,-0.524658,1523,16,11,30,0
-2148,-0.524414,1523,14,11,28,0
-2147,-0.524170,1523,15,13,31,0
-2146,-0.523926,1524,12,12,31,0
-2145,-0.523682,1524,12,12,31,0
-2144,-0.523438,1524,12,13,28,0
-2143,-0.523193,1524,14,13,30,0
-2142,-0.522949,1524,17,13,33,0
-2141,-0.522705,1525,13,11,27,0
-2140,-0.522461,1525,13,11,27,0
-2139,-0.522217,1525,14,13,30,0
-2138,-0.521973,1525,17,13,33,0
-2137,-0.521729,1526,12,12,31,0
-2136,-0.521484,1526,12,12,31,0
-2135,-0.521240,1526,14,13,30,0
-2134,-0.520996,1526,16,13,32,0
-2133,-0.520752,1527,13,11,27,0
-2132,-0.520508,1527,13,11,27,0
-2131,-0.520264,1527,14,13,30,0
-2130,-0.520020,1527,16,13,32,0
-2129,-0.519775,1528,12,12,27,0
-2128,-0.519531,1528,12,12,27,0
-2127,-0.519287,1528,12,13,28,0
-2126,-0.519043,1528,12,13,28,0
-2125,-0.518799,1528,12,13,28,0
-2124,-0.518555,1529,15,11,29,0
-2123,-0.518311,1529,13,11,27,0
-2122,-0.518066,1529,13,13,29,0
-2121,-0.517822,1529,13,13,29,0
-2120,-0.517578,1530,15,12,30,0
-2119,-0.517334,1530,12,12,27,0
-2118,-0.517090,1530,12,13,28,0
-2117,-0.516846,1530,12,13,28,0
-2116,-0.516602,1530,16,13,32,0
-2115,-0.516357,1531,13,11,27,0
-2114,-0.516113,1531,13,13,29,0
-2113,-0.515869,1531,13,13,29,0
-2112,-0.515625,1532,15,12,30,0
-2111,-0.515381,1532,12,12,27,0
-2110,-0.515137,1532,12,12,27,0
-2109,-0.514893,1532,12,13,28,0
-2108,-0.514648,1532,12,13,28,0
-2107,-0.514404,1533,13,11,27,0
-2106,-0.514160,1533,13,11,27,0
-2105,-0.513916,1533,13,13,29,0
-2104,-0.513672,1533,13,13,29,0
-2103,-0.513428,1534,12,12,27,0
-2102,-0.513184,1534,12,12,27,0
-2101,-0.512939,1534,12,12,27,0
-2100,-0.512695,1534,12,13,28,0
-2099,-0.512451,1535,16,11,30,0
-2098,-0.512207,1535,13,11,27,0
-2097,-0.511963,1535,13,13,29,0
-2096,-0.511719,1535,13,13,29,0
-2095,-0.511475,1536,11,12,30,0
-2094,-0.511230,1536,11,12,30,0
-2093,-0.510986,1536,11,12,30,0
-2092,-0.510742,1536,11,12,30,0
-2091,-0.510498,1536,13,13,29,0
-2090,-0.510254,1536,13,13,29,0
-2089,-0.510010,1537,16,11,30,0
-2088,-0.509766,1537,14,11,28,0
-2087,-0.509521,1537,12,13,28,0
-2086,-0.509277,1537,12,13,28,0
-2085,-0.509033,1537,17,13,33,0
-2084,-0.508789,1538,14,12,29,0
-2083,-0.508545,1538,13,13,29,0
-2082,-0.508301,1538,13,13,29,0
-2081,-0.508057,1539,16,11,30,0
-2080,-0.507812,1539,14,11,28,0
-2079,-0.507568,1539,12,13,28,0
-2078,-0.507324,1539,12,13,28,0
-2077,-0.507080,1539,15,13,31,0
-2076,-0.506836,1540,14,12,29,0
-2075,-0.506592,1540,13,12,32,0
-2074,-0.506348,1540,13,13,29,0
-2073,-0.506104,1540,15,13,31,0
-2072,-0.505859,1541,14,11,28,0
-2071,-0.505615,1541,12,11,26,0
-2070,-0.505371,1541,12,13,28,0
-2069,-0.505127,1541,12,13,28,0
-2068,-0.504883,1542,15,12,30,0
-2067,-0.504639,1542,13,12,32,0
-2066,-0.504395,1542,13,13,29,0
-2065,-0.504150,1542,13,13,29,0
-2064,-0.503906,1543,15,11,29,0
-2063,-0.503662,1543,12,11,26,0
-2062,-0.503418,1543,12,13,28,0
-2061,-0.503174,1543,12,13,28,0
-2060,-0.502930,1543,16,13,32,0
-2059,-0.502686,1544,11,12,26,0
-2058,-0.502441,1544,11,12,26,0
-2057,-0.502197,1544,11,13,27,0
-2056,-0.501953,1544,11,13,27,0
-2055,-0.501709,1545,13,11,27,0
-2054,-0.501465,1545,13,11,27,0
-2053,-0.501221,1545,13,11,27,0
-2052,-0.500977,1545,13,13,29,0
-2051,-0.500732,1546,12,12,31,0
-2050,-0.500488,1546,12,12,31,0
-2049,-0.500244,1546,12,13,28,0
-2048,-0.500000,1546,12,13,28,0
-2047,-0.499756,1547,16,11,30,0
-2046,-0.499512,1547,13,11,27,0
-2045,-0.499268,1547,13,11,27,0
-2044,-0.499023,1547,13,13,29,0
-2043,-0.498779,1548,12,12,31,0
-2042,-0.498535,1548,12,12,31,0
-2041,-0.498291,1548,12,12,31,0
-2040,-0.498047,1548,12,13,28,0
-2039,-0.497803,1548,15,13,31,0
-2038,-0.497559,1549,13,11,27,0
-2037,-0.497314,1549,13,11,27,0
-2036,-0.497070,1549,13,13,29,0
-2035,-0.496826,1549,15,13,31,0
-2034,-0.496582,1550,12,12,31,0
-2033,-0.496338,1550,12,12,31,0
-2032,-0.496094,1550,12,13,28,0
-2031,-0.495850,1550,14,13,30,0
-2030,-0.495605,1551,15,11,29,0
-2029,-0.495361,1551,13,11,27,0
-2028,-0.495117,1551,13,11,27,0
-2027,-0.494873,1551,15,13,31,0
-2026,-0.494629,1552,12,12,31,0
-2025,-0.494385,1552,12,12,31,0
-2024,-0.494141,1552,12,12,31,0
-2023,-0.493896,1552,12,13,28,0
-2022,-0.493652,1552,12,13,28,0
-2021,-0.493408,1552,15,13,31,0
-2020,-0.493164,1553,14,11,28,0
-2019,-0.492920,1553,14,13,30,0
-2018,-0.492676,1553,16,13,32,0
-2017,-0.492432,1554,12,12,27,0
-2016,-0.492188,1554,12,12,27,0
-2015,-0.491943,1554,12,13,28,0
-2014,-0.491699,1554,12,13,28,0
-2013,-0.491455,1554,15,13,31,0
-2012,-0.491211,1555,14,11,28,0
-2011,-0.490967,1555,13,13,29,0
-2010,-0.490723,1555,13,13,29,0
-2009,-0.490479,1555,17,13,33,0
-2008,-0.490234,1556,14,12,29,0
-2007,-0.489990,1556,12,12,27,0
-2006,-0.489746,1556,12,13,28,0
-2005,-0.489502,1556,15,13,31,0
-2004,-0.489258,1557,14,11,28,0
-2003,-0.489014,1557,13,11,27,0
-2002,-0.488770,1557,13,13,29,0
-2001,-0.488525,1557,13,13,29,0
-2000,-0.488281,1558,15,12,30,0
-1999,-0.488037,1558,12,12,27,0
-1998,-0.487793,1558,12,13,28,0
-1997,-0.487549,1558,12,13,28,0
-1996,-0.487305,1558,16,13,32,0
-1995,-0.487061,1559,13,11,27,0
-1994,-0.486816,1559,13,13,29,0
-1993,-0.486572,1559,13,13,29,0
-1992,-0.486328,1559,16,13,32,0
-1991,-0.486084,1560,12,12,27,0
-1990,-0.485840,1560,12,12,27,0
-1989,-0.485596,1560,12,13,28,0
-1988,-0.485352,1560,12,13,28,0
-1987,-0.485107,1561,13,11,27,0
-1986,-0.484863,1561,13,11,27,0
-1985,-0.484619,1561,13,13,29,0
-1984,-0.484375,1561,16,13,32,0
-1983,-0.484131,1562,11,12,30,0
-1982,-0.483887,1562,11,12,30,0
-1981,-0.483643,1562,11,12,30,0
-1980,-0.483398,1562,11,13,27,0
-1979,-0.483154,1563,16,11,30,0
-1978,-0.482910,1563,12,11,26,0
-1977,-0.482666,1563,12,13,28,0
-1976,-0.482422,1563,12,13,28,0
-1975,-0.482178,1564,16,12,31,0
-1974,-0.481934,1564,13,12,28,0
-1973,-0.481689,1564,13,12,28,0
-1972,-0.481445,1564,13,13,29,0
-1971,-0.481201,1564,17,13,33,0
-1970,-0.480957,1565,12,11,26,0
-1969,-0.480713,1565,12,11,26,0
-1968,-0.480469,1565,12,13,28,0
-1967,-0.480225,1565,15,13,31,0
-1966,-0.479980,1566,13,12,28,0
-1965,-0.479736,1566,13,12,28,0
-1964,-0.479492,1566,13,13,29,0
-1963,-0.479248,1566,14,13,30,0
-1962,-0.479004,1567,15,11,29,0
-1961,-0.478760,1567,12,11,26,0
-1960,-0.478516,1567,12,11,26,0
-1959,-0.478271,1567,14,13,30,0
-1958,-0.478027,1568,15,12,30,0
-1957,-0.477783,1568,13,12,28,0
-1956,-0.477539,1568,13,12,28,0
-1955,-0.477295,1568,14,13,30,0
-1954,-0.477051,1569,15,11,29,0
-1953,-0.476807,1569,12,11,26,0
-1952,-0.476562,1569,12,11,26,0
-1951,-0.476318,1569,14,13,30,0
-1950,-0.476074,1569,16,13,32,0
-1949,-0.475830,1570,13,12,28,0
-1948,-0.475586,1570,13,12,28,0
-1947,-0.475342,1570,14,13,30,0
-1946,-0.475098,1570,16,13,32,0
-1945,-0.474854,1571,12,11,26,0
-1944,-0.474609,1571,12,11,26,0
-1943,-0.474365,1571,12,13,28,0
-1942,-0.474121,1571,12,13,28,0
-1941,-0.473877,1571,15,13,31,0
-1940,-0.473633,1572,14,12,29,0
-1939,-0.473389,1572,13,13,29,0
-1938,-0.473145,1572,13,13,29,0
-1937,-0.472900,1572,15,13,31,0
-1936,-0.472656,1573,14,11,28,0
-1935,-0.472412,1573,12,11,26,0
-1934,-0.472168,1573,12,13,28,0
-1933,-0.471924,1573,12,13,28,0
-1932,-0.471680,1574,15,12,30,0
-1931,-0.471436,1574,13,12,32,0
-1930,-0.471191,1574,13,13,29,0
-1929,-0.470947,1574,13,13,29,0
-1928,-0.470703,1575,15,11,29,0
-1927,-0.470459,1575,12,11,26,0
-1926,-0.470215,1575,12,13,28,0
-1925,-0.469971,1575,12,13,28,0
-1924,-0.469727,1575,16,13,32,0
-1923,-0.469482,1576,13,12,32,0
-1922,-0.469238,1576,13,13,29,0
-1921,-0.468994,1576,13,13,29,0
-1920,-0.468750,1576,16,13,32,0
-1919,-0.468506,1577,12,11,26,0
-1918,-0.468262,1577,12,11,26,0
-1917,-0.468018,1577,12,13,28,0
-1916,-0.467773,1577,12,13,28,0
-1915,-0.467529,1578,11,12,26,0
-1914,-0.467285,1578,11,12,26,0
-1913,-0.467041,1578,11,13,27,0
-1912,-0.466797,1578,11,13,27,0
-1911,-0.466553,1579,13,11,27,0
-1910,-0.466309,1579,13,11,27,0
-1909,-0.466064,1579,13,13,29,0
-1908,-0.465820,1579,13,13,29,0
-1907,-0.465576,1580,12,12,31,0
-1906,-0.465332,1580,12,12,31,0
-1905,-0.465088,1580,12,13,28,0
-1904,-0.464844,1580,12,13,28,0
-1903,-0.464600,1580,15,13,31,0
-1902,-0.464355,1581,13,11,27,0
-1901,-0.464111,1581,13,11,27,0
-1900,-0.463867,1581,13,13,29,0
-1899,-0.463623,1581,15,13,31,0
-1898,-0.463379,1582,12,12,31,0
-1897,-0.463135,1582,12,12,31,0
-1896,-0.462891,1582,12,13,28,0
-1895,-0.462646,1582,14,13,30,0
-1894,-0.462402,1583,15,11,29,0
-1893,-0.462158,1583,13,11,27,0
-1892,-0.461914,1583,13,11,27,0
-1891,-0.461670,1583,13,13,29,0
-1890,-0.461426,1584,13,12,32,0
-1889,-0.461182,1584,13,13,29,0
-1888,-0.460938,1584,13,13,29,0
-1887,-0.460693,1584,17,13,33,0
-1886,-0.460449,1585,12,11,26,0
-1885,-0.460205,1585,12,11,26,0
-1884,-0.459961,1585,12,13,28,0
-1883,-0.459717,1585,16,13,32,0
-1882,-0.459473,1586,13,12,32,0
-1881,-0.459229,1586,13,13,29,0
-1880,-0.458984,1586,13,13,29,0
-1879,-0.458740,1586,13,13,29,0
-1878,-0.458496,1587,12,11,26,0
-1877,-0.458252,1587,12,11,26,0
-1876,-0.458008,1587,12,13,28,0
-1875,-0.457764,1587,12,13,28,0
-1874,-0.457520,1588,12,12,31,0
-1873,-0.457275,1588,12,12,31,0
-1872,-0.457031,1588,12,13,28,0
-1871,-0.456787,1588,12,13,28,0
-1870,-0.456543,1589,16,11,30,0
-1869,-0.456299,1589,13,11,27,0
-1868,-0.456055,1589,13,11,27,0
-1867,-0.455811,1589,13,13,29,0
-1866,-0.455566,1590,12,12,31,0
-1865,-0.455322,1590,12,12,31,0
-1864,-0.455078,1590,12,13,28,0
-1863,-0.454834,1590,12,13,28,0
-1862,-0.454590,1590,17,13,33,0
-1861,-0.454346,1591,13,11,27,0
-1860,-0.454102,1591,13,11,27,0
-1859,-0.453857,1591,13,13,29,0
-1858,-0.453613,1592,16,12,31,0
-1857,-0.453369,1592,12,12,31,0
-1856,-0.453125,1592,12,12,31,0
-1855,-0.452881,1592,12,13,28,0
-1854,-0.452637,1592,15,13,31,0
-1853,-0.452393,1593,13,11,27,0
-1852,-0.452148,1593,13,11,27,0
-1851,-0.451904,1593,13,13,29,0
-1850,-0.451660,1593,15,13,31,0
-1849,-0.451416,1594,12,12,31,0
-1848,-0.451172,1594,12,12,31,0
-1847,-0.450928,1594,12,12,31,0
-1846,-0.450684,1594,14,13,30,0
-1845,-0.450439,1594,16,13,32,0
-1844,-0.450195,1595,13,11,27,0
-1843,-0.449951,1595,13,11,27,0
-1842,-0.449707,1595,14,13,30,0
-1841,-0.449463,1596,15,12,30,0
-1840,-0.449219,1596,12,12,31,0
-1839,-0.448975,1596,12,12,31,0
-1838,-0.448730,1596,12,13,28,0
-1837,-0.448486,1596,12,13,28,0
-1836,-0.448242,1597,16,11,30,0
-1835,-0.447998,1597,14,11,28,0
-1834,-0.447754,1597,14,13,30,0
-1833,-0.447510,1597,16,13,32,0
-1832,-0.447266,1598,12,12,27,0
-1831,-0.447021,1598,12,12,27,0
-1830,-0.446777,1598,12,13,28,0
-1829,-0.446533,1598,12,13,28,0
-1828,-0.446289,1598,17,13,33,0
-1827,-0.446045,1599,14,11,28,0
-1826,-0.445801,1599,14,13,30,0
-1825,-0.445557,1599,16,13,32,0
-1824,-0.445312,1600,12,12,27,0
-1823,-0.445068,1600,12,12,27,0
-1822,-0.444824,1600,12,12,27,0
-1821,-0.444580,1600,12,13,28,0
-1820,-0.444336,1600,12,13,28,0
-1819,-0.444092,1601,15,11,29,0
-1818,-0.443848,1601,13,11,27,0
-1817,-0.443604,1601,13,13,29,0
-1816,-0.443359,1601,13,13,29,0
-1815,-0.443115,1602,15,12,30,0
-1814,-0.442871,1602,12,12,27,0
-1813,-0.442627,1602,12,13,28,0
-1812,-0.442383,1602,12,13,28,0
-1811,-0.442139,1602,17,13,33,0
-1810,-0.441895,1603,13,11,27,0
-1809,-0.441650,1603,13,13,29,0
-1808,-0.441406,1603,13,13,29,0
-1807,-0.441162,1603,17,13,33,0
-1806,-0.440918,1604,12,12,27,0
-1805,-0.440674,1604,12,12,27,0
-1804,-0.440430,1604,12,13,28,0
-1803,-0.440186,1604,12,13,28,0
-1802,-0.439941,1605,13,11,27,0
-1801,-0.439697,1605,13,11,27,0
-1800,-0.439453,1605,13,13,29,0
-1799,-0.439209,1605,16,13,32,0
-1798,-0.438965,1606,12,12,27,0
-1797,-0.438721,1606,12,12,27,0
-1796,-0.438477,1606,12,13,28,0
-1795,-0.438232,1606,12,13,28,0
-1794,-0.437988,1607,12,11,26,0
-1793,-0.437744,1607,12,11,26,0
-1792,-0.437500,1607,12,13,28,0
-1791,-0.437256,1607,12,13,28,0
-1790,-0.437012,1608,16,12,31,0
-1789,-0.436768,1608,13,12,28,0
-1788,-0.436523,1608,13,12,28,0
-1787,-0.436279,1608,13,13,29,0
-1786,-0.436035,1609,16,11,30,0
-1785,-0.435791,1609,12,11,26,0
-1784,-0.435547,1609,12,11,26,0
-1783,-0.435303,1609,12,13,28,0
-1782,-0.435059,1609,17,13,33,0
-1781,-0.434814,1610,13,12,28,0
-1780,-0.434570,1610,13,12,28,0
-1779,-0.434326,1610,13,13,29,0
-1778,-0.434082,1610,17,13,33,0
-1777,-0.433838,1611,12,11,26,0
-1776,-0.433594,1611,12,11,26,0
-1775,-0.433350,1611,12,13,28,0
-1774,-0.433105,1611,14,13,30,0
-1773,-0.432861,1612,15,12,30,0
-1772,-0.432617,1612,13,12,28,0
-1771,-0.432373,1612,13,12,28,0
-1770,-0.432129,1612,14,13,30,0
-1769,-0.431885,1612,17,13,33,0
-1768,-0.431641,1613,12,11,26,0
-1767,-0.431396,1613,12,11,26,0
-1766,-0.431152,1613,14,13,30,0
-1765,-0.430908,1613,17,13,33,0
-1764,-0.430664,1614,13,12,28,0
-1763,-0.430420,1614,13,12,28,0
-1762,-0.430176,1614,14,13,30,0
-1761,-0.429932,1614,17,13,33,0
-1760,-0.429688,1615,12,11,26,0
-1759,-0.429443,1615,12,11,26,0
-1758,-0.429199,1615,14,13,30,0
-1757,-0.428955,1615,16,13,32,0
-1756,-0.428711,1616,13,12,28,0
-1755,-0.428467,1616,13,12,28,0
-1754,-0.428223,1616,14,13,30,0
-1753,-0.427979,1616,16,13,32,0
-1752,-0.427734,1617,12,11,26,0
-1751,-0.427490,1617,12,11,26,0
-1750,-0.427246,1617,12,13,28,0
-1749,-0.427002,1617,12,13,28,0
-1748,-0.426758,1618,16,12,31,0
-1747,-0.426514,1618,14,12,29,0
-1746,-0.426270,1618,13,13,29,0
-1745,-0.426025,1618,13,13,29,0
-1744,-0.425781,1619,16,11,30,0
-1743,-0.425537,1619,14,11,28,0
-1742,-0.425293,1619,12,13,28,0
-1741,-0.425049,1619,12,13,28,0
-1740,-0.424805,1619,15,13,31,0
-1739,-0.424561,1620,14,12,29,0
-1738,-0.424316,1620,13,13,29,0
-1737,-0.424072,1620,13,13,29,0
-1736,-0.423828,1620,15,13,31,0
-1735,-0.423584,1621,14,11,28,0
-1734,-0.423340,1621,12,11,26,0
-1733,-0.423096,1621,12,13,28,0
-1732,-0.422852,1621,15,13,31,0
-1731,-0.422607,1622,14,12,29,0
-1730,-0.422363,1622,13,12,32,0
-1729,-0.422119,1622,13,13,29,0
-1728,-0.421875,1622,13,13,29,0
-1727,-0.421631,1623,15,11,29,0
-1726,-0.421387,1623,12,11,26,0
-1725,-0.421143,1623,12,13,28,0
-1724,-0.420898,1623,12,13,28,0
-1723,-0.420654,1623,17,13,33,0
-1722,-0.420410,1624,13,12,32,0
-1721,-0.420166,1624,13,13,29,0
-1720,-0.419922,1624,13,13,29,0
-1719,-0.419678,1624,17,13,33,0
-1718,-0.419434,1625,12,11,26,0
-1717,-0.419189,1625,12,11,26,0
-1716,-0.418945,1625,12,13,28,0
-1715,-0.418701,1625,16,13,32,0
-1714,-0.418457,1626,13,12,32,0
-1713,-0.418213,1626,13,12,32,0
-1712,-0.417969,1626,13,13,29,0
-1711,-0.417725,1626,16,13,32,0
-1710,-0.417480,1627,12,11,26,0
-1709,-0.417236,1627,12,11,26,0
-1708,-0.416992,1627,12,13,28,0
-1707,-0.416748,1627,12,13,28,0
-1706,-0.416504,1628,11,12,26,0
-1705,-0.416260,1628,11,12,26,0
-1704,-0.416016,1628,11,13,27,0
-1703,-0.415771,1628,11,13,27,0
-1702,-0.415527,1629,16,11,30,0
-1701,-0.415283,1629,13,11,27,0
-1700,-0.415039,1629,13,13,29,0
-1699,-0.414795,1629,13,13,29,0
-1698,-0.414551,1630,12,12,31,0
-1697,-0.414307,1630,12,12,31,0
-1696,-0.414062,1630,12,13,28,0
-1695,-0.413818,1630,12,13,28,0
-1694,-0.413574,1630,17,13,33,0
-1693,-0.413330,1631,13,11,27,0
-1692,-0.413086,1631,13,11,27,0
-1691,-0.412842,1631,13,13,29,0
-1690,-0.412598,1632,16,12,31,0
-1689,-0.412354,1632,12,12,31,0
-1688,-0.412109,1632,12,12,31,0
-1687,-0.411865,1632,12,13,28,0
-1686,-0.411621,1632,14,13,30,0
-1685,-0.411377,1633,15,11,29,0
-1684,-0.411133,1633,13,11,27,0
-1683,-0.410889,1633,13,13,29,0
-1682,-0.410645,1633,15,13,31,0
-1681,-0.410400,1634,12,12,31,0
-1680,-0.410156,1634,12,12,31,0
-1679,-0.409912,1634,12,13,28,0
-1678,-0.409668,1634,14,13,30,0
-1677,-0.409424,1634,17,13,33,0
-1676,-0.409180,1635,13,11,27,0
-1675,-0.408936,1635,13,11,27,0
-1674,-0.408691,1635,14,13,30,0
-1673,-0.408447,1636,15,12,30,0
-1672,-0.408203,1636,12,12,31,0
-1671,-0.407959,1636,12,12,31,0
-1670,-0.407715,1636,14,13,30,0
-1669,-0.407471,1636,16,13,32,0
-1668,-0.407227,1637,13,11,27,0
-1667,-0.406982,1637,13,11,27,0
-1666,-0.406738,1637,14,13,30,0
-1665,-0.406494,1637,16,13,32,0
-1664,-0.406250,1638,12,12,31,0
-1663,-0.406006,1638,12,12,31,0
-1662,-0.405762,1638,12,13,28,0
-1661,-0.405518,1638,12,13,28,0
-1660,-0.405273,1639,16,11,30,0
-1659,-0.405029,1639,14,11,28,0
-1658,-0.404785,1639,13,13,29,0
-1657,-0.404541,1639,13,13,29,0
-1656,-0.404297,1640,16,12,31,0
-1655,-0.404053,1640,14,12,29,0
-1654,-0.403809,1640,12,13,28,0
-1653,-0.403564,1640,12,13,28,0
-1652,-0.403320,1640,15,13,31,0
-1651,-0.403076,1641,14,11,28,0
-1650,-0.402832,1641,13,13,29,0
-1649,-0.402588,1641,13,13,29,0
-1648,-0.402344,1641,17,13,33,0
-1647,-0.402100,1642,14,12,29,0
-1646,-0.401855,1642,12,12,27,0
-1645,-0.401611,1642,12,13,28,0
-1644,-0.401367,1642,12,13,28,0
-1643,-0.401123,1643,15,11,29,0
-1642,-0.400879,1643,13,11,27,0
-1641,-0.400635,1643,13,13,29,0
-1640,-0.400391,1643,15,13,31,0
-1639,-0.400146,1644,14,12,29,0
-1638,-0.399902,1644,12,12,27,0
-1637,-0.399658,1644,12,13,28,0
-1636,-0.399414,1644,12,13,28,0
-1635,-0.399170,1644,17,13,33,0
-1634,-0.398926,1645,13,13,29,0
-1633,-0.398682,1645,13,13,29,0
-1632,-0.398438,1645,15,13,31,0
-1631,-0.398193,1646,14,12,29,0
-1630,-0.397949,1646,12,12,27,0
-1629,-0.397705,1646,12,13,28,0
-1628,-0.397461,1646,12,13,28,0
-1627,-0.397217,1647,15,11,29,0
-1626,-0.396973,1647,13,11,27,0
-1625,-0.396729,1647,13,13,29,0
-1624,-0.396484,1647,15,13,31,0
-1623,-0.396240,1648,14,12,29,0
-1622,-0.395996,1648,12,12,27,0
-1621,-0.395752,1648,12,13,28,0
-1620,-0.395508,1648,12,13,28,0
-1619,-0.395264,1648,16,13,32,0
-1618,-0.395020,1649,13,11,27,0
-1617,-0.394775,1649,13,13,29,0
-1616,-0.394531,1649,13,13,29,0
-1615,-0.394287,1650,15,12,30,0
-1614,-0.394043,1650,12,12,27,0
-1613,-0.393799,1650,12,13,28,0
-1612,-0.393555,1650,12,13,28,0
-1611,-0.393311,1650,12,13,28,0
-1610,-0.393066,1651,13,11,27,0
-1609,-0.392822,1651,13,11,27,0
-1608,-0.392578,1651,13,13,29,0
-1607,-0.392334,1651,16,13,32,0
-1606,-0.392090,1652,12,12,27,0
-1605,-0.391846,1652,12,12,27,0
-1604,-0.391602,1652,12,13,28,0
-1603,-0.391357,1652,12,13,28,0
-1602,-0.391113,1653,13,11,27,0
-1601,-0.390869,1653,13,11,27,0
-1600,-0.390625,1653,13,13,29,0
-1599,-0.390381,1653,16,13,32,0
-1598,-0.390137,1654,11,12,30,0
-1597,-0.389893,1654,11,12,30,0
-1596,-0.389648,1654,11,13,27,0
-1595,-0.389404,1654,11,13,27,0
-1594,-0.389160,1655,12,11,26,0
-1593,-0.388916,1655,12,11,26,0
-1592,-0.388672,1655,12,13,28,0
-1591,-0.388428,1655,12,13,28,0
-1590,-0.388184,1656,13,12,28,0
-1589,-0.387939,1656,13,12,28,0
-1588,-0.387695,1656,13,12,28,0
-1587,-0.387451,1656,13,13,29,0
-1586,-0.387207,1657,16,11,30,0
-1585,-0.386963,1657,12,11,26,0
-1584,-0.386719,1657,12,11,26,0
-1583,-0.386475,1657,12,13,28,0
-1582,-0.386230,1658,16,12,31,0
-1581,-0.385986,1658,13,12,28,0
-1580,-0.385742,1658,13,12,28,0
-1579,-0.385498,1658,13,13,29,0
-1578,-0.385254,1658,17,13,33,0
-1577,-0.385010,1659,12,11,26,0
-1576,-0.384766,1659,12,11,26,0
-1575,-0.384521,1659,12,13,28,0
-1574,-0.384277,1659,15,13,31,0
-1573,-0.384033,1660,13,12,28,0
-1572,-0.383789,1660,13,12,28,0
-1571,-0.383545,1660,13,13,29,0
-1570,-0.383301,1661,16,11,30,0
-1569,-0.383057,1661,12,11,26,0
-1568,-0.382812,1661,12,11,26,0
-1567,-0.382568,1661,12,13,28,0
-1566,-0.382324,1661,17,13,33,0
-1565,-0.382080,1662,13,12,28,0
-1564,-0.381836,1662,13,12,28,0
-1563,-0.381592,1662,13,13,29,0
-1562,-0.381348,1662,17,13,33,0
-1561,-0.381104,1663,12,11,26,0
-1560,-0.380859,1663,12,11,26,0
-1559,-0.380615,1663,12,13,28,0
-1558,-0.380371,1663,15,13,31,0
-1557,-0.380127,1664,13,12,28,0
-1556,-0.379883,1664,13,12,28,0
-1555,-0.379639,1664,13,12,28,0
-1554,-0.379395,1664,13,13,29,0
-1553,-0.379150,1664,13,13,29,0
-1552,-0.378906,1664,17,13,33,0
-1551,-0.378662,1665,14,11,28,0
-1550,-0.378418,1665,12,13,28,0
-1549,-0.378174,1665,12,13,28,0
-1548,-0.377930,1665,15,13,31,0
-1547,-0.377686,1666,14,12,29,0
-1546,-0.377441,1666,13,12,32,0
-1545,-0.377197,1666,13,13,29,0
-1544,-0.376953,1666,15,13,31,0
-1543,-0.376709,1667,14,11,28,0
-1542,-0.376465,1667,12,11,26,0
-1541,-0.376221,1667,12,13,28,0
-1540,-0.375977,1667,12,13,28,0
-1539,-0.375732,1668,15,12,30,0
-1538,-0.375488,1668,13,13,29,0
-1537,-0.375244,1668,13,13,29,0
-1536,-0.375000,1668,15,13,31,0
-1535,-0.374756,1669,14,11,28,0
-1534,-0.374512,1669,12,11,26,0
-1533,-0.374268,1669,12,13,28,0
-1532,-0.374023,1669,15,13,31,0
-1531,-0.373779,1670,14,12,29,0
-1530,-0.373535,1670,13,12,32,0
-1529,-0.373291,1670,13,13,29,0
-1528,-0.373047,1670,13,13,29,0
-1527,-0.372803,1671,15,11,29,0
-1526,-0.372559,1671,12,11,26,0
-1525,-0.372314,1671,12,13,28,0
-1524,-0.372070,1671,12,13,28,0
-1523,-0.371826,1671,17,13,33,0
-1522,-0.371582,1672,13,12,32,0
-1521,-0.371338,1672,13,13,29,0
-1520,-0.371094,1672,13,13,29,0
-1519,-0.370850,1672,16,13,32,0
-1518,-0.370605,1673,12,11,26,0
-1517,-0.370361,1673,12,11,26,0
-1516,-0.370117,1673,12,13,28,0
-1515,-0.369873,1673,12,13,28,0
-1514,-0.369629,1674,13,12,32,0
-1513,-0.369385,1674,13,12,32,0
-1512,-0.369141,1674,13,13,29,0
-1511,-0.368896,1674,13,13,29,0
-1510,-0.368652,1675,12,11,26,0
-1509,-0.368408,1675,12,11,26,0
-1508,-0.368164,1675,12,13,28,0
-1507,-0.367920,1675,12,13,28,0
-1506,-0.367676,1676,13,12,32,0
-1505,-0.367432,1676,13,13,29,0
-1504,-0.367188,1676,13,13,29,0
-1503,-0.366943,1677,15,11,29,0
-1502,-0.366699,1677,12,11,26,0
-1501,-0.366455,1677,12,13,28,0
-1500,-0.366211,1677,12,13,28,0
-1499,-0.365967,1677,17,13,33,0
-1498,-0.365723,1678,13,12,32,0
-1497,-0.365479,1678,13,13,29,0
-1496,-0.365234,1678,13,13,29,0
-1495,-0.364990,1678,16,13,32,0
-1494,-0.364746,1679,12,11,26,0
-1493,-0.364502,1679,12,11,26,0
-1492,-0.364258,1679,12,13,28,0
-1491,-0.364014,1679,16,13,32,0
-1490,-0.363770,1680,12,12,31,0
-1489,-0.363525,1680,12,12,31,0
-1488,-0.363281,1680,12,13,28,0
-1487,-0.363037,1680,12,13,28,0
-1486,-0.362793,1681,16,11,30,0
-1485,-0.362549,1681,13,11,27,0
-1484,-0.362305,1681,13,11,27,0
-1483,-0.362061,1681,13,13,29,0
-1482,-0.361816,1681,17,13,33,0
-1481,-0.361572,1682,12,12,31,0
-1480,-0.361328,1682,12,12,31,0
-1479,-0.361084,1682,12,13,28,0
-1478,-0.360840,1682,15,13,31,0
-1477,-0.360596,1683,13,11,27,0
-1476,-0.360352,1683,13,11,27,0
-1475,-0.360107,1683,13,13,29,0
-1474,-0.359863,1684,16,12,31,0
-1473,-0.359619,1684,12,12,31,0
-1472,-0.359375,1684,12,12,31,0
-1471,-0.359131,1684,12,13,28,0
-1470,-0.358887,1684,15,13,31,0
-1469,-0.358643,1685,13,11,27,0
-1468,-0.358398,1685,13,11,27,0
-1467,-0.358154,1685,13,13,29,0
-1466,-0.357910,1685,15,13,31,0
-1465,-0.357666,1686,12,12,31,0
-1464,-0.357422,1686,12,12,31,0
-1463,-0.357178,1686,12,13,28,0
-1462,-0.356934,1686,15,13,31,0
-1461,-0.356689,1687,13,11,27,0
-1460,-0.356445,1687,13,11,27,0
-1459,-0.356201,1687,13,13,29,0
-1458,-0.355957,1687,15,13,31,0
-1457,-0.355713,1688,12,12,31,0
-1456,-0.355469,1688,12,12,31,0
-1455,-0.355225,1688,12,13,28,0
-1454,-0.354980,1688,14,13,30,0
-1453,-0.354736,1688,16,13,32,0
-1452,-0.354492,1689,13,11,27,0
-1451,-0.354248,1689,13,11,27,0
-1450,-0.354004,1689,14,13,30,0
-1449,-0.353760,1689,16,13,32,0
-1448,-0.353516,1690,12,12,31,0
-1447,-0.353271,1690,12,12,31,0
-1446,-0.353027,1690,14,13,30,0
-1445,-0.352783,1690,16,13,32,0
-1444,-0.352539,1691,13,11,27,0
-1443,-0.352295,1691,13,11,27,0
-1442,-0.352051,1691,15,13,31,0
-1441,-0.351807,1692,12,12,31,0
-1440,-0.351562,1692,12,12,31,0
-1439,-0.351318,1692,12,12,31,0
-1438,-0.351074,1692,14,13,30,0
-1437,-0.350830,1693,18,11,32,0
-1436,-0.350586,1693,13,11,27,0
-1435,-0.350342,1693,13,11,27,0
-1434,-0.350098,1693,14,13,30,0
-1433,-0.349854,1693,17,13,33,0
-1432,-0.349609,1694,12,12,31,0
-1431,-0.349365,1694,12,12,31,0
-1430,-0.349121,1694,14,13,30,0
-1429,-0.348877,1694,16,13,32,0
-1428,-0.348633,1695,13,11,27,0
-1427,-0.348389,1695,13,11,27,0
-1426,-0.348145,1695,14,13,30,0
-1425,-0.347900,1695,16,13,32,0
-1424,-0.347656,1696,12,12,27,0
-1423,-0.347412,1696,12,12,27,0
-1422,-0.347168,1696,12,13,28,0
-1421,-0.346924,1696,12,13,28,0
-1420,-0.346680,1696,15,13,31,0
-1419,-0.346436,1697,14,11,28,0
-1418,-0.346191,1697,13,11,27,0
-1417,-0.345947,1697,13,13,29,0
-1416,-0.345703,1697,15,13,31,0
-1415,-0.345459,1698,14,12,29,0
-1414,-0.345215,1698,12,12,27,0
-1413,-0.344971,1698,12,13,28,0
-1412,-0.344727,1698,15,13,31,0
-1411,-0.344482,1699,14,11,28,0
-1410,-0.344238,1699,13,13,29,0
-1409,-0.343994,1699,13,13,29,0
-1408,-0.343750,1699,18,13,34,0
-1407,-0.343506,1700,14,12,29,0
-1406,-0.343262,1700,12,12,27,0
-1405,-0.343018,1700,12,13,28,0
-1404,-0.342773,1700,15,13,31,0
-1403,-0.342529,1701,14,11,28,0
-1402,-0.342285,1701,13,11,27,0
-1401,-0.342041,1701,13,13,29,0
-1400,-0.341797,1701,15,13,31,0
-1399,-0.341553,1702,14,12,29,0
-1398,-0.341309,1702,12,12,27,0
-1397,-0.341064,1702,12,13,28,0
-1396,-0.340820,1702,12,13,28,0
-1395,-0.340576,1703,15,11,29,0
-1394,-0.340332,1703,13,11,27,0
-1393,-0.340088,1703,13,13,29,0
-1392,-0.339844,1703,15,13,31,0
-1391,-0.339600,1704,14,12,29,0
-1390,-0.339355,1704,12,12,27,0
-1389,-0.339111,1704,12,13,28,0
-1388,-0.338867,1704,12,13,28,0
-1387,-0.338623,1704,16,13,32,0
-1386,-0.338379,1705,13,11,27,0
-1385,-0.338135,1705,13,11,27,0
-1384,-0.337891,1705,13,13,29,0
-1383,-0.337646,1705,16,13,32,0
-1382,-0.337402,1706,12,12,27,0
-1381,-0.337158,1706,12,12,27,0
-1380,-0.336914,1706,12,13,28,0
-1379,-0.336670,1706,12,13,28,0
-1378,-0.336426,1707,13,13,29,0
-1377,-0.336182,1707,13,13,29,0
-1376,-0.335938,1708,18,12,33,0
-1375,-0.335693,1708,14,12,29,0
-1374,-0.335449,1708,12,12,27,0
-1373,-0.335205,1708,12,13,28,0
-1372,-0.334961,1708,12,13,28,0
-1371,-0.334717,1709,15,11,29,0
-1370,-0.334473,1709,13,11,27,0
-1369,-0.334229,1709,13,13,29,0
-1368,-0.333984,1709,13,13,29,0
-1367,-0.333740,1710,15,12,30,0
-1366,-0.333496,1710,12,12,27,0
-1365,-0.333252,1710,12,13,28,0
-1364,-0.333008,1710,12,13,28,0
-1363,-0.332764,1711,15,11,29,0
-1362,-0.332520,1711,13,11,27,0
-1361,-0.332275,1711,13,13,29,0
-1360,-0.332031,1711,13,13,29,0
-1359,-0.331787,1712,15,12,30,0
-1358,-0.331543,1712,12,12,27,0
-1357,-0.331299,1712,12,13,28,0
-1356,-0.331055,1712,12,13,28,0
-1355,-0.330811,1712,12,13,28,0
-1354,-0.330566,1713,13,11,27,0
-1353,-0.330322,1713,13,11,27,0
-1352,-0.330078,1713,13,13,29,0
-1351,-0.329834,1713,13,13,29,0
-1350,-0.329590,1714,12,12,27,0
-1349,-0.329346,1714,12,12,27,0
-1348,-0.329102,1714,12,13,28,0
-1347,-0.328857,1714,12,13,28,0
-1346,-0.328613,1715,13,11,27,0
-1345,-0.328369,1715,13,13,29,0
-1344,-0.328125,1715,13,13,29,0
-1343,-0.327881,1715,17,13,33,0
-1342,-0.327637,1716,12,12,27,0
-1341,-0.327393,1716,12,12,27,0
-1340,-0.327148,1716,12,13,28,0
-1339,-0.326904,1716,16,13,32,0
-1338,-0.326660,1717,13,11,27,0
-1337,-0.326416,1717,13,11,27,0
-1336,-0.326172,1717,13,13,29,0
-1335,-0.325928,1717,13,13,29,0
-1334,-0.325684,1718,12,12,27,0
-1333,-0.325439,1718,12,12,27,0
-1332,-0.325195,1718,12,13,28,0
-1331,-0.324951,1718,12,13,28,0
-1330,-0.324707,1719,13,11,27,0
-1329,-0.324463,1719,13,11,27,0
-1328,-0.324219,1719,13,13,29,0
-1327,-0.323975,1719,13,13,29,0
-1326,-0.323730,1720,11,12,30,0
-1325,-0.323486,1720,11,12,30,0
-1324,-0.323242,1720,11,13,27,0
-1323,-0.322998,1720,11,13,27,0
-1322,-0.322754,1720,15,13,31,0
-1321,-0.322510,1721,12,11,26,0
-1320,-0.322266,1721,12,11,26,0
-1319,-0.322021,1721,12,13,28,0
-1318,-0.321777,1721,15,13,31,0
-1317,-0.321533,1722,13,12,28,0
-1316,-0.321289,1722,13,12,28,0
-1315,-0.321045,1722,13,13,29,0
-1314,-0.320801,1723,12,11,26,0
-1313,-0.320557,1723,12,11,26,0
-1312,-0.320312,1723,12,13,28,0
-1311,-0.320068,1723,12,13,28,0
-1310,-0.319824,1724,16,12,31,0
-1309,-0.319580,1724,13,12,28,0
-1308,-0.319336,1724,13,12,28,0
-1307,-0.319092,1724,13,13,29,0
-1306,-0.318848,1724,15,13,31,0
-1305,-0.318604,1725,12,11,26,0
-1304,-0.318359,1725,12,11,26,0
-1303,-0.318115,1725,12,13,28,0
-1302,-0.317871,1725,15,13,31,0
-1301,-0.317627,1726,13,12,28,0
-1300,-0.317383,1726,13,12,28,0
-1299,-0.317139,1726,13,13,29,0
-1298,-0.316895,1726,15,13,31,0
-1297,-0.316650,1727,12,11,26,0
-1296,-0.316406,1727,12,11,26,0
-1295,-0.316162,1727,12,13,28,0
-1294,-0.315918,1727,15,13,31,0
-1293,-0.315674,1728,13,12,28,0
-1292,-0.315430,1728,13,12,28,0
-1291,-0.315186,1728,13,12,28,0
-1290,-0.314941,1728,14,13,30,0
-1289,-0.314697,1728,16,13,32,0
-1288,-0.314453,1729,12,11,26,0
-1287,-0.314209,1729,12,11,26,0
-1286,-0.313965,1729,12,13,28,0
-1285,-0.313721,1729,12,13,28,0
-1284,-0.313477,1730,16,12,31,0
-1283,-0.313232,1730,14,12,29,0
-1282,-0.312988,1730,14,13,30,0
-1281,-0.312744,1731,15,11,29,0
-1280,-0.312500,1731,12,11,26,0
-1279,-0.312256,1731,12,11,26,0
-1278,-0.312012,1731,14,13,30,0
-1277,-0.311768,1731,17,13,33,0
-1276,-0.311523,1732,13,12,28,0
-1275,-0.311279,1732,13,12,28,0
-1274,-0.311035,1732,14,13,30,0
-1273,-0.310791,1732,16,13,32,0
-1272,-0.310547,1733,12,11,26,0
-1271,-0.310303,1733,12,11,26,0
-1270,-0.310059,1733,12,13,28,0
-1269,-0.309814,1733,12,13,28,0
-1268,-0.309570,1734,16,12,31,0
-1267,-0.309326,1734,14,12,29,0
-1266,-0.309082,1734,14,13,30,0
-1265,-0.308838,1734,16,13,32,0
-1264,-0.308594,1735,12,11,26,0
-1263,-0.308350,1735,12,11,26,0
-1262,-0.308105,1735,12,13,28,0
-1261,-0.307861,1735,12,13,28,0
-1260,-0.307617,1736,16,12,31,0
-1259,-0.307373,1736,14,12,29,0
-1258,-0.307129,1736,13,13,29,0
-1257,-0.306885,1736,13,13,29,0
-1256,-0.306641,1736,15,13,31,0
-1255,-0.306396,1737,14,11,28,0
-1254,-0.306152,1737,12,11,26,0
-1253,-0.305908,1737,12,13,28,0
-1252,-0.305664,1737,12,13,28,0
-1251,-0.305420,1738,15,12,30,0
-1250,-0.305176,1738,13,13,29,0
-1249,-0.304932,1738,13,13,29,0
-1248,-0.304688,1739,16,11,30,0
-1247,-0.304443,1739,14,11,28,0
-1246,-0.304199,1739,12,13,28,0
-1245,-0.303955,1739,12,13,28,0
-1244,-0.303711,1739,18,13,34,0
-1243,-0.303467,1740,14,12,29,0
-1242,-0.303223,1740,13,12,32,0
-1241,-0.302979,1740,13,13,29,0
-1240,-0.302734,1740,15,13,31,0
-1239,-0.302490,1741,14,11,28,0
-1238,-0.302246,1741,12,11,26,0
-1237,-0.302002,1741,12,13,28,0
-1236,-0.301758,1741,12,13,28,0
-1235,-0.301514,1742,15,12,30,0
-1234,-0.301270,1742,13,12,32,0
-1233,-0.301025,1742,13,13,29,0
-1232,-0.300781,1742,15,13,31,0
-1231,-0.300537,1743,14,11,28,0
-1230,-0.300293,1743,12,11,26,0
-1229,-0.300049,1743,12,13,28,0
-1228,-0.299805,1743,15,13,31,0
-1227,-0.299561,1744,14,12,29,0
-1226,-0.299316,1744,13,12,32,0
-1225,-0.299072,1744,13,13,29,0
-1224,-0.298828,1744,13,13,29,0
-1223,-0.298584,1744,16,13,32,0
-1222,-0.298340,1745,12,11,26,0
-1221,-0.298096,1745,12,11,26,0
-1220,-0.297852,1745,12,13,28,0
-1219,-0.297607,1745,16,13,32,0
-1218,-0.297363,1746,13,12,32,0
-1217,-0.297119,1746,13,13,29,0
-1216,-0.296875,1746,13,13,29,0
-1215,-0.296631,1747,15,11,29,0
-1214,-0.296387,1747,12,11,26,0
-1213,-0.296143,1747,12,13,28,0
-1212,-0.295898,1747,12,13,28,0
-1211,-0.295654,1748,15,12,30,0
-1210,-0.295410,1748,13,12,32,0
-1209,-0.295166,1748,13,13,29,0
-1208,-0.294922,1748,13,13,29,0
-1207,-0.294678,1748,16,13,32,0
-1206,-0.294434,1749,12,11,26,0
-1205,-0.294189,1749,12,11,26,0
-1204,-0.293945,1749,12,13,28,0
-1203,-0.293701,1749,16,13,32,0
-1202,-0.293457,1750,13,12,32,0
-1201,-0.293213,1750,13,12,32,0
-1200,-0.292969,1750,13,13,29,0
-1199,-0.292725,1750,16,13,32,0
-1198,-0.292480,1751,12,11,26,0
-1197,-0.292236,1751,12,11,26,0
-1196,-0.291992,1751,12,13,28,0
-1195,-0.291748,1751,16,13,32,0
-1194,-0.291504,1752,11,12,26,0
-1193,-0.291260,1752,11,12,26,0
-1192,-0.291016,1752,11,13,27,0
-1191,-0.290771,1752,11,13,27,0
-1190,-0.290527,1753,16,11,30,0
-1189,-0.290283,1753,13,11,27,0
-1188,-0.290039,1753,13,13,29,0
-1187,-0.289795,1753,13,13,29,0
-1186,-0.289551,1754,13,12,32,0
-1185,-0.289307,1754,13,12,32,0
-1184,-0.289062,1754,13,13,29,0
-1183,-0.288818,1754,16,13,32,0
-1182,-0.288574,1755,12,11,26,0
-1181,-0.288330,1755,12,11,26,0
-1180,-0.288086,1755,12,13,28,0
-1179,-0.287842,1755,16,13,32,0
-1178,-0.287598,1756,11,12,26,0
-1177,-0.287354,1756,11,12,26,0
-1176,-0.287109,1756,11,13,27,0
-1175,-0.286865,1756,11,13,27,0
-1174,-0.286621,1757,16,11,30,0
-1173,-0.286377,1757,13,11,27,0
-1172,-0.286133,1757,13,13,29,0
-1171,-0.285889,1757,13,13,29,0
-1170,-0.285645,1758,12,12,31,0
-1169,-0.285400,1758,12,12,31,0
-1168,-0.285156,1758,12,13,28,0
-1167,-0.284912,1758,12,13,28,0
-1166,-0.284668,1759,16,11,30,0
-1165,-0.284424,1759,13,11,27,0
-1164,-0.284180,1759,13,13,29,0
-1163,-0.283936,1759,13,13,29,0
-1162,-0.283691,1760,16,12,31,0
-1161,-0.283447,1760,12,12,31,0
-1160,-0.283203,1760,12,12,31,0
-1159,-0.282959,1760,12,13,28,0
-1158,-0.282715,1760,15,13,31,0
-1157,-0.282471,1761,13,11,27,0
-1156,-0.282227,1761,13,11,27,0
-1155,-0.281982,1761,13,13,29,0
-1154,-0.281738,1762,16,12,31,0
-1153,-0.281494,1762,12,12,31,0
-1152,-0.281250,1762,12,13,28,0
-1151,-0.281006,1762,12,13,28,0
-1150,-0.280762,1763,16,11,30,0
-1149,-0.280518,1763,13,11,27,0
-1148,-0.280273,1763,13,11,27,0
-1147,-0.280029,1763,13,13,29,0
-1146,-0.279785,1763,18,13,34,0
-1145,-0.279541,1764,12,12,31,0
-1144,-0.279297,1764,12,12,31,0
-1143,-0.279053,1764,12,13,28,0
-1142,-0.278809,1764,15,13,31,0
-1141,-0.278564,1765,13,11,27,0
-1140,-0.278320,1765,13,11,27,0
-1139,-0.278076,1765,13,13,29,0
-1138,-0.277832,1765,15,13,31,0
-1137,-0.277588,1766,12,12,31,0
-1136,-0.277344,1766,12,12,31,0
-1135,-0.277100,1766,12,13,28,0
-1134,-0.276855,1766,15,13,31,0
-1133,-0.276611,1767,13,11,27,0
-1132,-0.276367,1767,13,11,27,0
-1131,-0.276123,1767,13,13,29,0
-1130,-0.275879,1767,15,13,31,0
-1129,-0.275635,1768,12,12,31,0
-1128,-0.275391,1768,12,12,31,0
-1127,-0.275146,1768,12,13,28,0
-1126,-0.274902,1768,14,13,30,0
-1125,-0.274658,1768,16,13,32,0
-1124,-0.274414,1769,13,11,27,0
-1123,-0.274170,1769,13,11,27,0
-1122,-0.273926,1769,17,13,33,0
-1121,-0.273682,1770,12,12,31,0
-1120,-0.273438,1770,12,12,31,0
-1119,-0.273193,1770,12,13,28,0
-1118,-0.272949,1770,18,13,34,0
-1117,-0.272705,1771,13,11,27,0
-1116,-0.272461,1771,13,13,29,0
-1115,-0.272217,1771,13,13,29,0
-1114,-0.271973,1772,16,12,31,0
-1113,-0.271729,1772,12,12,31,0
-1112,-0.271484,1772,12,12,31,0
-1111,-0.271240,1772,12,13,28,0
-1110,-0.270996,1772,15,13,31,0
-1109,-0.270752,1773,13,11,27,0
-1108,-0.270508,1773,13,11,27,0
-1107,-0.270264,1773,13,13,29,0
-1106,-0.270020,1773,17,13,33,0
-1105,-0.269775,1774,12,12,31,0
-1104,-0.269531,1774,12,12,31,0
-1103,-0.269287,1774,12,13,28,0
-1102,-0.269043,1774,15,13,31,0
-1101,-0.268799,1775,13,11,27,0
-1100,-0.268555,1775,13,11,27,0
-1099,-0.268311,1775,13,13,29,0
-1098,-0.268066,1775,15,13,31,0
-1097,-0.267822,1776,12,12,31,0
-1096,-0.267578,1776,12,12,31,0
-1095,-0.267334,1776,12,13,28,0
-1094,-0.267090,1776,14,13,30,0
-1093,-0.266846,1776,17,13,33,0
-1092,-0.266602,1777,13,11,27,0
-1091,-0.266357,1777,13,11,27,0
-1090,-0.266113,1777,14,13,30,0
-1089,-0.265869,1778,15,12,30,0
-1088,-0.265625,1778,12,12,31,0
-1087,-0.265381,1778,12,12,31,0
-1086,-0.265137,1778,14,13,30,0
-1085,-0.264893,1778,17,13,33,0
-1084,-0.264648,1779,13,11,27,0
-1083,-0.264404,1779,13,11,27,0
-1082,-0.264160,1779,14,13,30,0
-1081,-0.263916,1779,17,13,33,0
-1080,-0.263672,1780,12,12,31,0
-1079,-0.263428,1780,12,12,31,0
-1078,-0.263184,1780,14,13,30,0
-1077,-0.262939,1780,16,13,32,0
-1076,-0.262695,1781,13,11,27,0
-1075,-0.262451,1781,13,11,27,0
-1074,-0.262207,1781,14,13,30,0
-1073,-0.261963,1781,16,13,32,0
-1072,-0.261719,1782,12,12,31,0
-1071,-0.261475,1782,12,12,31,0
-1070,-0.261230,1782,14,13,30,0
-1069,-0.260986,1782,16,13,32,0
-1068,-0.260742,1783,13,11,27,0
-1067,-0.260498,1783,13,11,27,0
-1066,-0.260254,1783,14,13,30,0
-1065,-0.260010,1783,16,13,32,0
-1064,-0.259766,1784,12,12,27,0
-1063,-0.259521,1784,12,12,27,0
-1062,-0.259277,1784,12,13,28,0
-1061,-0.259033,1784,12,13,28,0
-1060,-0.258789,1784,17,13,33,0
-1059,-0.258545,1785,14,11,28,0
-1058,-0.258301,1785,14,13,30,0
-1057,-0.258057,1785,16,13,32,0
-1056,-0.257812,1786,12,12,31,0
-1055,-0.257568,1786,12,12,31,0
-1054,-0.257324,1786,14,13,30,0
-1053,-0.257080,1786,16,13,32,0
-1052,-0.256836,1787,13,11,27,0
-1051,-0.256592,1787,13,11,27,0
-1050,-0.256348,1787,14,13,30,0
-1049,-0.256104,1787,16,13,32,0
-1048,-0.255859,1788,12,12,31,0
-1047,-0.255615,1788,12,12,31,0
-1046,-0.255371,1788,12,13,28,0
-1045,-0.255127,1788,12,13,28,0
-1044,-0.254883,1789,16,11,30,0
-1043,-0.254639,1789,14,11,28,0
-1042,-0.254395,1789,14,13,30,0
-1041,-0.254150,1789,16,13,32,0
-1040,-0.253906,1790,12,12,31,0
-1039,-0.253662,1790,12,12,31,0
-1038,-0.253418,1790,14,13,30,0
-1037,-0.253174,1790,16,13,32,0
-1036,-0.252930,1791,13,11,27,0
-1035,-0.252686,1791,13,11,27,0
-1034,-0.252441,1791,13,13,29,0
-1033,-0.252197,1791,13,13,29,0
-1032,-0.251953,1792,16,12,31,0
-1031,-0.251709,1792,14,12,29,0
-1030,-0.251465,1792,12,12,27,0
-1029,-0.251221,1792,12,13,28,0
-1028,-0.250977,1792,12,13,28,0
-1027,-0.250732,1792,16,13,32,0
-1026,-0.250488,1793,13,11,27,0
-1025,-0.250244,1793,13,13,29,0
-1024,-0.250000,1793,13,13,29,0
-1023,-0.249756,1794,15,12,30,0
-1022,-0.249512,1794,12,12,27,0
-1021,-0.249268,1794,12,13,28,0
-1020,-0.249023,1794,12,13,28,0
-1019,-0.248779,1794,18,13,34,0
-1018,-0.248535,1795,13,11,27,0
-1017,-0.248291,1795,13,13,29,0
-1016,-0.248047,1795,13,13,29,0
-1015,-0.247803,1795,17,13,33,0
-1014,-0.247559,1796,12,12,27,0
-1013,-0.247314,1796,12,12,27,0
-1012,-0.247070,1796,12,13,28,0
-1011,-0.246826,1796,16,13,32,0
-1010,-0.246582,1797,13,11,27,0
-1009,-0.246338,1797,13,11,27,0
-1008,-0.246094,1797,13,13,29,0
-1007,-0.245850,1797,16,13,32,0
-1006,-0.245605,1798,12,12,27,0
-1005,-0.245361,1798,12,12,27,0
-1004,-0.245117,1798,12,13,28,0
-1003,-0.244873,1798,16,13,32,0
-1002,-0.244629,1799,13,11,27,0
-1001,-0.244385,1799,13,11,27,0
-1000,-0.244141,1799,13,13,29,0
-999,-0.243896,1799,16,13,32,0
-998,-0.243652,1800,12,12,27,0
-997,-0.243408,1800,12,12,27,0
-996,-0.243164,1800,12,13,28,0
-995,-0.242920,1800,16,13,32,0
-994,-0.242676,1801,13,11,27,0
-993,-0.242432,1801,13,13,29,0
-992,-0.242188,1801,13,13,29,0
-991,-0.241943,1802,15,12,30,0
-990,-0.241699,1802,12,12,27,0
-989,-0.241455,1802,12,13,28,0
-988,-0.241211,1802,15,13,31,0
-987,-0.240967,1803,14,11,28,0
-986,-0.240723,1803,13,11,27,0
-985,-0.240479,1803,13,13,29,0
-984,-0.240234,1803,13,13,29,0
-983,-0.239990,1804,15,12,30,0
-982,-0.239746,1804,12,12,27,0
-981,-0.239502,1804,12,13,28,0
-980,-0.239258,1804,12,13,28,0
-979,-0.239014,1804,17,13,33,0
-978,-0.238770,1805,13,11,27,0
-977,-0.238525,1805,13,13,29,0
-976,-0.238281,1805,13,13,29,0
-975,-0.238037,1806,15,12,30,0
-974,-0.237793,1806,12,12,27,0
-973,-0.237549,1806,12,13,28,0
-972,-0.237305,1806,12,13,28,0
-971,-0.237061,1807,18,11,32,0
-970,-0.236816,1807,13,11,27,0
-969,-0.236572,1807,13,13,29,0
-968,-0.236328,1807,13,13,29,0
-967,-0.236084,1807,16,13,32,0
-966,-0.235840,1808,12,12,27,0
-965,-0.235596,1808,12,12,27,0
-964,-0.235352,1808,12,13,28,0
-963,-0.235107,1808,12,13,28,0
-962,-0.234863,1809,13,11,27,0
-961,-0.234619,1809,13,11,27,0
-960,-0.234375,1809,13,13,29,0
-959,-0.234131,1809,13,13,29,0
-958,-0.233887,1810,11,12,30,0
-957,-0.233643,1810,11,12,30,0
-956,-0.233398,1810,11,13,27,0
-955,-0.233154,1810,11,13,27,0
-954,-0.232910,1811,13,11,27,0
-953,-0.232666,1811,13,11,27,0
-952,-0.232422,1811,13,13,29,0
-951,-0.232178,1811,13,13,29,0
-950,-0.231934,1812,12,12,27,0
-949,-0.231689,1812,12,12,27,0
-948,-0.231445,1812,12,13,28,0
-947,-0.231201,1812,12,13,28,0
-946,-0.230957,1813,12,11,26,0
-945,-0.230713,1813,12,11,26,0
-944,-0.230469,1813,12,13,28,0
-943,-0.230225,1813,12,13,28,0
-942,-0.229980,1814,16,12,31,0
-941,-0.229736,1814,13,12,28,0
-940,-0.229492,1814,13,13,29,0
-939,-0.229248,1814,13,13,29,0
-938,-0.229004,1815,16,11,30,0
-937,-0.228760,1815,12,11,26,0
-936,-0.228516,1815,12,13,28,0
-935,-0.228271,1815,12,13,28,0
-934,-0.228027,1816,16,12,31,0
-933,-0.227783,1816,13,12,28,0
-932,-0.227539,1816,13,12,28,0
-931,-0.227295,1816,13,13,29,0
-930,-0.227051,1817,12,11,26,0
-929,-0.226807,1817,12,11,26,0
-928,-0.226562,1817,12,13,28,0
-927,-0.226318,1817,12,13,28,0
-926,-0.226074,1818,13,12,28,0
-925,-0.225830,1818,13,12,28,0
-924,-0.225586,1818,13,13,29,0
-923,-0.225342,1818,13,13,29,0
-922,-0.225098,1819,12,11,26,0
-921,-0.224854,1819,12,11,26,0
-920,-0.224609,1819,12,13,28,0
-919,-0.224365,1819,12,13,28,0
-918,-0.224121,1820,13,12,28,0
-917,-0.223877,1820,13,12,28,0
-916,-0.223633,1820,13,12,28,0
-915,-0.223389,1820,13,13,29,0
-914,-0.223145,1821,16,11,30,0
-913,-0.222900,1821,12,11,26,0
-912,-0.222656,1821,12,13,28,0
-911,-0.222412,1821,12,13,28,0
-910,-0.222168,1822,16,12,31,0
-909,-0.221924,1822,13,12,28,0
-908,-0.221680,1822,13,13,29,0
-907,-0.221436,1822,13,13,29,0
-906,-0.221191,1823,12,11,26,0
-905,-0.220947,1823,12,11,26,0
-904,-0.220703,1823,12,13,28,0
-903,-0.220459,1823,12,13,28,0
-902,-0.220215,1824,16,12,31,0
-901,-0.219971,1824,13,12,28,0
-900,-0.219727,1824,13,12,28,0
-899,-0.219482,1824,13,13,29,0
-898,-0.219238,1824,17,13,33,0
-897,-0.218994,1825,12,11,26,0
-896,-0.218750,1825,12,11,26,0
-895,-0.218506,1825,12,13,28,0
-894,-0.218262,1825,15,13,31,0
-893,-0.218018,1826,13,12,28,0
-892,-0.217773,1826,13,12,28,0
-891,-0.217529,1826,13,13,29,0
-890,-0.217285,1826,15,13,31,0
-889,-0.217041,1827,12,11,26,0
-888,-0.216797,1827,12,11,26,0
-887,-0.216553,1827,12,13,28,0
-886,-0.216309,1827,15,13,31,0
-885,-0.216064,1828,13,12,28,0
-884,-0.215820,1828,13,12,28,0
-883,-0.215576,1828,13,13,29,0
-882,-0.215332,1828,15,13,31,0
-881,-0.215088,1829,12,11,26,0
-880,-0.214844,1829,12,11,26,0
-879,-0.214600,1829,12,13,28,0
-878,-0.214355,1829,15,13,31,0
-877,-0.214111,1830,13,12,28,0
-876,-0.213867,1830,13,12,28,0
-875,-0.213623,1830,13,13,29,0
-874,-0.213379,1830,14,13,30,0
-873,-0.213135,1831,15,11,29,0
-872,-0.212891,1831,12,11,26,0
-871,-0.212646,1831,12,13,28,0
-870,-0.212402,1831,14,13,30,0
-869,-0.212158,1832,15,12,30,0
-868,-0.211914,1832,13,12,28,0
-867,-0.211670,1832,13,12,28,0
-866,-0.211426,1832,13,13,29,0
-865,-0.211182,1833,13,11,27,0
-864,-0.210938,1833,13,13,29,0
-863,-0.210693,1833,13,13,29,0
-862,-0.210449,1834,15,12,30,0
-861,-0.210205,1834,12,12,27,0
-860,-0.209961,1834,12,13,28,0
-859,-0.209717,1834,12,13,28,0
-858,-0.209473,1834,17,13,33,0
-857,-0.209229,1835,13,11,27,0
-856,-0.208984,1835,13,13,29,0
-855,-0.208740,1835,13,13,29,0
-854,-0.208496,1836,15,12,30,0
-853,-0.208252,1836,12,12,27,0
-852,-0.208008,1836,12,13,28,0
-851,-0.207764,1836,12,13,28,0
-850,-0.207520,1836,16,13,32,0
-849,-0.207275,1837,13,11,27,0
-848,-0.207031,1837,13,13,29,0
-847,-0.206787,1837,13,13,29,0
-846,-0.206543,1837,17,13,33,0
-845,-0.206299,1838,12,12,27,0
-844,-0.206055,1838,12,13,28,0
-843,-0.205811,1838,12,13,28,0
-842,-0.205566,1838,17,13,33,0
-841,-0.205322,1839,13,11,27,0
-840,-0.205078,1839,13,13,29,0
-839,-0.204834,1839,13,13,29,0
-838,-0.204590,1839,16,13,32,0
-837,-0.204346,1840,12,12,27,0
-836,-0.204102,1840,12,12,27,0
-835,-0.203857,1840,12,13,28,0
-834,-0.203613,1840,12,13,28,0
-833,-0.203369,1841,13,11,27,0
-832,-0.203125,1841,13,11,27,0
-831,-0.202881,1841,13,13,29,0
-830,-0.202637,1841,16,13,32,0
-829,-0.202393,1842,12,12,27,0
-828,-0.202148,1842,12,12,27,0
-827,-0.201904,1842,12,13,28,0
-826,-0.201660,1842,12,13,28,0
-825,-0.201416,1843,13,11,27,0
-824,-0.201172,1843,13,11,27,0
-823,-0.200928,1843,13,13,29,0
-822,-0.200684,1843,16,13,32,0
-821,-0.200439,1844,12,12,27,0
-820,-0.200195,1844,12,12,27,0
-819,-0.199951,1844,12,13,28,0
-818,-0.199707,1844,12,13,28,0
-817,-0.199463,1845,12,11,26,0
-816,-0.199219,1845,12,11,26,0
-815,-0.198975,1845,12,13,28,0
-814,-0.198730,1845,12,13,28,0
-813,-0.198486,1846,13,12,32,0
-812,-0.198242,1846,13,12,32,0
-811,-0.197998,1846,13,13,29,0
-810,-0.197754,1846,13,13,29,0
-809,-0.197510,1847,13,11,27,0
-808,-0.197266,1847,13,11,27,0
-807,-0.197021,1847,13,13,29,0
-806,-0.196777,1847,13,13,29,0
-805,-0.196533,1848,12,12,27,0
-804,-0.196289,1848,12,12,27,0
-803,-0.196045,1848,12,13,28,0
-802,-0.195801,1848,12,13,28,0
-801,-0.195557,1849,13,11,27,0
-800,-0.195312,1849,13,11,27,0
-799,-0.195068,1849,13,13,29,0
-798,-0.194824,1849,16,13,32,0
-797,-0.194580,1850,12,12,27,0
-796,-0.194336,1850,12,12,27,0
-795,-0.194092,1850,12,13,28,0
-794,-0.193848,1850,16,13,32,0
-793,-0.193604,1851,13,11,27,0
-792,-0.193359,1851,13,11,27,0
-791,-0.193115,1851,13,13,29,0
-790,-0.192871,1851,13,13,29,0
-789,-0.192627,1852,12,12,27,0
-788,-0.192383,1852,12,12,27,0
-787,-0.192139,1852,12,13,28,0
-786,-0.191895,1852,12,13,28,0
-785,-0.191650,1853,13,11,27,0
-784,-0.191406,1853,13,11,27,0
-783,-0.191162,1853,13,13,29,0
-782,-0.190918,1853,16,13,32,0
-781,-0.190674,1854,12,12,27,0
-780,-0.190430,1854,12,12,27,0
-779,-0.190186,1854,12,13,28,0
-778,-0.189941,1854,16,13,32,0
-777,-0.189697,1855,13,11,27,0
-776,-0.189453,1855,13,11,27,0
-775,-0.189209,1855,13,13,29,0
-774,-0.188965,1855,13,13,29,0
-773,-0.188721,1856,12,12,27,0
-772,-0.188477,1856,12,12,27,0
-771,-0.188232,1856,12,12,27,0
-770,-0.187988,1856,12,13,28,0
-769,-0.187744,1857,16,11,30,0
-768,-0.187500,1857,12,11,26,0
-767,-0.187256,1857,12,11,26,0
-766,-0.187012,1857,12,13,28,0
-765,-0.186768,1857,15,13,31,0
-764,-0.186523,1858,13,12,28,0
-763,-0.186279,1858,13,12,28,0
-762,-0.186035,1858,13,13,29,0
-761,-0.185791,1858,17,13,33,0
-760,-0.185547,1859,12,11,26,0
-759,-0.185303,1859,12,11,26,0
-758,-0.185059,1859,12,13,28,0
-757,-0.184814,1859,17,13,33,0
-756,-0.184570,1860,13,12,28,0
-755,-0.184326,1860,13,12,28,0
-754,-0.184082,1860,13,13,29,0
-753,-0.183838,1860,17,13,33,0
-752,-0.183594,1861,12,11,26,0
-751,-0.183350,1861,12,11,26,0
-750,-0.183105,1861,12,13,28,0
-749,-0.182861,1861,17,13,33,0
-748,-0.182617,1862,13,12,28,0
-747,-0.182373,1862,13,12,28,0
-746,-0.182129,1862,13,13,29,0
-745,-0.181885,1862,15,13,31,0
-744,-0.181641,1863,12,11,26,0
-743,-0.181396,1863,12,11,26,0
-742,-0.181152,1863,12,13,28,0
-741,-0.180908,1863,15,13,31,0
-740,-0.180664,1864,13,12,28,0
-739,-0.180420,1864,13,12,28,0
-738,-0.180176,1864,13,13,29,0
-737,-0.179932,1864,17,13,33,0
-736,-0.179688,1865,12,11,26,0
-735,-0.179443,1865,12,11,26,0
-734,-0.179199,1865,12,13,28,0
-733,-0.178955,1865,17,13,33,0
-732,-0.178711,1866,13,12,28,0
-731,-0.178467,1866,13,12,28,0
-730,-0.178223,1866,13,13,29,0
-729,-0.177979,1866,15,13,31,0
-728,-0.177734,1867,12,11,26,0
-727,-0.177490,1867,12,11,26,0
-726,-0.177246,1867,12,13,28,0
-725,-0.177002,1867,15,13,31,0
-724,-0.176758,1868,13,12,28,0
-723,-0.176514,1868,13,12,28,0
-722,-0.176270,1868,13,13,29,0
-721,-0.176025,1868,15,13,31,0
-720,-0.175781,1869,12,11,26,0
-719,-0.175537,1869,12,11,26,0
-718,-0.175293,1869,12,13,28,0
-717,-0.175049,1869,15,13,31,0
-716,-0.174805,1870,13,12,28,0
-715,-0.174561,1870,13,12,28,0
-714,-0.174316,1870,13,13,29,0
-713,-0.174072,1870,15,13,31,0
-712,-0.173828,1871,12,11,26,0
-711,-0.173584,1871,12,11,26,0
-710,-0.173340,1871,12,13,28,0
-709,-0.173096,1871,15,13,31,0
-708,-0.172852,1872,13,12,28,0
-707,-0.172607,1872,13,12,28,0
-706,-0.172363,1872,13,13,29,0
-705,-0.172119,1872,15,13,31,0
-704,-0.171875,1873,12,11,26,0
-703,-0.171631,1873,12,11,26,0
-702,-0.171387,1873,12,13,28,0
-701,-0.171143,1873,15,13,31,0
-700,-0.170898,1874,13,12,28,0
-699,-0.170654,1874,13,12,28,0
-698,-0.170410,1874,13,13,29,0
-697,-0.170166,1874,15,13,31,0
-696,-0.169922,1875,12,11,26,0
-695,-0.169678,1875,12,11,26,0
-694,-0.169434,1875,12,13,28,0
-693,-0.169189,1875,15,13,31,0
-692,-0.168945,1876,13,12,28,0
-691,-0.168701,1876,13,12,28,0
-690,-0.168457,1876,13,13,29,0
-689,-0.168213,1876,15,13,31,0
-688,-0.167969,1877,12,11,26,0
-687,-0.167725,1877,12,11,26,0
-686,-0.167480,1877,12,13,28,0
-685,-0.167236,1877,14,13,30,0
-684,-0.166992,1878,15,12,30,0
-683,-0.166748,1878,13,12,28,0
-682,-0.166504,1878,13,13,29,0
-681,-0.166260,1878,15,13,31,0
-680,-0.166016,1879,12,11,26,0
-679,-0.165771,1879,12,11,26,0
-678,-0.165527,1879,12,13,28,0
-677,-0.165283,1879,15,13,31,0
-676,-0.165039,1880,13,12,28,0
-675,-0.164795,1880,13,12,28,0
-674,-0.164551,1880,13,13,29,0
-673,-0.164307,1880,15,13,31,0
-672,-0.164062,1881,12,11,26,0
-671,-0.163818,1881,12,11,26,0
-670,-0.163574,1881,12,13,28,0
-669,-0.163330,1881,14,13,30,0
-668,-0.163086,1882,15,12,30,0
-667,-0.162842,1882,13,12,28,0
-666,-0.162598,1882,13,13,29,0
-665,-0.162354,1882,15,13,31,0
-664,-0.162109,1883,12,11,26,0
-663,-0.161865,1883,12,11,26,0
-662,-0.161621,1883,12,13,28,0
-661,-0.161377,1883,14,13,30,0
-660,-0.161133,1884,15,12,30,0
-659,-0.160889,1884,13,12,28,0
-658,-0.160645,1884,13,12,28,0
-657,-0.160400,1884,14,13,30,0
-656,-0.160156,1885,15,11,29,0
-655,-0.159912,1885,12,11,26,0
-654,-0.159668,1885,12,13,28,0
-653,-0.159424,1885,15,13,31,0
-652,-0.159180,1886,13,12,28,0
-651,-0.158936,1886,13,12,28,0
-650,-0.158691,1886,13,13,29,0
-649,-0.158447,1886,14,13,30,0
-648,-0.158203,1887,15,11,29,0
-647,-0.157959,1887,12,11,26,0
-646,-0.157715,1887,12,13,28,0
-645,-0.157471,1887,14,13,30,0
-644,-0.157227,1888,15,12,30,0
-643,-0.156982,1888,13,12,28,0
-642,-0.156738,1888,13,12,28,0
-641,-0.156494,1888,14,13,30,0
-640,-0.156250,1888,17,13,33,0
-639,-0.156006,1889,12,11,26,0
-638,-0.155762,1889,12,11,26,0
-637,-0.155518,1889,14,13,30,0
-636,-0.155273,1889,17,13,33,0
-635,-0.155029,1890,13,12,28,0
-634,-0.154785,1890,13,12,28,0
-633,-0.154541,1890,14,13,30,0
-632,-0.154297,1890,16,13,32,0
-631,-0.154053,1891,12,11,26,0
-630,-0.153809,1891,12,11,26,0
-629,-0.153564,1891,14,13,30,0
-628,-0.153320,1891,16,13,32,0
-627,-0.153076,1892,13,12,28,0
-626,-0.152832,1892,13,12,28,0
-625,-0.152588,1892,14,13,30,0
-624,-0.152344,1892,16,13,32,0
-623,-0.152100,1893,12,11,26,0
-622,-0.151855,1893,12,11,26,0
-621,-0.151611,1893,14,13,30,0
-620,-0.151367,1893,16,13,32,0
-619,-0.151123,1894,13,12,28,0
-618,-0.150879,1894,13,12,28,0
-617,-0.150635,1894,14,13,30,0
-616,-0.150391,1894,16,13,32,0
-615,-0.150146,1895,12,11,26,0
-614,-0.149902,1895,12,11,26,0
-613,-0.149658,1895,14,13,30,0
-612,-0.149414,1895,16,13,32,0
-611,-0.149170,1896,13,12,28,0
-610,-0.148926,1896,13,12,28,0
-609,-0.148682,1896,14,13,30,0
-608,-0.148438,1897,15,11,29,0
-607,-0.148193,1897,12,11,26,0
-606,-0.147949,1897,12,11,26,0
-605,-0.147705,1897,14,13,30,0
-604,-0.147461,1898,18,12,33,0
-603,-0.147217,1898,13,12,28,0
-602,-0.146973,1898,13,12,28,0
-601,-0.146729,1898,14,13,30,0
-600,-0.146484,1898,18,13,34,0
-599,-0.146240,1899,12,11,26,0
-598,-0.145996,1899,12,11,26,0
-597,-0.145752,1899,14,13,30,0
-596,-0.145508,1900,18,12,33,0
-595,-0.145264,1900,13,12,28,0
-594,-0.145020,1900,13,12,28,0
-593,-0.144775,1900,14,13,30,0
-592,-0.144531,1900,17,13,33,0
-591,-0.144287,1901,12,11,26,0
-590,-0.144043,1901,12,11,26,0
-589,-0.143799,1901,14,13,30,0
-588,-0.143555,1901,16,13,32,0
-587,-0.143311,1902,13,12,28,0
-586,-0.143066,1902,13,12,28,0
-585,-0.142822,1902,14,13,30,0
-584,-0.142578,1902,18,13,34,0
-583,-0.142334,1903,12,11,26,0
-582,-0.142090,1903,12,11,26,0
-581,-0.141846,1903,14,13,30,0
-580,-0.141602,1904,18,12,33,0
-579,-0.141357,1904,13,12,28,0
-578,-0.141113,1904,13,12,28,0
-577,-0.140869,1904,14,13,30,0
-576,-0.140625,1904,17,13,33,0
-575,-0.140381,1905,12,11,26,0
-574,-0.140137,1905,12,11,26,0
-573,-0.139893,1905,14,13,30,0
-572,-0.139648,1905,16,13,32,0
-571,-0.139404,1906,13,12,28,0
-570,-0.139160,1906,13,12,28,0
-569,-0.138916,1906,14,13,30,0
-568,-0.138672,1906,17,13,33,0
-567,-0.138428,1907,12,11,26,0
-566,-0.138184,1907,12,11,26,0
-565,-0.137939,1907,14,13,30,0
-564,-0.137695,1907,16,13,32,0
-563,-0.137451,1908,13,12,28,0
-562,-0.137207,1908,13,12,28,0
-561,-0.136963,1908,14,13,30,0
-560,-0.136719,1908,16,13,32,0
-559,-0.136475,1909,12,11,26,0
-558,-0.136230,1909,12,11,26,0
-557,-0.135986,1909,14,13,30,0
-556,-0.135742,1909,16,13,32,0
-555,-0.135498,1910,13,12,28,0
-554,-0.135254,1910,13,12,28,0
-553,-0.135010,1910,14,13,30,0
-552,-0.134766,1910,18,13,34,0
-551,-0.134521,1911,12,11,26,0
-550,-0.134277,1911,12,11,26,0
-549,-0.134033,1911,14,13,30,0
-548,-0.133789,1912,18,12,33,0
-547,-0.133545,1912,13,12,28,0
-546,-0.133301,1912,13,12,28,0
-545,-0.133057,1912,14,13,30,0
-544,-0.132812,1912,17,13,33,0
-543,-0.132568,1913,12,11,26,0
-542,-0.132324,1913,12,11,26,0
-541,-0.132080,1913,14,13,30,0
-540,-0.131836,1913,16,13,32,0
-539,-0.131592,1914,13,12,28,0
-538,-0.131348,1914,13,12,28,0
-537,-0.131104,1914,14,13,30,0
-536,-0.130859,1914,17,13,33,0
-535,-0.130615,1915,12,11,26,0
-534,-0.130371,1915,12,11,26,0
-533,-0.130127,1915,14,13,30,0
-532,-0.129883,1915,16,13,32,0
-531,-0.129639,1916,13,12,28,0
-530,-0.129395,1916,13,12,28,0
-529,-0.129150,1916,14,13,30,0
-528,-0.128906,1916,16,13,32,0
-527,-0.128662,1917,12,11,26,0
-526,-0.128418,1917,12,11,26,0
-525,-0.128174,1917,14,13,30,0
-524,-0.127930,1917,16,13,32,0
-523,-0.127686,1918,13,12,28,0
-522,-0.127441,1918,13,12,28,0
-521,-0.127197,1918,14,13,30,0
-520,-0.126953,1918,17,13,33,0
-519,-0.126709,1919,12,11,26,0
-518,-0.126465,1919,12,11,26,0
-517,-0.126221,1919,14,13,30,0
-516,-0.125977,1919,16,13,32,0
-515,-0.125732,1920,13,12,28,0
-514,-0.125488,1920,13,12,28,0
-513,-0.125244,1920,13,13,29,0
-512,-0.125000,1920,13,13,29,0
-511,-0.124756,1921,16,11,30,0
-510,-0.124512,1921,14,11,28,0
-509,-0.124268,1921,12,13,28,0
-508,-0.124023,1921,12,13,28,0
-507,-0.123779,1922,16,12,31,0
-506,-0.123535,1922,14,12,29,0
-505,-0.123291,1922,13,13,29,0
-504,-0.123047,1922,13,13,29,0
-503,-0.122803,1922,17,13,33,0
-502,-0.122559,1923,14,11,28,0
-501,-0.122314,1923,12,13,28,0
-500,-0.122070,1923,12,13,28,0
-499,-0.121826,1924,16,12,31,0
-498,-0.121582,1924,14,12,29,0
-497,-0.121338,1924,13,13,29,0
-496,-0.121094,1924,13,13,29,0
-495,-0.120850,1924,17,13,33,0
-494,-0.120605,1925,14,11,28,0
-493,-0.120361,1925,12,13,28,0
-492,-0.120117,1925,12,13,28,0
-491,-0.119873,1925,15,13,31,0
-490,-0.119629,1926,14,12,29,0
-489,-0.119385,1926,13,13,29,0
-488,-0.119141,1926,13,13,29,0
-487,-0.118896,1926,17,13,33,0
-486,-0.118652,1927,14,11,28,0
-485,-0.118408,1927,12,11,26,0
-484,-0.118164,1927,12,13,28,0
-483,-0.117920,1928,16,12,31,0
-482,-0.117676,1928,14,12,29,0
-481,-0.117432,1928,13,13,29,0
-480,-0.117188,1928,13,13,29,0
-479,-0.116943,1928,15,13,31,0
-478,-0.116699,1929,14,11,28,0
-477,-0.116455,1929,12,13,28,0
-476,-0.116211,1929,12,13,28,0
-475,-0.115967,1929,18,13,34,0
-474,-0.115723,1930,14,12,29,0
-473,-0.115479,1930,13,12,32,0
-472,-0.115234,1930,13,13,29,0
-471,-0.114990,1931,16,11,30,0
-470,-0.114746,1931,14,11,28,0
-469,-0.114502,1931,12,13,28,0
-468,-0.114258,1931,12,13,28,0
-467,-0.114014,1932,16,12,31,0
-466,-0.113770,1932,14,12,29,0
-465,-0.113525,1932,13,13,29,0
-464,-0.113281,1932,13,13,29,0
-463,-0.113037,1933,18,11,32,0
-462,-0.112793,1933,14,11,28,0
-461,-0.112549,1933,12,13,28,0
-460,-0.112305,1933,12,13,28,0
-459,-0.112061,1933,18,13,34,0
-458,-0.111816,1934,14,12,29,0
-457,-0.111572,1934,13,13,29,0
-456,-0.111328,1934,13,13,29,0
-455,-0.111084,1935,18,11,32,0
-454,-0.110840,1935,14,11,28,0
-453,-0.110596,1935,12,13,28,0
-452,-0.110352,1935,12,13,28,0
-451,-0.110107,1935,17,13,33,0
-450,-0.109863,1936,14,12,29,0
-449,-0.109619,1936,13,13,29,0
-448,-0.109375,1936,13,13,29,0
-447,-0.109131,1936,17,13,33,0
-446,-0.108887,1937,14,11,28,0
-445,-0.108643,1937,12,13,28,0
-444,-0.108398,1937,12,13,28,0
-443,-0.108154,1937,15,13,31,0
-442,-0.107910,1938,14,12,29,0
-441,-0.107666,1938,13,13,29,0
-440,-0.107422,1938,13,13,29,0
-439,-0.107178,1938,17,13,33,0
-438,-0.106934,1939,14,11,28,0
-437,-0.106689,1939,12,11,26,0
-436,-0.106445,1939,12,13,28,0
-435,-0.106201,1940,16,12,31,0
-434,-0.105957,1940,14,12,29,0
-433,-0.105713,1940,13,13,29,0
-432,-0.105469,1940,13,13,29,0
-431,-0.105225,1941,16,11,30,0
-430,-0.104980,1941,14,11,28,0
-429,-0.104736,1941,12,13,28,0
-428,-0.104492,1941,12,13,28,0
-427,-0.104248,1941,17,13,33,0
-426,-0.104004,1942,14,12,29,0
-425,-0.103760,1942,13,13,29,0
-424,-0.103516,1942,13,13,29,0
-423,-0.103271,1942,15,13,31,0
-422,-0.103027,1943,14,11,28,0
-421,-0.102783,1943,12,13,28,0
-420,-0.102539,1943,12,13,28,0
-419,-0.102295,1943,17,13,33,0
-418,-0.102051,1944,14,12,29,0
-417,-0.101807,1944,13,13,29,0
-416,-0.101562,1944,13,13,29,0
-415,-0.101318,1944,15,13,31,0
-414,-0.101074,1945,14,11,28,0
-413,-0.100830,1945,12,13,28,0
-412,-0.100586,1945,12,13,28,0
-411,-0.100342,1945,17,13,33,0
-410,-0.100098,1946,14,12,29,0
-409,-0.099854,1946,13,12,32,0
-408,-0.099609,1946,13,13,29,0
-407,-0.099365,1946,15,13,31,0
-406,-0.099121,1947,14,11,28,0
-405,-0.098877,1947,12,13,28,0
-404,-0.098633,1947,12,13,28,0
-403,-0.098389,1947,15,13,31,0
-402,-0.098145,1948,14,12,29,0
-401,-0.097900,1948,13,13,29,0
-400,-0.097656,1948,13,13,29,0
-399,-0.097412,1948,15,13,31,0
-398,-0.097168,1949,14,11,28,0
-397,-0.096924,1949,12,11,26,0
-396,-0.096680,1949,12,13,28,0
-395,-0.096436,1949,15,13,31,0
-394,-0.096191,1950,14,12,29,0
-393,-0.095947,1950,13,12,32,0
-392,-0.095703,1950,13,13,29,0
-391,-0.095459,1950,17,13,33,0
-390,-0.095215,1951,14,11,28,0
-389,-0.094971,1951,12,11,26,0
-388,-0.094727,1951,12,13,28,0
-387,-0.094482,1951,15,13,31,0
-386,-0.094238,1952,14,12,29,0
-385,-0.093994,1952,13,13,29,0
-384,-0.093750,1952,13,13,29,0
-383,-0.093506,1952,17,13,33,0
-382,-0.093262,1953,14,11,28,0
-381,-0.093018,1953,12,11,26,0
-380,-0.092773,1953,12,13,28,0
-379,-0.092529,1953,15,13,31,0
-378,-0.092285,1954,14,12,29,0
-377,-0.092041,1954,13,13,29,0
-376,-0.091797,1954,13,13,29,0
-375,-0.091553,1954,15,13,31,0
-374,-0.091309,1955,14,11,28,0
-373,-0.091064,1955,12,11,26,0
-372,-0.090820,1955,12,13,28,0
-371,-0.090576,1955,15,13,31,0
-370,-0.090332,1956,14,12,29,0
-369,-0.090088,1956,13,13,29,0
-368,-0.089844,1956,13,13,29,0
-367,-0.089600,1956,15,13,31,0
-366,-0.089355,1957,14,11,28,0
-365,-0.089111,1957,12,11,26,0
-364,-0.088867,1957,12,13,28,0
-363,-0.088623,1957,15,13,31,0
-362,-0.088379,1958,14,12,29,0
-361,-0.088135,1958,13,12,32,0
-360,-0.087891,1958,13,13,29,0
-359,-0.087646,1958,15,13,31,0
-358,-0.087402,1959,14,11,28,0
-357,-0.087158,1959,12,11,26,0
-356,-0.086914,1959,12,13,28,0
-355,-0.086670,1959,15,13,31,0
-354,-0.086426,1960,14,12,29,0
-353,-0.086182,1960,14,12,29,0
-352,-0.085938,1960,13,13,29,0
-351,-0.085693,1960,13,13,29,0
-350,-0.085449,1961,16,11,30,0
-349,-0.085205,1961,14,11,28,0
-348,-0.084961,1961,12,13,28,0
-347,-0.084717,1961,12,13,28,0
-346,-0.084473,1962,16,12,31,0
-345,-0.084229,1962,14,12,29,0
-344,-0.083984,1962,13,13,29,0
-343,-0.083740,1962,13,13,29,0
-342,-0.083496,1963,16,11,30,0
-341,-0.083252,1963,14,11,28,0
-340,-0.083008,1963,12,13,28,0
-339,-0.082764,1963,12,13,28,0
-338,-0.082520,1964,17,12,32,0
-337,-0.082275,1964,14,12,29,0
-336,-0.082031,1964,13,13,29,0
-335,-0.081787,1964,13,13,29,0
-334,-0.081543,1965,17,11,31,0
-333,-0.081299,1965,14,11,28,0
-332,-0.081055,1965,12,13,28,0
-331,-0.080811,1965,12,13,28,0
-330,-0.080566,1966,16,12,31,0
-329,-0.080322,1966,14,12,29,0
-328,-0.080078,1966,13,13,29,0
-327,-0.079834,1966,13,13,29,0
-326,-0.079590,1967,16,11,30,0
-325,-0.079346,1967,14,11,28,0
-324,-0.079102,1967,12,13,28,0
-323,-0.078857,1967,12,13,28,0
-322,-0.078613,1968,16,12,31,0
-321,-0.078369,1968,14,12,29,0
-320,-0.078125,1968,13,13,29,0
-319,-0.077881,1968,13,13,29,0
-318,-0.077637,1969,16,11,30,0
-317,-0.077393,1969,14,11,28,0
-316,-0.077148,1969,12,13,28,0
-315,-0.076904,1969,12,13,28,0
-314,-0.076660,1970,16,12,31,0
-313,-0.076416,1970,14,12,29,0
-312,-0.076172,1970,13,13,29,0
-311,-0.075928,1970,13,13,29,0
-310,-0.075684,1971,17,11,31,0
-309,-0.075439,1971,14,11,28,0
-308,-0.075195,1971,12,13,28,0
-307,-0.074951,1971,12,13,28,0
-306,-0.074707,1972,16,12,31,0
-305,-0.074463,1972,14,12,29,0
-304,-0.074219,1972,13,13,29,0
-303,-0.073975,1972,13,13,29,0
-302,-0.073730,1973,16,11,30,0
-301,-0.073486,1973,14,11,28,0
-300,-0.073242,1973,12,13,28,0
-299,-0.072998,1973,12,13,28,0
-298,-0.072754,1974,17,12,32,0
-297,-0.072510,1974,14,12,29,0
-296,-0.072266,1974,13,13,29,0
-295,-0.072021,1974,13,13,29,0
-294,-0.071777,1975,17,11,31,0
-293,-0.071533,1975,14,11,28,0
-292,-0.071289,1975,12,13,28,0
-291,-0.071045,1975,12,13,28,0
-290,-0.070801,1975,18,13,34,0
-289,-0.070557,1976,14,12,29,0
-288,-0.070312,1976,13,13,29,0
-287,-0.070068,1976,13,13,29,0
-286,-0.069824,1977,17,11,31,0
-285,-0.069580,1977,14,11,28,0
-284,-0.069336,1977,12,13,28,0
-283,-0.069092,1977,12,13,28,0
-282,-0.068848,1977,15,13,31,0
-281,-0.068604,1978,14,12,29,0
-280,-0.068359,1978,13,13,29,0
-279,-0.068115,1978,13,13,29,0
-278,-0.067871,1978,15,13,31,0
-277,-0.067627,1979,14,11,28,0
-276,-0.067383,1979,12,13,28,0
-275,-0.067139,1979,12,13,28,0
-274,-0.066895,1980,17,12,32,0
-273,-0.066650,1980,14,12,29,0
-272,-0.066406,1980,13,13,29,0
-271,-0.066162,1980,13,13,29,0
-270,-0.065918,1981,17,11,31,0
-269,-0.065674,1981,14,11,28,0
-268,-0.065430,1981,12,13,28,0
-267,-0.065186,1981,12,13,28,0
-266,-0.064941,1982,16,12,31,0
-265,-0.064697,1982,14,12,29,0
-264,-0.064453,1982,13,13,29,0
-263,-0.064209,1982,13,13,29,0
-262,-0.063965,1983,16,11,30,0
-261,-0.063721,1983,14,11,28,0
-260,-0.063477,1983,12,13,28,0
-259,-0.063232,1983,12,13,28,0
-258,-0.062988,1984,16,12,31,0
-257,-0.062744,1984,14,12,29,0
-256,-0.062500,1984,13,13,29,0
-255,-0.062256,1984,13,13,29,0
-254,-0.062012,1985,16,11,30,0
-253,-0.061768,1985,14,11,28,0
-252,-0.061523,1985,12,13,28,0
-251,-0.061279,1985,12,13,28,0
-250,-0.061035,1986,16,12,31,0
-249,-0.060791,1986,14,12,29,0
-248,-0.060547,1986,13,13,29,0
-247,-0.060303,1986,13,13,29,0
-246,-0.060059,1987,16,11,30,0
-245,-0.059814,1987,14,11,28,0
-244,-0.059570,1987,12,13,28,0
-243,-0.059326,1987,12,13,28,0
-242,-0.059082,1988,17,12,32,0
-241,-0.058838,1988,14,12,29,0
-240,-0.058594,1988,13,13,29,0
-239,-0.058350,1988,13,13,29,0
-238,-0.058105,1989,17,11,31,0
-237,-0.057861,1989,14,11,28,0
-236,-0.057617,1989,12,13,28,0
-235,-0.057373,1989,12,13,28,0
-234,-0.057129,1990,16,12,31,0
-233,-0.056885,1990,14,12,29,0
-232,-0.056641,1990,13,13,29,0
-231,-0.056396,1990,13,13,29,0
-230,-0.056152,1991,16,11,30,0
-229,-0.055908,1991,14,11,28,0
-228,-0.055664,1991,12,13,28,0
-227,-0.055420,1991,12,13,28,0
-226,-0.055176,1992,17,12,32,0
-225,-0.054932,1992,14,12,29,0
-224,-0.054688,1992,13,13,29,0
-223,-0.054443,1992,13,13,29,0
-222,-0.054199,1993,17,11,31,0
-221,-0.053955,1993,14,11,28,0
-220,-0.053711,1993,12,13,28,0
-219,-0.053467,1993,12,13,28,0
-218,-0.053223,1994,16,12,31,0
-217,-0.052979,1994,14,12,29,0
-216,-0.052734,1994,13,13,29,0
-215,-0.052490,1994,13,13,29,0
-214,-0.052246,1995,16,11,30,0
-213,-0.052002,1995,14,11,28,0
-212,-0.051758,1995,12,13,28,0
-211,-0.051514,1995,12,13,28,0
-210,-0.051270,1996,17,12,32,0
-209,-0.051025,1996,14,12,29,0
-208,-0.050781,1996,13,13,29,0
-207,-0.050537,1996,13,13,29,0
-206,-0.050293,1997,17,11,31,0
-205,-0.050049,1997,14,11,28,0
-204,-0.049805,1997,12,13,28,0
-203,-0.049561,1997,12,13,28,0
-202,-0.049316,1997,15,13,31,0
-201,-0.049072,1998,14,12,29,0
-200,-0.048828,1998,13,13,29,0
-199,-0.048584,1998,13,13,29,0
-198,-0.048340,1998,15,13,31,0
-197,-0.048096,1999,14,11,28,0
-196,-0.047852,1999,12,13,28,0
-195,-0.047607,1999,12,13,28,0
-194,-0.047363,2000,17,12,32,0
-193,-0.047119,2000,14,12,29,0
-192,-0.046875,2000,13,13,29,0
-191,-0.046631,2000,13,13,29,0
-190,-0.046387,2000,15,13,31,0
-189,-0.046143,2001,14,11,28,0
-188,-0.045898,2001,12,13,28,0
-187,-0.045654,2001,12,13,28,0
-186,-0.045410,2002,17,12,32,0
-185,-0.045166,2002,14,12,29,0
-184,-0.044922,2002,13,13,29,0
-183,-0.044678,2002,13,13,29,0
-182,-0.044434,2003,17,11,31,0
-181,-0.044189,2003,14,11,28,0
-180,-0.043945,2003,12,13,28,0
-179,-0.043701,2003,12,13,28,0
-178,-0.043457,2004,16,12,31,0
-177,-0.043213,2004,14,12,29,0
-176,-0.042969,2004,13,13,29,0
-175,-0.042725,2004,13,13,29,0
-174,-0.042480,2005,16,11,30,0
-173,-0.042236,2005,14,11,28,0
-172,-0.041992,2005,12,13,28,0
-171,-0.041748,2005,12,13,28,0
-170,-0.041504,2006,17,12,32,0
-169,-0.041260,2006,14,12,29,0
-168,-0.041016,2006,13,13,29,0
-167,-0.040771,2006,13,13,29,0
-166,-0.040527,2007,17,11,31,0
-165,-0.040283,2007,14,11,28,0
-164,-0.040039,2007,12,13,28,0
-163,-0.039795,2007,12,13,28,0
-162,-0.039551,2007,15,13,31,0
-161,-0.039307,2008,14,12,29,0
-160,-0.039062,2008,13,13,29,0
-159,-0.038818,2008,13,13,29,0
-158,-0.038574,2009,17,11,31,0
-157,-0.038330,2009,14,11,28,0
-156,-0.038086,2009,12,13,28,0
-155,-0.037842,2009,12,13,28,0
-154,-0.037598,2009,15,13,31,0
-153,-0.037354,2010,14,12,29,0
-152,-0.037109,2010,13,13,29,0
-151,-0.036865,2010,13,13,29,0
-150,-0.036621,2010,15,13,31,0
-149,-0.036377,2011,14,11,28,0
-148,-0.036133,2011,12,13,28,0
-147,-0.035889,2011,12,13,28,0
-146,-0.035645,2012,17,12,32,0
-145,-0.035400,2012,14,12,29,0
-144,-0.035156,2012,13,13,29,0
-143,-0.034912,2012,13,13,29,0
-142,-0.034668,2012,15,13,31,0
-141,-0.034424,2013,14,11,28,0
-140,-0.034180,2013,12,13,28,0
-139,-0.033936,2013,12,13,28,0
-138,-0.033691,2014,17,12,32,0
-137,-0.033447,2014,14,12,29,0
-136,-0.033203,2014,13,13,29,0
-135,-0.032959,2014,13,13,29,0
-134,-0.032715,2015,17,11,31,0
-133,-0.032471,2015,14,11,28,0
-132,-0.032227,2015,12,13,28,0
-131,-0.031982,2015,12,13,28,0
-130,-0.031738,2015,15,13,31,0
-129,-0.031494,2016,14,12,29,0
-128,-0.031250,2016,13,13,29,0
-127,-0.031006,2016,13,13,29,0
-126,-0.030762,2017,17,11,31,0
-125,-0.030518,2017,14,11,28,0
-124,-0.030273,2017,12,13,28,0
-123,-0.030029,2017,12,13,28,0
-122,-0.029785,2017,15,13,31,0
-121,-0.029541,2018,14,12,29,0
-120,-0.029297,2018,13,13,29,0
-119,-0.029053,2018,13,13,29,0
-118,-0.028809,2018,15,13,31,0
-117,-0.028564,2019,14,11,28,0
-116,-0.028320,2019,12,13,28,0
-115,-0.028076,2019,12,13,28,0
-114,-0.027832,2019,15,13,31,0
-113,-0.027588,2020,14,12,29,0
-112,-0.027344,2020,13,13,29,0
-111,-0.027100,2020,13,13,29,0
-110,-0.026855,2020,15,13,31,0
-109,-0.026611,2021,14,11,28,0
-108,-0.026367,2021,12,13,28,0
-107,-0.026123,2021,12,13,28,0
-106,-0.025879,2021,15,13,31,0
-105,-0.025635,2022,14,12,29,0
-104,-0.025391,2022,13,13,29,0
-103,-0.025146,2022,13,13,29,0
-102,-0.024902,2022,15,13,31,0
-101,-0.024658,2023,14,11,28,0
-100,-0.024414,2023,12,13,28,0
-99,-0.024170,2023,12,13,28,0
-98,-0.023926,2023,15,13,31,0
-97,-0.023682,2024,14,12,29,0
-96,-0.023438,2024,13,13,29,0
-95,-0.023193,2024,13,13,29,0
-94,-0.022949,2024,15,13,31,0
-93,-0.022705,2025,14,11,28,0
-92,-0.022461,2025,12,13,28,0
-91,-0.022217,2025,12,13,28,0
-90,-0.021973,2025,15,13,31,0
-89,-0.021729,2026,14,12,29,0
-88,-0.021484,2026,13,13,29,0
-87,-0.021240,2026,13,13,29,0
-86,-0.020996,2026,15,13,31,0
-85,-0.020752,2027,14,11,28,0
-84,-0.020508,2027,12,13,28,0
-83,-0.020264,2027,12,13,28,0
-82,-0.020020,2027,15,13,31,0
-81,-0.019775,2028,14,12,29,0
-80,-0.019531,2028,13,13,29,0
-79,-0.019287,2028,13,13,29,0
-78,-0.019043,2028,15,13,31,0
-77,-0.018799,2029,14,11,28,0
-76,-0.018555,2029,12,13,28,0
-75,-0.018311,2029,12,13,28,0
-74,-0.018066,2029,15,13,31,0
-73,-0.017822,2030,14,12,29,0
-72,-0.017578,2030,13,13,29,0
-71,-0.017334,2030,13,13,29,0
-70,-0.017090,2030,15,13,31,0
-69,-0.016846,2031,14,11,28,0
-68,-0.016602,2031,12,11,26,0
-67,-0.016357,2031,12,13,28,0
-66,-0.016113,2032,17,12,32,0
-65,-0.015869,2032,14,12,29,0
-64,-0.015625,2032,13,13,29,0
-63,-0.015381,2032,13,13,29,0
-62,-0.015137,2032,15,13,31,0
-61,-0.014893,2033,14,11,28,0
-60,-0.014648,2033,12,13,28,0
-59,-0.014404,2033,12,13,28,0
-58,-0.014160,2033,15,13,31,0
-57,-0.013916,2034,14,12,29,0
-56,-0.013672,2034,13,13,29,0
-55,-0.013428,2034,13,13,29,0
-54,-0.013184,2034,15,13,31,0
-53,-0.012939,2035,14,11,28,0
-52,-0.012695,2035,12,11,26,0
-51,-0.012451,2035,12,13,28,0
-50,-0.012207,2036,17,12,32,0
-49,-0.011963,2036,14,12,29,0
-48,-0.011719,2036,13,13,29,0
-47,-0.011475,2036,13,13,29,0
-46,-0.011230,2036,15,13,31,0
-45,-0.010986,2037,14,11,28,0
-44,-0.010742,2037,12,11,26,0
-43,-0.010498,2037,12,13,28,0
-42,-0.010254,2038,17,12,32,0
-41,-0.010010,2038,14,12,29,0
-40,-0.009766,2038,13,12,32,0
-39,-0.009521,2038,13,13,29,0
-38,-0.009277,2039,17,11,31,0
-37,-0.009033,2039,14,11,28,0
-36,-0.008789,2039,14,13,30,0
-35,-0.008545,2039,16,13,32,0
-34,-0.008301,2040,13,12,28,0
-33,-0.008057,2040,13,12,28,0
-32,-0.007812,2040,13,13,29,0
-31,-0.007568,2040,13,13,29,0
-30,-0.007324,2040,15,13,31,0
-29,-0.007080,2041,14,11,28,0
-28,-0.006836,2041,12,13,28,0
-27,-0.006592,2041,12,13,28,0
-26,-0.006348,2041,15,13,31,0
-25,-0.006104,2042,14,12,29,0
-24,-0.005859,2042,13,13,29,0
-23,-0.005615,2042,13,13,29,0
-22,-0.005371,2042,15,13,31,0
-21,-0.005127,2043,14,11,28,0
-20,-0.004883,2043,12,11,26,0
-19,-0.004639,2043,12,13,28,0
-18,-0.004395,2044,17,12,32,0
-17,-0.004150,2044,14,12,29,0
-16,-0.003906,2044,13,13,29,0
-15,-0.003662,2044,13,13,29,0
-14,-0.003418,2044,15,13,31,0
-13,-0.003174,2045,14,11,28,0
-12,-0.002930,2045,12,11,26,0
-11,-0.002686,2045,12,13,28,0
-10,-0.002441,2046,17,12,32,0
-9,-0.002197,2046,14,12,29,0
-8,-0.001953,2046,13,12,32,0
-7,-0.001709,2046,13,13,29,0
-6,-0.001465,2047,17,11,31,0
-5,-0.001221,2047,14,11,28,0
-4,-0.000977,2047,14,13,30,0
-3,-0.000732,2048,17,12,32,0
-2,-0.000488,2048,13,12,28,0
-1,-0.000244,2048,13,12,28,0
0,0.000000,2048,13,13,29,0
1,0.000244,2048,14,13,30,0
2,0.000488,2049,15,11,29,0
3,0.000732,2049,12,11,26,0
4,0.000977,2049,12,13,28,0
5,0.001221,2049,14,13,30,0
6,0.001465,2050,15,12,30,0
7,0.001709,2050,13,12,28,0
8,0.001953,2050,13,13,29,0
9,0.002197,2050,14,13,30,0
10,0.002441,2051,15,11,29,0
11,0.002686,2051,12,11,26,0
12,0.002930,2051,12,13,28,0
13,0.003174,2051,14,13,30,0
14,0.003418,2052,15,12,30,0
15,0.003662,2052,13,12,28,0
16,0.003906,2052,13,12,28,0
17,0.004150,2052,14,13,30,0
18,0.004395,2053,15,11,29,0
19,0.004639,2053,12,11,26,0
20,0.004883,2053,12,13,28,0
21,0.005127,2053,14,13,30,0
22,0.005371,2054,15,12,30,0
23,0.005615,2054,13,12,28,0
24,0.005859,2054,13,13,29,0
25,0.006104,2054,14,13,30,0
26,0.006348,2055,15,11,29,0
27,0.006592,2055,12,11,26,0
28,0.006836,2055,12,13,28,0
29,0.007080,2055,14,13,30,0
30,0.007324,2056,15,12,30,0
31,0.007568,2056,13,12,28,0
32,0.007812,2056,13,12,28,0
33,0.008057,2056,14,13,30,0
34,0.008301,2057,15,11,29,0
35,0.008545,2057,12,11,26,0
36,0.008789,2057,12,13,28,0
37,0.009033,2057,14,13,30,0
38,0.009277,2058,15,12,30,0
39,0.009521,2058,13,12,28,0
40,0.009766,2058,13,13,29,0
41,0.010010,2058,14,13,30,0
42,0.010254,2059,15,11,29,0
43,0.010498,2059,12,11,26,0
44,0.010742,2059,12,13,28,0
45,0.010986,2059,14,13,30,0
46,0.011230,2060,15,12,30,0
47,0.011475,2060,13,12,28,0
48,0.011719,2060,13,12,28,0
49,0.011963,2060,14,13,30,0
50,0.012207,2061,15,11,29,0
51,0.012451,2061,12,11,26,0
52,0.012695,2061,12,13,28,0
53,0.012939,2061,14,13,30,0
54,0.013184,2062,15,12,30,0
55,0.013428,2062,13,12,28,0
56,0.013672,2062,13,13,29,0
57,0.013916,2062,14,13,30,0
58,0.014160,2063,15,11,29,0
59,0.014404,2063,12,11,26,0
60,0.014648,2063,12,13,28,0
61,0.014893,2063,14,13,30,0
62,0.015137,2064,15,12,30,0
63,0.015381,2064,13,12,28,0
64,0.015625,2064,13,12,28,0
65,0.015869,2064,14,13,30,0
66,0.016113,2065,15,11,29,0
67,0.016357,2065,12,11,26,0
68,0.016602,2065,12,13,28,0
69,0.016846,2065,14,13,30,0
70,0.017090,2066,15,12,30,0
71,0.017334,2066,13,12,28,0
72,0.017578,2066,13,13,29,0
73,0.017822,2066,14,13,30,0
74,0.018066,2067,15,11,29,0
75,0.018311,2067,12,11,26,0
76,0.018555,2067,12,13,28,0
77,0.018799,2067,14,13,30,0
78,0.019043,2068,15,12,30,0
79,0.019287,2068,13,12,28,0
80,0.019531,2068,13,12,28,0
81,0.019775,2068,14,13,30,0
82,0.020020,2069,15,11,29,0
83,0.020264,2069,12,11,26,0
84,0.020508,2069,12,13,28,0
85,0.020752,2069,14,13,30,0
86,0.020996,2070,15,12,30,0
87,0.021240,2070,13,12,28,0
88,0.021484,2070,13,13,29,0
89,0.021729,2070,14,13,30,0
90,0.021973,2071,15,11,29,0
91,0.022217,2071,12,11,26,0
92,0.022461,2071,12,13,28,0
93,0.022705,2071,14,13,30,0
94,0.022949,2072,15,12,30,0
95,0.023193,2072,13,12,28,0
96,0.023438,2072,13,12,28,0
97,0.023682,2072,14,13,30,0
98,0.023926,2073,15,11,29,0
99,0.024170,2073,12,11,26,0
100,0.024414,2073,12,13,28,0
101,0.024658,2073,14,13,30,0
102,0.024902,2074,15,12,30,0
103,0.025146,2074,13,12,28,0
104,0.025391,2074,13,13,29,0
105,0.025635,2074,14,13,30,0
106,0.025879,2075,15,11,29,0
107,0.026123,2075,12,11,26,0
108,0.026367,2075,12,13,28,0
109,0.026611,2075,14,13,30,0
110,0.026855,2076,15,12,30,0
111,0.027100,2076,13,12,28,0
112,0.027344,2076,13,12,28,0
113,0.027588,2076,14,13,30,0
114,0.027832,2077,15,11,29,0
115,0.028076,2077,12,11,26,0
116,0.028320,2077,12,13,28,0
117,0.028564,2077,14,13,30,0
118,0.028809,2078,15,12,30,0
119,0.029053,2078,13,12,28,0
120,0.029297,2078,13,13,29,0
121,0.029541,2078,14,13,30,0
122,0.029785,2079,15,11,29,0
123,0.030029,2079,12,11,26,0
124,0.030273,2079,12,13,28,0
125,0.030518,2079,14,13,30,0
126,0.030762,2080,15,12,30,0
127,0.031006,2080,13,12,28,0
128,0.031250,2080,13,12,28,0
129,0.031494,2080,14,13,30,0
130,0.031738,2081,15,11,29,0
131,0.031982,2081,12,11,26,0
132,0.032227,2081,12,11,26,0
133,0.032471,2081,14,13,30,0
134,0.032715,2082,15,12,30,0
135,0.032959,2082,13,12,28,0
136,0.033203,2082,13,12,28,0
137,0.033447,2082,14,13,30,0
138,0.033691,2083,15,11,29,0
139,0.033936,2083,12,11,26,0
140,0.034180,2083,12,11,26,0
141,0.034424,2083,14,13,30,0
142,0.034668,2084,15,12,30,0
143,0.034912,2084,13,12,28,0
144,0.035156,2084,13,12,28,0
145,0.035400,2084,14,13,30,0
146,0.035645,2085,15,11,29,0
147,0.035889,2085,12,11,26,0
148,0.036133,2085,12,11,26,0
149,0.036377,2085,14,13,30,0
150,0.036621,2086,15,12,30,0
151,0.036865,2086,13,12,28,0
152,0.037109,2086,13,12,28,0
153,0.037354,2086,14,13,30,0
154,0.037598,2087,15,11,29,0
155,0.037842,2087,12,11,26,0
156,0.038086,2087,12,11,26,0
157,0.038330,2087,14,13,30,0
158,0.038574,2088,15,12,30,0
159,0.038818,2088,13,12,28,0
160,0.039062,2088,13,12,28,0
161,0.039307,2088,14,13,30,0
162,0.039551,2088,17,13,33,0
163,0.039795,2089,12,11,26,0
164,0.040039,2089,12,11,26,0
165,0.040283,2089,14,13,30,0
166,0.040527,2089,17,13,33,0
167,0.040771,2090,13,12,28,0
168,0.041016,2090,13,12,28,0
169,0.041260,2090,14,13,30,0
170,0.041504,2090,17,13,33,0
171,0.041748,2091,12,11,26,0
172,0.041992,2091,12,11,26,0
173,0.042236,2091,14,13,30,0
174,0.042480,2091,17,13,33,0
175,0.042725,2092,13,12,28,0
176,0.042969,2092,13,12,28,0
177,0.043213,2092,14,13,30,0
178,0.043457,2093,15,11,29,0
179,0.043701,2093,12,11,26,0
180,0.043945,2093,12,13,28,0
181,0.044189,2093,14,13,30,0
182,0.044434,2094,15,12,30,0
183,0.044678,2094,13,12,28,0
184,0.044922,2094,13,13,29,0
185,0.045166,2094,14,13,30,0
186,0.045410,2095,15,11,29,0
187,0.045654,2095,12,11,26,0
188,0.045898,2095,12,13,28,0
189,0.046143,2095,14,13,30,0
190,0.046387,2096,15,12,30,0
191,0.046631,2096,13,12,28,0
192,0.046875,2096,13,12,28,0
193,0.047119,2096,14,13,30,0
194,0.047363,2097,15,11,29,0
195,0.047607,2097,12,11,26,0
196,0.047852,2097,12,11,26,0
197,0.048096,2097,14,13,30,0
198,0.048340,2098,15,12,30,0
199,0.048584,2098,13,12,28,0
200,0.048828,2098,13,12,28,0
201,0.049072,2098,14,13,30,0
202,0.049316,2099,15,11,29,0
203,0.049561,2099,12,11,26,0
204,0.049805,2099,12,11,26,0
205,0.050049,2099,14,13,30,0
206,0.050293,2100,15,12,30,0
207,0.050537,2100,13,12,28,0
208,0.050781,2100,13,12,28,0
209,0.051025,2100,14,13,30,0
210,0.051270,2101,15,11,29,0
211,0.051514,2101,12,11,26,0
212,0.051758,2101,12,11,26,0
213,0.052002,2101,14,13,30,0
214,0.052246,2102,15,12,30,0
215,0.052490,2102,13,12,28,0
216,0.052734,2102,13,12,28,0
217,0.052979,2102,14,13,30,0
218,0.053223,2103,15,11,29,0
219,0.053467,2103,12,11,26,0
220,0.053711,2103,12,11,26,0
221,0.053955,2103,14,13,30,0
222,0.054199,2104,15,12,30,0
223,0.054443,2104,13,12,28,0
224,0.054688,2104,13,12,28,0
225,0.054932,2104,14,13,30,0
226,0.055176,2105,15,11,29,0
227,0.055420,2105,12,11,26,0
228,0.055664,2105,12,11,26,0
229,0.055908,2105,14,13,30,0
230,0.056152,2106,15,12,30,0
231,0.056396,2106,13,12,28,0
232,0.056641,2106,13,12,28,0
233,0.056885,2106,14,13,30,0
234,0.057129,2107,15,11,29,0
235,0.057373,2107,12,11,26,0
236,0.057617,2107,12,11,26,0
237,0.057861,2107,14,13,30,0
238,0.058105,2108,15,12,30,0
239,0.058350,2108,13,12,28,0
240,0.058594,2108,13,12,28,0
241,0.058838,2108,14,13,30,0
242,0.059082,2108,17,13,33,0
243,0.059326,2109,12,11,26,0
244,0.059570,2109,12,11,26,0
245,0.059814,2109,14,13,30,0
246,0.060059,2109,17,13,33,0
247,0.060303,2110,13,12,28,0
248,0.060547,2110,13,12,28,0
249,0.060791,2110,14,13,30,0
250,0.061035,2110,17,13,33,0
251,0.061279,2111,12,11,26,0
252,0.061523,2111,12,11,26,0
253,0.061768,2111,14,13,30,0
254,0.062012,2111,17,13,33,0
255,0.062256,2112,13,12,28,0
256,0.062500,2112,13,12,28,0
257,0.062744,2112,14,13,30,0
258,0.062988,2112,16,13,32,0
259,0.063232,2113,12,11,26,0
260,0.063477,2113,12,11,26,0
261,0.063721,2113,14,13,30,0
262,0.063965,2113,16,13,32,0
263,0.064209,2114,13,12,28,0
264,0.064453,2114,13,12,28,0
265,0.064697,2114,14,13,30,0
266,0.064941,2114,16,13,32,0
267,0.065186,2115,12,11,26,0
268,0.065430,2115,12,11,26,0
269,0.065674,2115,14,13,30,0
270,0.065918,2115,16,13,32,0
271,0.066162,2116,13,12,28,0
272,0.066406,2116,13,12,28,0
273,0.066650,2116,14,13,30,0
274,0.066895,2117,15,11,29,0
275,0.067139,2117,12,11,26,0
276,0.067383,2117,12,13,28,0
277,0.067627,2117,14,13,30,0
278,0.067871,2118,15,12,30,0
279,0.068115,2118,13,12,28,0
280,0.068359,2118,13,13,29,0
281,0.068604,2118,14,13,30,0
282,0.068848,2119,15,11,29,0
283,0.069092,2119,12,11,26,0
284,0.069336,2119,12,13,28,0
285,0.069580,2119,14,13,30,0
286,0.069824,2120,15,12,30,0
287,0.070068,2120,13,12,28,0
288,0.070312,2120,13,12,28,0
289,0.070557,2120,14,13,30,0
290,0.070801,2120,17,13,33,0
291,0.071045,2121,12,11,26,0
292,0.071289,2121,12,11,26,0
293,0.071533,2121,14,13,30,0
294,0.071777,2121,17,13,33,0
295,0.072021,2122,13,12,28,0
296,0.072266,2122,13,12,28,0
297,0.072510,2122,14,13,30,0
298,0.072754,2122,17,13,33,0
299,0.072998,2123,12,11,26,0
300,0.073242,2123,12,11,26,0
301,0.073486,2123,14,13,30,0
302,0.073730,2123,17,13,33,0
303,0.073975,2124,13,12,28,0
304,0.074219,2124,13,12,28,0
305,0.074463,2124,14,13,30,0
306,0.074707,2124,17,13,33,0
307,0.074951,2125,12,11,26,0
308,0.075195,2125,12,11,26,0
309,0.075439,2125,14,13,30,0
310,0.075684,2125,17,13,33,0
311,0.075928,2126,13,12,28,0
312,0.076172,2126,13,12,28,0
313,0.076416,2126,14,13,30,0
314,0.076660,2127,15,11,29,0
315,0.076904,2127,12,11,26,0
316,0.077148,2127,12,11,26,0
317,0.077393,2127,14,13,30,0
318,0.077637,2128,15,12,30,0
319,0.077881,2128,13,12,28,0
320,0.078125,2128,13,12,28,0
321,0.078369,2128,14,13,30,0
322,0.078613,2128,17,13,33,0
323,0.078857,2129,12,11,26,0
324,0.079102,2129,12,11,26,0
325,0.079346,2129,14,13,30,0
326,0.079590,2129,17,13,33,0
327,0.079834,2130,13,12,28,0
328,0.080078,2130,13,12,28,0
329,0.080322,2130,14,13,30,0
330,0.080566,2130,16,13,32,0
331,0.080811,2131,12,11,26,0
332,0.081055,2131,12,11,26,0
333,0.081299,2131,14,13,30,0
334,0.081543,2131,16,13,32,0
335,0.081787,2132,13,12,28,0
336,0.082031,2132,13,12,28,0
337,0.082275,2132,14,13,30,0
338,0.082520,2133,15,11,29,0
339,0.082764,2133,12,11,26,0
340,0.083008,2133,12,11,26,0
341,0.083252,2133,14,13,30,0
342,0.083496,2134,15,12,30,0
343,0.083740,2134,13,12,28,0
344,0.083984,2134,13,12,28,0
345,0.084229,2134,14,13,30,0
346,0.084473,2134,17,13,33,0
347,0.084717,2135,12,11,26,0
348,0.084961,2135,12,11,26,0
349,0.085205,2135,14,13,30,0
350,0.085449,2135,17,13,33,0
351,0.085693,2136,13,12,28,0
352,0.085938,2136,13,12,28,0
353,0.086182,2136,14,13,30,0
354,0.086426,2137,15,11,29,0
355,0.086670,2137,12,11,26,0
356,0.086914,2137,12,13,28,0
357,0.087158,2137,14,13,30,0
358,0.087402,2138,15,12,30,0
359,0.087646,2138,13,12,28,0
360,0.087891,2138,13,13,29,0
361,0.088135,2138,14,13,30,0
362,0.088379,2139,15,11,29,0
363,0.088623,2139,12,11,26,0
364,0.088867,2139,12,11,26,0
365,0.089111,2139,14,13,30,0
366,0.089355,2140,15,12,30,0
367,0.089600,2140,13,12,28,0
368,0.089844,2140,13,12,28,0
369,0.090088,2140,14,13,30,0
370,0.090332,2141,15,11,29,0
371,0.090576,2141,12,11,26,0
372,0.090820,2141,12,11,26,0
373,0.091064,2141,14,13,30,0
374,0.091309,2142,15,12,30,0
375,0.091553,2142,13,12,28,0
376,0.091797,2142,13,12,28,0
377,0.092041,2142,14,13,30,0
378,0.092285,2142,17,13,33,0
379,0.092529,2143,12,11,26,0
380,0.092773,2143,12,11,26,0
381,0.093018,2143,14,13,30,0
382,0.093262,2143,17,13,33,0
383,0.093506,2144,13,12,28,0
384,0.093750,2144,13,12,28,0
385,0.093994,2144,14,13,30,0
386,0.094238,2145,15,11,29,0
387,0.094482,2145,12,11,26,0
388,0.094727,2145,12,13,28,0
389,0.094971,2145,14,13,30,0
390,0.095215,2146,15,12,30,0
391,0.095459,2146,13,12,28,0
392,0.095703,2146,13,13,29,0
393,0.095947,2146,14,13,30,0
394,0.096191,2147,15,11,29,0
395,0.096436,2147,12,11,26,0
396,0.096680,2147,12,11,26,0
397,0.096924,2147,14,13,30,0
398,0.097168,2148,15,12,30,0
399,0.097412,2148,13,12,28,0
400,0.097656,2148,13,12,28,0
401,0.097900,2148,14,13,30,0
402,0.098145,2149,15,11,29,0
403,0.098389,2149,12,11,26,0
404,0.098633,2149,12,11,26,0
405,0.098877,2149,14,13,30,0
406,0.099121,2150,15,12,30,0
407,0.099365,2150,13,12,28,0
408,0.099609,2150,13,12,28,0
409,0.099854,2150,14,13,30,0
410,0.100098,2150,17,13,33,0
411,0.100342,2151,12,11,26,0
412,0.100586,2151,12,11,26,0
413,0.100830,2151,14,13,30,0
414,0.101074,2151,17,13,33,0
415,0.101318,2152,13,12,28,0
416,0.101562,2152,13,12,28,0
417,0.101807,2152,14,13,30,0
418,0.102051,2152,17,13,33,0
419,0.102295,2153,12,11,26,0
420,0.102539,2153,12,11,26,0
421,0.102783,2153,14,13,30,0
422,0.103027,2153,17,13,33,0
423,0.103271,2154,13,12,28,0
424,0.103516,2154,13,12,28,0
425,0.103760,2154,14,13,30,0
426,0.104004,2154,16,13,32,0
427,0.104248,2155,12,11,26,0
428,0.104492,2155,12,11,26,0
429,0.104736,2155,14,13,30,0
430,0.104980,2155,16,13,32,0
431,0.105225,2156,13,12,28,0
432,0.105469,2156,13,12,28,0
433,0.105713,2156,14,13,30,0
434,0.105957,2157,15,11,29,0
435,0.106201,2157,12,11,26,0
436,0.106445,2157,12,11,26,0
437,0.106689,2157,14,13,30,0
438,0.106934,2158,15,12,30,0
439,0.107178,2158,13,12,28,0
440,0.107422,2158,13,12,28,0
441,0.107666,2158,14,13,30,0
442,0.107910,2158,17,13,33,0
443,0.108154,2159,12,11,26,0
444,0.108398,2159,12,11,26,0
445,0.108643,2159,14,13,30,0
446,0.108887,2159,17,13,33,0
447,0.109131,2160,13,12,28,0
448,0.109375,2160,13,12,28,0
449,0.109619,2160,14,13,30,0
450,0.109863,2160,17,13,33,0
451,0.110107,2161,12,11,26,0
452,0.110352,2161,12,11,26,0
453,0.110596,2161,14,13,30,0
454,0.110840,2161,17,13,33,0
455,0.111084,2162,13,12,28,0
456,0.111328,2162,13,12,28,0
457,0.111572,2162,14,13,30,0
458,0.111816,2162,16,13,32,0
459,0.112061,2163,12,11,26,0
460,0.112305,2163,12,11,26,0
461,0.112549,2163,14,13,30,0
462,0.112793,2163,16,13,32,0
463,0.113037,2164,13,12,28,0
464,0.113281,2164,13,12,28,0
465,0.113525,2164,14,13,30,0
466,0.113770,2164,16,13,32,0
467,0.114014,2165,12,11,26,0
468,0.114258,2165,12,11,26,0
469,0.114502,2165,14,13,30,0
470,0.114746,2165,16,13,32,0
471,0.114990,2166,13,12,28,0
472,0.115234,2166,13,12,28,0
473,0.115479,2166,14,13,30,0
474,0.115723,2166,16,13,32,0
475,0.115967,2167,12,11,26,0
476,0.116211,2167,12,11,26,0
477,0.116455,2167,14,13,30,0
478,0.116699,2167,16,13,32,0
479,0.116943,2168,13,12,28,0
480,0.117188,2168,13,12,28,0
481,0.117432,2168,14,13,30,0
482,0.117676,2168,17,13,33,0
483,0.117920,2169,12,11,26,0
484,0.118164,2169,12,11,26,0
485,0.118408,2169,14,13,30,0
486,0.118652,2169,17,13,33,0
487,0.118896,2170,13,12,28,0
488,0.119141,2170,13,12,28,0
489,0.119385,2170,14,13,30,0
490,0.119629,2170,17,13,33,0
491,0.119873,2171,12,11,26,0
492,0.120117,2171,12,11,26,0
493,0.120361,2171,14,13,30,0
494,0.120605,2171,17,13,33,0
495,0.120850,2172,13,12,28,0
496,0.121094,2172,13,12,28,0
497,0.121338,2172,14,13,30,0
498,0.121582,2172,17,13,33,0
499,0.121826,2173,12,11,26,0
500,0.122070,2173,12,11,26,0
501,0.122314,2173,14,13,30,0
502,0.122559,2173,17,13,33,0
503,0.122803,2174,13,12,28,0
504,0.123047,2174,13,12,28,0
505,0.123291,2174,14,13,30,0
506,0.123535,2174,16,13,32,0
507,0.123779,2175,12,11,26,0
508,0.124023,2175,12,11,26,0
509,0.124268,2175,14,13,30,0
510,0.124512,2175,16,13,32,0
511,0.124756,2176,13,12,28,0
512,0.125000,2176,13,12,28,0
513,0.125244,2176,13,13,29,0
514,0.125488,2176,13,13,29,0
515,0.125732,2176,17,13,33,0
516,0.125977,2177,14,11,28,0
517,0.126221,2177,12,13,28,0
518,0.126465,2177,12,13,28,0
519,0.126709,2177,17,13,33,0
520,0.126953,2178,14,12,29,0
521,0.127197,2178,13,13,29,0
522,0.127441,2178,13,13,29,0
523,0.127686,2179,16,11,30,0
524,0.127930,2179,14,11,28,0
525,0.128174,2179,12,13,28,0
526,0.128418,2179,12,13,28,0
527,0.128662,2180,16,12,31,0
528,0.128906,2180,14,12,29,0
529,0.129150,2180,13,13,29,0
530,0.129395,2180,13,13,29,0
531,0.129639,2181,16,11,30,0
532,0.129883,2181,14,11,28,0
533,0.130127,2181,12,13,28,0
534,0.130371,2181,12,13,28,0
535,0.130615,2182,16,12,31,0
536,0.130859,2182,14,12,29,0
537,0.131104,2182,13,13,29,0
538,0.131348,2182,13,13,29,0
539,0.131592,2182,17,13,33,0
540,0.131836,2183,14,11,28,0
541,0.132080,2183,12,13,28,0
542,0.132324,2183,12,13,28,0
543,0.132568,2183,17,13,33,0
544,0.132812,2184,14,12,29,0
545,0.133057,2184,13,13,29,0
546,0.133301,2184,13,13,29,0
547,0.133545,2184,17,13,33,0
548,0.133789,2185,14,11,28,0
549,0.134033,2185,12,13,28,0
550,0.134277,2185,12,13,28,0
551,0.134521,2185,17,13,33,0
552,0.134766,2186,14,12,29,0
553,0.135010,2186,13,12,32,0
554,0.135254,2186,13,13,29,0
555,0.135498,2186,15,13,31,0
556,0.135742,2187,14,11,28,0
557,0.135986,2187,12,11,26,0
558,0.136230,2187,12,13,28,0
559,0.136475,2187,15,13,31,0
560,0.136719,2188,14,12,29,0
561,0.136963,2188,13,13,29,0
562,0.137207,2188,13,13,29,0
563,0.137451,2189,16,11,30,0
564,0.137695,2189,14,11,28,0
565,0.137939,2189,12,13,28,0
566,0.138184,2189,12,13,28,0
567,0.138428,2190,16,12,31,0
568,0.138672,2190,14,12,29,0
569,0.138916,2190,13,13,29,0
570,0.139160,2190,13,13,29,0
571,0.139404,2191,16,11,30,0
572,0.139648,2191,14,11,28,0
573,0.139893,2191,12,13,28,0
574,0.140137,2191,12,13,28,0
575,0.140381,2192,16,12,31,0
576,0.140625,2192,14,12,29,0
577,0.140869,2192,13,13,29,0
578,0.141113,2192,13,13,29,0
579,0.141357,2192,17,13,33,0
580,0.141602,2193,14,11,28,0
581,0.141846,2193,12,13,28,0
582,0.142090,2193,12,13,28,0
583,0.142334,2193,17,13,33,0
584,0.142578,2194,14,12,29,0
585,0.142822,2194,13,13,29,0
586,0.143066,2194,13,13,29,0
587,0.143311,2194,17,13,33,0
588,0.143555,2195,14,11,28,0
589,0.143799,2195,12,13,28,0
590,0.144043,2195,12,13,28,0
591,0.144287,2195,17,13,33,0
592,0.144531,2196,14,12,29,0
593,0.144775,2196,13,13,29,0
594,0.145020,2196,13,13,29,0
595,0.145264,2197,16,11,30,0
596,0.145508,2197,14,11,28,0
597,0.145752,2197,12,13,28,0
598,0.145996,2197,12,13,28,0
599,0.146240,2198,16,12,31,0
600,0.146484,2198,14,12,29,0
601,0.146729,2198,13,13,29,0
602,0.146973,2198,13,13,29,0
603,0.147217,2198,17,13,33,0
604,0.147461,2199,14,11,28,0
605,0.147705,2199,12,13,28,0
606,0.147949,2199,12,13,28,0
607,0.148193,2199,17,13,33,0
608,0.148438,2200,14,12,29,0
609,0.148682,2200,13,13,29,0
610,0.148926,2200,13,13,29,0
611,0.149170,2201,16,11,30,0
612,0.149414,2201,14,11,28,0
613,0.149658,2201,12,13,28,0
614,0.149902,2201,12,13,28,0
615,0.150146,2202,16,12,31,0
616,0.150391,2202,14,12,29,0
617,0.150635,2202,13,13,29,0
618,0.150879,2202,13,13,29,0
619,0.151123,2203,16,11,30,0
620,0.151367,2203,14,11,28,0
621,0.151611,2203,12,13,28,0
622,0.151855,2203,12,13,28,0
623,0.152100,2204,16,12,31,0
624,0.152344,2204,14,12,29,0
625,0.152588,2204,13,13,29,0
626,0.152832,2204,13,13,29,0
627,0.153076,2205,16,11,30,0
628,0.153320,2205,14,11,28,0
629,0.153564,2205,12,13,28,0
630,0.153809,2205,12,13,28,0
631,0.154053,2206,16,12,31,0
632,0.154297,2206,14,12,29,0
633,0.154541,2206,13,13,29,0
634,0.154785,2206,13,13,29,0
635,0.155029,2206,17,13,33,0
636,0.155273,2207,14,11,28,0
637,0.155518,2207,12,13,28,0
638,0.155762,2207,12,13,28,0
639,0.156006,2208,16,12,31,0
640,0.156250,2208,14,12,29,0
641,0.156494,2208,13,13,29,0
642,0.156738,2208,13,13,29,0
643,0.156982,2208,15,13,31,0
644,0.157227,2209,14,11,28,0
645,0.157471,2209,12,11,26,0
646,0.157715,2209,12,13,28,0
647,0.157959,2209,15,13,31,0
648,0.158203,2210,14,12,29,0
649,0.158447,2210,13,12,32,0
650,0.158691,2210,13,13,29,0
651,0.158936,2210,15,13,31,0
652,0.159180,2211,14,11,28,0
653,0.159424,2211,12,11,26,0
654,0.159668,2211,12,13,28,0
655,0.159912,2211,15,13,31,0
656,0.160156,2212,14,12,29,0
657,0.160400,2212,13,12,32,0
658,0.160645,2212,13,13,29,0
659,0.160889,2212,15,13,31,0
660,0.161133,2213,14,11,28,0
661,0.161377,2213,12,11,26,0
662,0.161621,2213,12,13,28,0
663,0.161865,2213,15,13,31,0
664,0.162109,2214,14,12,29,0
665,0.162354,2214,13,12,32,0
666,0.162598,2214,13,13,29,0
667,0.162842,2214,15,13,31,0
668,0.163086,2215,14,11,28,0
669,0.163330,2215,12,11,26,0
670,0.163574,2215,12,13,28,0
671,0.163818,2215,15,13,31,0
672,0.164062,2216,14,12,29,0
673,0.164307,2216,13,12,32,0
674,0.164551,2216,13,13,29,0
675,0.164795,2216,15,13,31,0
676,0.165039,2217,14,11,28,0
677,0.165283,2217,12,11,26,0
678,0.165527,2217,12,13,28,0
679,0.165771,2217,15,13,31,0
680,0.166016,2218,14,12,29,0
681,0.166260,2218,13,12,32,0
682,0.166504,2218,13,13,29,0
683,0.166748,2218,13,13,29,0
684,0.166992,2219,15,11,29,0
685,0.167236,2219,12,11,26,0
686,0.167480,2219,12,13,28,0
687,0.167725,2219,15,13,31,0
688,0.167969,2220,14,12,29,0
689,0.168213,2220,13,12,32,0
690,0.168457,2220,13,13,29,0
691,0.168701,2220,15,13,31,0
692,0.168945,2221,14,11,28,0
693,0.169189,2221,12,11,26,0
694,0.169434,2221,12,13,28,0
695,0.169678,2221,15,13,31,0
696,0.169922,2222,14,12,29,0
697,0.170166,2222,13,12,32,0
698,0.170410,2222,13,13,29,0
699,0.170654,2222,13,13,29,0
700,0.170898,2223,15,11,29,0
701,0.171143,2223,12,11,26,0
702,0.171387,2223,12,13,28,0
703,0.171631,2223,15,13,31,0
704,0.171875,2224,14,12,29,0
705,0.172119,2224,13,12,32,0
706,0.172363,2224,13,13,29,0
707,0.172607,2224,13,13,29,0
708,0.172852,2225,15,11,29,0
709,0.173096,2225,12,11,26,0
710,0.173340,2225,12,13,28,0
711,0.173584,2225,12,13,28,0
712,0.173828,2226,15,12,30,0
713,0.174072,2226,13,12,32,0
714,0.174316,2226,13,13,29,0
715,0.174561,2226,15,13,31,0
716,0.174805,2227,14,11,28,0
717,0.175049,2227,12,11,26,0
718,0.175293,2227,12,13,28,0
719,0.175537,2227,12,13,28,0
720,0.175781,2228,15,12,30,0
721,0.176025,2228,13,12,32,0
722,0.176270,2228,13,13,29,0
723,0.176514,2228,13,13,29,0
724,0.176758,2229,15,11,29,0
725,0.177002,2229,12,11,26,0
726,0.177246,2229,12,13,28,0
727,0.177490,2229,12,13,28,0
728,0.177734,2230,15,12,30,0
729,0.177979,2230,13,12,32,0
730,0.178223,2230,13,13,29,0
731,0.178467,2230,13,13,29,0
732,0.178711,2231,15,11,29,0
733,0.178955,2231,12,11,26,0
734,0.179199,2231,12,13,28,0
735,0.179443,2231,12,13,28,0
736,0.179688,2232,15,12,30,0
737,0.179932,2232,13,12,32,0
738,0.180176,2232,13,13,29,0
739,0.180420,2232,13,13,29,0
740,0.180664,2233,15,11,29,0
741,0.180908,2233,12,11,26,0
742,0.181152,2233,12,13,28,0
743,0.181396,2233,12,13,28,0
744,0.181641,2234,15,12,30,0
745,0.181885,2234,13,12,32,0
746,0.182129,2234,13,13,29,0
747,0.182373,2234,13,13,29,0
748,0.182617,2234,17,13,33,0
749,0.182861,2235,12,11,26,0
750,0.183105,2235,12,13,28,0
751,0.183350,2235,12,13,28,0
752,0.183594,2236,15,12,30,0
753,0.183838,2236,13,12,32,0
754,0.184082,2236,13,13,29,0
755,0.184326,2236,13,13,29,0
756,0.184570,2236,17,13,33,0
757,0.184814,2237,12,11,26,0
758,0.185059,2237,12,13,28,0
759,0.185303,2237,12,13,28,0
760,0.185547,2237,17,13,33,0
761,0.185791,2238,13,12,32,0
762,0.186035,2238,13,12,32,0
763,0.186279,2238,13,13,29,0
764,0.186523,2238,16,13,32,0
765,0.186768,2239,12,11,26,0
766,0.187012,2239,12,13,28,0
767,0.187256,2239,12,13,28,0
768,0.187500,2240,15,12,30,0
769,0.187744,2240,13,12,32,0
770,0.187988,2240,13,12,32,0
771,0.188232,2240,13,13,29,0
772,0.188477,2240,13,13,29,0
773,0.188721,2241,11,11,25,0
774,0.188965,2241,11,11,25,0
775,0.189209,2241,11,13,27,0
776,0.189453,2241,11,13,27,0
777,0.189697,2242,13,12,28,0
778,0.189941,2242,13,12,28,0
779,0.190186,2242,13,13,29,0
780,0.190430,2242,13,13,29,0
781,0.190674,2243,12,11,26,0
782,0.190918,2243,12,11,26,0
783,0.191162,2243,12,13,28,0
784,0.191406,2243,12,13,28,0
785,0.191650,2244,12,12,31,0
786,0.191895,2244,12,12,31,0
787,0.192139,2244,12,13,28,0
788,0.192383,2244,12,13,28,0
789,0.192627,2245,16,11,30,0
790,0.192871,2245,13,11,27,0
791,0.193115,2245,13,13,29,0
792,0.193359,2245,13,13,29,0
793,0.193604,2246,11,12,26,0
794,0.193848,2246,11,12,26,0
795,0.194092,2246,11,13,27,0
796,0.194336,2246,11,13,27,0
797,0.194580,2247,13,11,27,0
798,0.194824,2247,13,11,27,0
799,0.195068,2247,13,13,29,0
800,0.195312,2247,13,13,29,0
801,0.195557,2248,13,12,32,0
802,0.195801,2248,13,12,32,0
803,0.196045,2248,13,13,29,0
804,0.196289,2248,16,13,32,0
805,0.196533,2249,12,11,26,0
806,0.196777,2249,12,11,26,0
807,0.197021,2249,12,13,28,0
808,0.197266,2249,12,13,28,0
809,0.197510,2250,13,12,32,0
810,0.197754,2250,13,12,32,0
811,0.197998,2250,13,13,29,0
812,0.198242,2250,13,13,29,0
813,0.198486,2251,12,11,26,0
814,0.198730,2251,12,11,26,0
815,0.198975,2251,12,13,28,0
816,0.199219,2251,12,13,28,0
817,0.199463,2252,13,12,32,0
818,0.199707,2252,13,12,32,0
819,0.199951,2252,13,13,29,0
820,0.200195,2252,13,13,29,0
821,0.200439,2253,12,11,26,0
822,0.200684,2253,12,11,26,0
823,0.200928,2253,12,13,28,0
824,0.201172,2253,12,13,28,0
825,0.201416,2254,11,12,26,0
826,0.201660,2254,11,12,26,0
827,0.201904,2254,11,13,27,0
828,0.202148,2254,11,13,27,0
829,0.202393,2255,13,11,27,0
830,0.202637,2255,13,11,27,0
831,0.202881,2255,13,13,29,0
832,0.203125,2255,13,13,29,0
833,0.203369,2256,12,12,31,0
834,0.203613,2256,12,12,31,0
835,0.203857,2256,12,13,28,0
836,0.204102,2256,12,13,28,0
837,0.204346,2256,17,13,33,0
838,0.204590,2257,13,11,27,0
839,0.204834,2257,13,11,27,0
840,0.205078,2257,13,13,29,0
841,0.205322,2258,16,12,31,0
842,0.205566,2258,12,12,31,0
843,0.205811,2258,12,12,31,0
844,0.206055,2258,12,13,28,0
845,0.206299,2258,17,13,33,0
846,0.206543,2259,13,11,27,0
847,0.206787,2259,13,11,27,0
848,0.207031,2259,13,13,29,0
849,0.207275,2260,16,12,31,0
850,0.207520,2260,12,12,31,0
851,0.207764,2260,12,12,31,0
852,0.208008,2260,12,13,28,0
853,0.208252,2260,17,13,33,0
854,0.208496,2261,13,11,27,0
855,0.208740,2261,13,11,27,0
856,0.208984,2261,13,13,29,0
857,0.209229,2261,15,13,31,0
858,0.209473,2262,12,12,31,0
859,0.209717,2262,12,12,31,0
860,0.209961,2262,12,13,28,0
861,0.210205,2262,15,13,31,0
862,0.210449,2263,13,11,27,0
863,0.210693,2263,13,11,27,0
864,0.210938,2263,13,13,29,0
865,0.211182,2263,13,13,29,0
866,0.211426,2264,13,12,32,0
867,0.211670,2264,13,13,29,0
868,0.211914,2264,15,13,31,0
869,0.212158,2265,14,11,28,0
870,0.212402,2265,12,11,26,0
871,0.212646,2265,12,13,28,0
872,0.212891,2265,15,13,31,0
873,0.213135,2266,14,12,29,0
874,0.213379,2266,13,12,32,0
875,0.213623,2266,13,13,29,0
876,0.213867,2266,15,13,31,0
877,0.214111,2267,14,11,28,0
878,0.214355,2267,12,11,26,0
879,0.214600,2267,12,13,28,0
880,0.214844,2267,12,13,28,0
881,0.215088,2268,15,12,30,0
882,0.215332,2268,13,12,32,0
883,0.215576,2268,13,13,29,0
884,0.215820,2268,13,13,29,0
885,0.216064,2269,15,11,29,0
886,0.216309,2269,12,11,26,0
887,0.216553,2269,12,13,28,0
888,0.216797,2269,12,13,28,0
889,0.217041,2270,15,12,30,0
890,0.217285,2270,13,12,32,0
891,0.217529,2270,13,13,29,0
892,0.217773,2270,13,13,29,0
893,0.218018,2270,17,13,33,0
894,0.218262,2271,12,11,26,0
895,0.218506,2271,12,13,28,0
896,0.218750,2271,12,13,28,0
897,0.218994,2272,15,12,30,0
898,0.219238,2272,13,12,32,0
899,0.219482,2272,13,12,32,0
900,0.219727,2272,13,13,29,0
901,0.219971,2272,16,13,32,0
902,0.220215,2273,12,11,26,0
903,0.220459,2273,12,11,26,0
904,0.220703,2273,12,13,28,0
905,0.220947,2273,16,13,32,0
906,0.221191,2274,13,12,32,0
907,0.221436,2274,13,12,32,0
908,0.221680,2274,13,13,29,0
909,0.221924,2274,16,13,32,0
910,0.222168,2275,12,11,26,0
911,0.222412,2275,12,11,26,0
912,0.222656,2275,12,13,28,0
913,0.222900,2275,16,13,32,0
914,0.223145,2276,13,12,32,0
915,0.223389,2276,13,12,32,0
916,0.223633,2276,13,13,29,0
917,0.223877,2276,16,13,32,0
918,0.224121,2277,12,11,26,0
919,0.224365,2277,12,11,26,0
920,0.224609,2277,12,13,28,0
921,0.224854,2277,16,13,32,0
922,0.225098,2278,13,12,32,0
923,0.225342,2278,13,12,32,0
924,0.225586,2278,13,13,29,0
925,0.225830,2278,16,13,32,0
926,0.226074,2279,12,11,26,0
927,0.226318,2279,12,11,26,0
928,0.226562,2279,12,13,28,0
929,0.226807,2279,12,13,28,0
930,0.227051,2280,13,12,32,0
931,0.227295,2280,13,12,32,0
932,0.227539,2280,13,13,29,0
933,0.227783,2280,16,13,32,0
934,0.228027,2281,12,11,26,0
935,0.228271,2281,12,11,26,0
936,0.228516,2281,12,13,28,0
937,0.228760,2281,16,13,32,0
938,0.229004,2282,13,12,32,0
939,0.229248,2282,13,12,32,0
940,0.229492,2282,13,13,29,0
941,0.229736,2282,16,13,32,0
942,0.229980,2283,12,11,26,0
943,0.230225,2283,12,11,26,0
944,0.230469,2283,12,13,28,0
945,0.230713,2283,16,13,32,0
946,0.230957,2284,13,12,32,0
947,0.231201,2284,13,12,32,0
948,0.231445,2284,13,13,29,0
949,0.231689,2284,16,13,32,0
950,0.231934,2285,12,11,26,0
951,0.232178,2285,12,11,26,0
952,0.232422,2285,12,13,28,0
953,0.232666,2285,16,13,32,0
954,0.232910,2286,13,12,32,0
955,0.233154,2286,13,12,32,0
956,0.233398,2286,13,13,29,0
957,0.233643,2286,13,13,29,0
958,0.233887,2287,12,11,26,0
959,0.234131,2287,12,11,26,0
960,0.234375,2287,12,13,28,0
961,0.234619,2287,16,13,32,0
962,0.234863,2288,12,12,31,0
963,0.235107,2288,12,12,31,0
964,0.235352,2288,12,13,28,0
965,0.235596,2288,12,13,28,0
966,0.235840,2289,16,11,30,0
967,0.236084,2289,13,11,27,0
968,0.236328,2289,13,11,27,0
969,0.236572,2289,13,13,29,0
970,0.236816,2289,15,13,31,0
971,0.237061,2290,12,12,31,0
972,0.237305,2290,12,12,31,0
973,0.237549,2290,12,13,28,0
974,0.237793,2290,15,13,31,0
975,0.238037,2291,13,11,27,0
976,0.238281,2291,13,11,27,0
977,0.238525,2291,13,13,29,0
978,0.238770,2292,16,12,31,0
979,0.239014,2292,12,12,31,0
980,0.239258,2292,12,12,31,0
981,0.239502,2292,12,13,28,0
982,0.239746,2292,15,13,31,0
983,0.239990,2293,13,11,27,0
984,0.240234,2293,13,11,27,0
985,0.240479,2293,13,13,29,0
986,0.240723,2293,15,13,31,0
987,0.240967,2294,12,12,31,0
988,0.241211,2294,12,12,31,0
989,0.241455,2294,12,13,28,0
990,0.241699,2294,15,13,31,0
991,0.241943,2295,13,11,27,0
992,0.242188,2295,13,11,27,0
993,0.242432,2295,13,13,29,0
994,0.242676,2296,12,12,31,0
995,0.242920,2296,12,12,31,0
996,0.243164,2296,12,13,28,0
997,0.243408,2296,12,13,28,0
998,0.243652,2297,16,11,30,0
999,0.243896,2297,13,11,27,0
1000,0.244141,2297,13,13,29,0
1001,0.244385,2297,13,13,29,0
1002,0.244629,2298,16,12,31,0
1003,0.244873,2298,12,12,31,0
1004,0.245117,2298,12,12,31,0
1005,0.245361,2298,12,13,28,0
1006,0.245605,2298,17,13,33,0
1007,0.245850,2299,13,11,27,0
1008,0.246094,2299,13,11,27,0
1009,0.246338,2299,13,13,29,0
1010,0.246582,2300,16,12,31,0
1011,0.246826,2300,12,12,31,0
1012,0.247070,2300,12,12,31,0
1013,0.247314,2300,12,13,28,0
1014,0.247559,2300,17,13,33,0
1015,0.247803,2301,13,11,27,0
1016,0.248047,2301,13,11,27,0
1017,0.248291,2301,13,13,29,0
1018,0.248535,2301,17,13,33,0
1019,0.248779,2302,12,12,31,0
1020,0.249023,2302,12,12,31,0
1021,0.249268,2302,12,13,28,0
1022,0.249512,2302,15,13,31,0
1023,0.249756,2303,13,11,27,0
1024,0.250000,2303,13,11,27,0
1025,0.250244,2303,13,13,29,0
1026,0.250488,2304,16,12,31,0
1027,0.250732,2304,12,12,31,0
1028,0.250977,2304,12,12,31,0
1029,0.251221,2304,12,13,28,0
1030,0.251465,2304,14,13,30,0
1031,0.251709,2304,16,13,32,0
1032,0.251953,2305,13,11,27,0
1033,0.252197,2305,13,11,27,0
1034,0.252441,2305,13,13,29,0
1035,0.252686,2305,13,13,29,0
1036,0.252930,2306,16,12,31,0
1037,0.253174,2306,14,12,29,0
1038,0.253418,2306,14,13,30,0
1039,0.253662,2306,16,13,32,0
1040,0.253906,2307,13,11,27,0
1041,0.254150,2307,13,11,27,0
1042,0.254395,2307,14,13,30,0
1043,0.254639,2307,16,13,32,0
1044,0.254883,2308,12,12,27,0
1045,0.255127,2308,12,12,27,0
1046,0.255371,2308,12,13,28,0
1047,0.255615,2308,12,13,28,0
1048,0.255859,2309,16,11,30,0
1049,0.256104,2309,14,11,28,0
1050,0.256348,2309,13,13,29,0
1051,0.256592,2309,13,13,29,0
1052,0.256836,2310,16,12,31,0
1053,0.257080,2310,14,12,29,0
1054,0.257324,2310,12,13,28,0
1055,0.257568,2310,12,13,28,0
1056,0.257812,2311,16,11,30,0
1057,0.258057,2311,14,11,28,0
1058,0.258301,2311,14,13,30,0
1059,0.258545,2311,16,13,32,0
1060,0.258789,2312,12,12,31,0
1061,0.259033,2312,12,12,31,0
1062,0.259277,2312,12,13,28,0
1063,0.259521,2312,12,13,28,0
1064,0.259766,2313,16,11,30,0
1065,0.260010,2313,14,11,28,0
1066,0.260254,2313,13,13,29,0
1067,0.260498,2313,13,13,29,0
1068,0.260742,2314,16,12,31,0
1069,0.260986,2314,14,12,29,0
1070,0.261230,2314,12,13,28,0
1071,0.261475,2314,12,13,28,0
1072,0.261719,2315,16,11,30,0
1073,0.261963,2315,14,11,28,0
1074,0.262207,2315,14,13,30,0
1075,0.262451,2315,16,13,32,0
1076,0.262695,2316,12,12,27,0
1077,0.262939,2316,12,12,27,0
1078,0.263184,2316,12,13,28,0
1079,0.263428,2316,12,13,28,0
1080,0.263672,2316,17,13,33,0
1081,0.263916,2317,14,11,28,0
1082,0.264160,2317,13,11,27,0
1083,0.264404,2317,13,13,29,0
1084,0.264648,2317,15,13,31,0
1085,0.264893,2318,14,12,29,0
1086,0.265137,2318,12,13,28,0
1087,0.265381,2318,12,13,28,0
1088,0.265625,2318,17,13,33,0
1089,0.265869,2319,14,11,28,0
1090,0.266113,2319,13,13,29,0
1091,0.266357,2319,13,13,29,0
1092,0.266602,2319,17,13,33,0
1093,0.266846,2320,14,12,29,0
1094,0.267090,2320,12,12,27,0
1095,0.267334,2320,12,13,28,0
1096,0.267578,2320,15,13,31,0
1097,0.267822,2321,14,11,28,0
1098,0.268066,2321,13,11,27,0
1099,0.268311,2321,13,13,29,0
1100,0.268555,2321,13,13,29,0
1101,0.268799,2322,15,12,30,0
1102,0.269043,2322,12,12,27,0
1103,0.269287,2322,12,13,28,0
1104,0.269531,2322,12,13,28,0
1105,0.269775,2323,15,11,29,0
1106,0.270020,2323,13,11,27,0
1107,0.270264,2323,13,13,29,0
1108,0.270508,2323,13,13,29,0
1109,0.270752,2324,15,12,30,0
1110,0.270996,2324,12,12,27,0
1111,0.271240,2324,12,13,28,0
1112,0.271484,2324,12,13,28,0
1113,0.271729,2324,16,13,32,0
1114,0.271973,2325,13,11,27,0
1115,0.272217,2325,13,11,27,0
1116,0.272461,2325,13,13,29,0
1117,0.272705,2325,16,13,32,0
1118,0.272949,2326,12,12,27,0
1119,0.273193,2326,12,12,27,0
1120,0.273438,2326,12,13,28,0
1121,0.273682,2326,16,13,32,0
1122,0.273926,2327,13,13,29,0
1123,0.274170,2327,13,13,29,0
1124,0.274414,2327,17,13,33,0
1125,0.274658,2328,14,12,29,0
1126,0.274902,2328,12,12,27,0
1127,0.275146,2328,12,13,28,0
1128,0.275391,2328,15,13,31,0
1129,0.275635,2329,14,11,28,0
1130,0.275879,2329,13,11,27,0
1131,0.276123,2329,13,13,29,0
1132,0.276367,2329,13,13,29,0
1133,0.276611,2330,15,12,30,0
1134,0.276855,2330,12,12,27,0
1135,0.277100,2330,12,13,28,0
1136,0.277344,2330,12,13,28,0
1137,0.277588,2331,15,11,29,0
1138,0.277832,2331,13,11,27,0
1139,0.278076,2331,13,13,29,0
1140,0.278320,2331,13,13,29,0
1141,0.278564,2332,15,12,30,0
1142,0.278809,2332,12,12,27,0
1143,0.279053,2332,12,13,28,0
1144,0.279297,2332,12,13,28,0
1145,0.279541,2332,16,13,32,0
1146,0.279785,2333,13,11,27,0
1147,0.280029,2333,13,11,27,0
1148,0.280273,2333,13,13,29,0
1149,0.280518,2333,16,13,32,0
1150,0.280762,2334,12,12,27,0
1151,0.281006,2334,12,12,27,0
1152,0.281250,2334,12,13,28,0
1153,0.281494,2334,16,13,32,0
1154,0.281738,2335,13,11,27,0
1155,0.281982,2335,13,13,29,0
1156,0.282227,2335,13,13,29,0
1157,0.282471,2336,15,12,30,0
1158,0.282715,2336,12,12,27,0
1159,0.282959,2336,12,13,28,0
1160,0.283203,2336,12,13,28,0
1161,0.283447,2336,16,13,32,0
1162,0.283691,2337,13,11,27,0
1163,0.283936,2337,13,11,27,0
1164,0.284180,2337,13,13,29,0
1165,0.284424,2337,16,13,32,0
1166,0.284668,2338,12,12,27,0
1167,0.284912,2338,12,12,27,0
1168,0.285156,2338,12,13,28,0
1169,0.285400,2338,16,13,32,0
1170,0.285645,2339,13,11,27,0
1171,0.285889,2339,13,11,27,0
1172,0.286133,2339,13,13,29,0
1173,0.286377,2339,16,13,32,0
1174,0.286621,2340,11,12,30,0
1175,0.286865,2340,11,12,30,0
1176,0.287109,2340,11,13,27,0
1177,0.287354,2340,11,13,27,0
1178,0.287598,2341,16,11,30,0
1179,0.287842,2341,12,11,26,0
1180,0.288086,2341,12,13,28,0
1181,0.288330,2341,12,13,28,0
1182,0.288574,2342,13,12,28,0
1183,0.288818,2342,13,12,28,0
1184,0.289062,2342,13,13,29,0
1185,0.289307,2342,13,13,29,0
1186,0.289551,2343,13,11,27,0
1187,0.289795,2343,13,11,27,0
1188,0.290039,2343,13,13,29,0
1189,0.290283,2343,16,13,32,0
1190,0.290527,2344,11,12,30,0
1191,0.290771,2344,11,12,30,0
1192,0.291016,2344,11,13,27,0
1193,0.291260,2344,11,13,27,0
1194,0.291504,2345,16,11,30,0
1195,0.291748,2345,12,11,26,0
1196,0.291992,2345,12,13,28,0
1197,0.292236,2345,12,13,28,0
1198,0.292480,2346,16,12,31,0
1199,0.292725,2346,13,12,28,0
1200,0.292969,2346,13,12,28,0
1201,0.293213,2346,13,13,29,0
1202,0.293457,2347,16,11,30,0
1203,0.293701,2347,12,11,26,0
1204,0.293945,2347,12,13,28,0
1205,0.294189,2347,12,13,28,0
1206,0.294434,2348,16,12,31,0
1207,0.294678,2348,13,12,28,0
1208,0.294922,2348,13,12,28,0
1209,0.295166,2348,13,13,29,0
1210,0.295410,2348,15,13,31,0
1211,0.295654,2349,12,11,26,0
1212,0.295898,2349,12,11,26,0
1213,0.296143,2349,12,13,28,0
1214,0.296387,2349,15,13,31,0
1215,0.296631,2350,13,12,28,0
1216,0.296875,2350,13,12,28,0
1217,0.297119,2350,13,13,29,0
1218,0.297363,2351,16,11,30,0
1219,0.297607,2351,12,11,26,0
1220,0.297852,2351,12,11,26,0
1221,0.298096,2351,12,13,28,0
1222,0.298340,2352,16,12,31,0
1223,0.298584,2352,13,12,28,0
1224,0.298828,2352,13,12,28,0
1225,0.299072,2352,13,13,29,0
1226,0.299316,2352,15,13,31,0
1227,0.299561,2353,12,11,26,0
1228,0.299805,2353,12,11,26,0
1229,0.300049,2353,12,13,28,0
1230,0.300293,2353,14,13,30,0
1231,0.300537,2354,15,12,30,0
1232,0.300781,2354,13,12,28,0
1233,0.301025,2354,13,13,29,0
1234,0.301270,2354,15,13,31,0
1235,0.301514,2355,12,11,26,0
1236,0.301758,2355,12,11,26,0
1237,0.302002,2355,12,13,28,0
1238,0.302246,2355,15,13,31,0
1239,0.302490,2356,13,12,28,0
1240,0.302734,2356,13,12,28,0
1241,0.302979,2356,13,12,28,0
1242,0.303223,2356,14,13,30,0
1243,0.303467,2356,17,13,33,0
1244,0.303711,2357,12,11,26,0
1245,0.303955,2357,12,11,26,0
1246,0.304199,2357,14,13,30,0
1247,0.304443,2357,17,13,33,0
1248,0.304688,2358,13,12,28,0
1249,0.304932,2358,13,12,28,0
1250,0.305176,2358,15,13,31,0
1251,0.305420,2359,12,11,26,0
1252,0.305664,2359,12,11,26,0
1253,0.305908,2359,12,13,28,0
1254,0.306152,2359,15,13,31,0
1255,0.306396,2360,13,12,28,0
1256,0.306641,2360,13,12,28,0
1257,0.306885,2360,13,12,28,0
1258,0.307129,2360,14,13,30,0
1259,0.307373,2360,16,13,32,0
1260,0.307617,2361,12,11,26,0
1261,0.307861,2361,12,11,26,0
1262,0.308105,2361,14,13,30,0
1263,0.308350,2361,16,13,32,0
1264,0.308594,2362,13,12,28,0
1265,0.308838,2362,13,12,28,0
1266,0.309082,2362,14,13,30,0
1267,0.309326,2362,16,13,32,0
1268,0.309570,2363,12,11,26,0
1269,0.309814,2363,12,11,26,0
1270,0.310059,2363,14,13,30,0
1271,0.310303,2363,16,13,32,0
1272,0.310547,2364,13,12,28,0
1273,0.310791,2364,13,12,28,0
1274,0.311035,2364,13,13,29,0
1275,0.311279,2364,13,13,29,0
1276,0.311523,2364,17,13,33,0
1277,0.311768,2365,14,11,28,0
1278,0.312012,2365,12,13,28,0
1279,0.312256,2365,12,13,28,0
1280,0.312500,2365,17,13,33,0
1281,0.312744,2366,14,12,29,0
1282,0.312988,2366,14,13,30,0
1283,0.313232,2366,16,13,32,0
1284,0.313477,2367,12,11,26,0
1285,0.313721,2367,12,11,26,0
1286,0.313965,2367,14,13,30,0
1287,0.314209,2367,16,13,32,0
1288,0.314453,2368,13,12,28,0
1289,0.314697,2368,13,12,28,0
1290,0.314941,2368,13,13,29,0
1291,0.315186,2368,13,13,29,0
1292,0.315430,2368,13,13,29,0
1293,0.315674,2369,15,11,29,0
1294,0.315918,2369,12,11,26,0
1295,0.316162,2369,12,13,28,0
1296,0.316406,2369,12,13,28,0
1297,0.316650,2370,15,12,30,0
1298,0.316895,2370,13,12,32,0
1299,0.317139,2370,13,13,29,0
1300,0.317383,2370,15,13,31,0
1301,0.317627,2371,14,11,28,0
1302,0.317871,2371,12,11,26,0
1303,0.318115,2371,12,13,28,0
1304,0.318359,2371,12,13,28,0
1305,0.318604,2372,15,12,30,0
1306,0.318848,2372,13,12,32,0
1307,0.319092,2372,13,13,29,0
1308,0.319336,2372,13,13,29,0
1309,0.319580,2372,17,13,33,0
1310,0.319824,2373,12,11,26,0
1311,0.320068,2373,12,11,26,0
1312,0.320312,2373,12,13,28,0
1313,0.320557,2373,16,13,32,0
1314,0.320801,2374,13,12,32,0
1315,0.321045,2374,13,13,29,0
1316,0.321289,2374,13,13,29,0
1317,0.321533,2375,15,11,29,0
1318,0.321777,2375,12,11,26,0
1319,0.322021,2375,12,13,28,0
1320,0.322266,2375,12,13,28,0
1321,0.322510,2375,17,13,33,0
1322,0.322754,2376,13,12,32,0
1323,0.322998,2376,13,12,32,0
1324,0.323242,2376,13,13,29,0
1325,0.323486,2376,13,13,29,0
1326,0.323730,2377,12,11,26,0
1327,0.323975,2377,12,11,26,0
1328,0.324219,2377,12,13,28,0
1329,0.324463,2377,12,13,28,0
1330,0.324707,2378,13,12,32,0
1331,0.324951,2378,13,12,32,0
1332,0.325195,2378,13,13,29,0
1333,0.325439,2378,13,13,29,0
1334,0.325684,2379,11,11,25,0
1335,0.325928,2379,11,11,25,0
1336,0.326172,2379,11,13,27,0
1337,0.326416,2379,11,13,27,0
1338,0.326660,2380,12,12,31,0
1339,0.326904,2380,12,12,31,0
1340,0.327148,2380,12,13,28,0
1341,0.327393,2380,12,13,28,0
1342,0.327637,2381,16,11,30,0
1343,0.327881,2381,13,11,27,0
1344,0.328125,2381,13,11,27,0
1345,0.328369,2381,13,13,29,0
1346,0.328613,2382,13,12,32,0
1347,0.328857,2382,13,12,32,0
1348,0.329102,2382,13,13,29,0
1349,0.329346,2382,13,13,29,0
1350,0.329590,2383,12,11,26,0
1351,0.329834,2383,12,11,26,0
1352,0.330078,2383,12,13,28,0
1353,0.330322,2383,12,13,28,0
1354,0.330566,2384,11,12,26,0
1355,0.330811,2384,11,12,26,0
1356,0.331055,2384,11,12,26,0
1357,0.331299,2384,11,13,27,0
1358,0.331543,2384,15,13,31,0
1359,0.331787,2385,13,11,27,0
1360,0.332031,2385,13,11,27,0
1361,0.332275,2385,13,13,29,0
1362,0.332520,2385,17,13,33,0
1363,0.332764,2386,12,12,31,0
1364,0.333008,2386,12,12,31,0
1365,0.333252,2386,12,13,28,0
1366,0.333496,2386,15,13,31,0
1367,0.333740,2387,13,11,27,0
1368,0.333984,2387,13,11,27,0
1369,0.334229,2387,13,13,29,0
1370,0.334473,2387,15,13,31,0
1371,0.334717,2388,12,12,31,0
1372,0.334961,2388,12,12,31,0
1373,0.335205,2388,12,13,28,0
1374,0.335449,2388,14,13,30,0
1375,0.335693,2389,15,11,29,0
1376,0.335938,2389,13,11,27,0
1377,0.336182,2389,13,11,27,0
1378,0.336426,2389,13,13,29,0
1379,0.336670,2390,16,12,31,0
1380,0.336914,2390,12,12,31,0
1381,0.337158,2390,12,13,28,0
1382,0.337402,2390,12,13,28,0
1383,0.337646,2391,16,11,30,0
1384,0.337891,2391,13,11,27,0
1385,0.338135,2391,13,13,29,0
1386,0.338379,2391,13,13,29,0
1387,0.338623,2392,16,12,31,0
1388,0.338867,2392,12,12,31,0
1389,0.339111,2392,12,12,31,0
1390,0.339355,2392,12,13,28,0
1391,0.339600,2392,14,13,30,0
1392,0.339844,2393,15,11,29,0
1393,0.340088,2393,13,11,27,0
1394,0.340332,2393,13,13,29,0
1395,0.340576,2393,15,13,31,0
1396,0.340820,2394,12,12,31,0
1397,0.341064,2394,12,12,31,0
1398,0.341309,2394,12,13,28,0
1399,0.341553,2394,15,13,31,0
1400,0.341797,2395,13,11,27,0
1401,0.342041,2395,13,11,27,0
1402,0.342285,2395,13,13,29,0
1403,0.342529,2395,15,13,31,0
1404,0.342773,2396,12,12,31,0
1405,0.343018,2396,12,12,31,0
1406,0.343262,2396,12,13,28,0
1407,0.343506,2396,14,13,30,0
1408,0.343750,2397,17,11,31,0
1409,0.343994,2397,13,11,27,0
1410,0.344238,2397,13,13,29,0
1411,0.344482,2397,15,13,31,0
1412,0.344727,2398,12,12,31,0
1413,0.344971,2398,12,12,31,0
1414,0.345215,2398,12,13,28,0
1415,0.345459,2398,14,13,30,0
1416,0.345703,2399,15,11,29,0
1417,0.345947,2399,13,11,27,0
1418,0.346191,2399,13,13,29,0
1419,0.346436,2399,14,13,30,0
1420,0.346680,2400,15,12,30,0
1421,0.346924,2400,12,12,31,0
1422,0.347168,2400,12,12,31,0
1423,0.347412,2400,12,13,28,0
1424,0.347656,2400,12,13,28,0
1425,0.347900,2401,16,11,30,0
1426,0.348145,2401,14,11,28,0
1427,0.348389,2401,13,13,29,0
1428,0.348633,2401,13,13,29,0
1429,0.348877,2402,16,12,31,0
1430,0.349121,2402,14,12,29,0
1431,0.349365,2402,12,13,28,0
1432,0.349609,2402,12,13,28,0
1433,0.349854,2403,16,11,30,0
1434,0.350098,2403,14,11,28,0
1435,0.350342,2403,13,13,29,0
1436,0.350586,2403,13,13,29,0
1437,0.350830,2404,17,12,32,0
1438,0.351074,2404,14,12,29,0
1439,0.351318,2404,12,13,28,0
1440,0.351562,2404,12,13,28,0
1441,0.351807,2404,15,13,31,0
1442,0.352051,2405,14,11,28,0
1443,0.352295,2405,13,13,29,0
1444,0.352539,2405,13,13,29,0
1445,0.352783,2406,16,12,31,0
1446,0.353027,2406,14,12,29,0
1447,0.353271,2406,12,13,28,0
1448,0.353516,2406,12,13,28,0
1449,0.353760,2407,16,11,30,0
1450,0.354004,2407,14,11,28,0
1451,0.354248,2407,13,13,29,0
1452,0.354492,2407,13,13,29,0
1453,0.354736,2408,16,12,31,0
1454,0.354980,2408,14,12,29,0
1455,0.355225,2408,12,13,28,0
1456,0.355469,2408,12,13,28,0
1457,0.355713,2408,12,13,28,0
1458,0.355957,2409,15,11,29,0
1459,0.356201,2409,13,13,29,0
1460,0.356445,2409,13,13,29,0
1461,0.356689,2409,15,13,31,0
1462,0.356934,2410,14,12,29,0
1463,0.357178,2410,12,12,27,0
1464,0.357422,2410,12,13,28,0
1465,0.357666,2410,15,13,31,0
1466,0.357910,2411,14,11,28,0
1467,0.358154,2411,13,11,27,0
1468,0.358398,2411,13,13,29,0
1469,0.358643,2411,13,13,29,0
1470,0.358887,2412,15,12,30,0
1471,0.359131,2412,12,12,27,0
1472,0.359375,2412,12,13,28,0
1473,0.359619,2412,12,13,28,0
1474,0.359863,2413,17,11,31,0
1475,0.360107,2413,13,11,27,0
1476,0.360352,2413,13,13,29,0
1477,0.360596,2413,13,13,29,0
1478,0.360840,2414,15,12,30,0
1479,0.361084,2414,12,12,27,0
1480,0.361328,2414,12,13,28,0
1481,0.361572,2414,12,13,28,0
1482,0.361816,2415,15,11,29,0
1483,0.362061,2415,13,11,27,0
1484,0.362305,2415,13,13,29,0
1485,0.362549,2415,13,13,29,0
1486,0.362793,2416,17,12,32,0
1487,0.363037,2416,12,12,27,0
1488,0.363281,2416,12,12,27,0
1489,0.363525,2416,12,13,28,0
1490,0.363770,2416,12,13,28,0
1491,0.364014,2417,16,11,30,0
1492,0.364258,2417,12,11,26,0
1493,0.364502,2417,12,13,28,0
1494,0.364746,2417,12,13,28,0
1495,0.364990,2418,16,12,31,0
1496,0.365234,2418,13,12,28,0
1497,0.365479,2418,13,13,29,0
1498,0.365723,2418,13,13,29,0
1499,0.365967,2419,16,11,30,0
1500,0.366211,2419,12,11,26,0
1501,0.366455,2419,12,13,28,0
1502,0.366699,2419,12,13,28,0
1503,0.366943,2420,17,12,32,0
1504,0.367188,2420,13,12,28,0
1505,0.367432,2420,13,12,28,0
1506,0.367676,2420,13,13,29,0
1507,0.367920,2421,13,11,27,0
1508,0.368164,2421,13,11,27,0
1509,0.368408,2421,13,13,29,0
1510,0.368652,2421,13,13,29,0
1511,0.368896,2422,11,12,30,0
1512,0.369141,2422,11,12,30,0
1513,0.369385,2422,11,13,27,0
1514,0.369629,2422,11,13,27,0
1515,0.369873,2423,12,11,26,0
1516,0.370117,2423,12,11,26,0
1517,0.370361,2423,12,13,28,0
1518,0.370605,2423,12,13,28,0
1519,0.370850,2424,13,12,28,0
1520,0.371094,2424,13,12,28,0
1521,0.371338,2424,13,13,29,0
1522,0.371582,2424,13,13,29,0
1523,0.371826,2425,17,11,31,0
1524,0.372070,2425,12,11,26,0
1525,0.372314,2425,12,11,26,0
1526,0.372559,2425,12,13,28,0
1527,0.372803,2425,15,13,31,0
1528,0.373047,2426,13,12,28,0
1529,0.373291,2426,13,12,28,0
1530,0.373535,2426,13,13,29,0
1531,0.373779,2426,15,13,31,0
1532,0.374023,2427,12,11,26,0
1533,0.374268,2427,12,11,26,0
1534,0.374512,2427,12,13,28,0
1535,0.374756,2427,15,13,31,0
1536,0.375000,2428,13,12,28,0
1537,0.375244,2428,13,12,28,0
1538,0.375488,2428,13,13,29,0
1539,0.375732,2428,15,13,31,0
1540,0.375977,2429,12,11,26,0
1541,0.376221,2429,12,11,26,0
1542,0.376465,2429,12,13,28,0
1543,0.376709,2429,15,13,31,0
1544,0.376953,2430,13,12,28,0
1545,0.377197,2430,13,12,28,0
1546,0.377441,2430,13,13,29,0
1547,0.377686,2430,14,13,30,0
1548,0.377930,2431,15,11,29,0
1549,0.378174,2431,12,11,26,0
1550,0.378418,2431,12,13,28,0
1551,0.378662,2431,14,13,30,0
1552,0.378906,2432,15,12,30,0
1553,0.379150,2432,13,12,28,0
1554,0.379395,2432,13,12,28,0
1555,0.379639,2432,13,13,29,0
1556,0.379883,2432,13,13,29,0
1557,0.380127,2432,15,13,31,0
1558,0.380371,2433,14,11,28,0
1559,0.380615,2433,12,11,26,0
1560,0.380859,2433,12,13,28,0
1561,0.381104,2433,12,13,28,0
1562,0.381348,2434,15,12,30,0
1563,0.381592,2434,13,12,32,0
1564,0.381836,2434,13,13,29,0
1565,0.382080,2434,13,13,29,0
1566,0.382324,2435,15,11,29,0
1567,0.382568,2435,12,11,26,0
1568,0.382812,2435,12,13,28,0
1569,0.383057,2435,12,13,28,0
1570,0.383301,2436,15,12,30,0
1571,0.383545,2436,13,12,32,0
1572,0.383789,2436,13,13,29,0
1573,0.384033,2436,13,13,29,0
1574,0.384277,2437,15,11,29,0
1575,0.384521,2437,12,11,26,0
1576,0.384766,2437,12,13,28,0
1577,0.385010,2437,12,13,28,0
1578,0.385254,2438,15,12,30,0
1579,0.385498,2438,13,12,32,0
1580,0.385742,2438,13,13,29,0
1581,0.385986,2438,13,13,29,0
1582,0.386230,2439,15,11,29,0
1583,0.386475,2439,12,11,26,0
1584,0.386719,2439,12,13,28,0
1585,0.386963,2439,12,13,28,0
1586,0.387207,2440,17,12,32,0
1587,0.387451,2440,13,12,32,0
1588,0.387695,2440,13,13,29,0
1589,0.387939,2440,13,13,29,0
1590,0.388184,2440,16,13,32,0
1591,0.388428,2441,12,11,26,0
1592,0.388672,2441,12,11,26,0
1593,0.388916,2441,12,13,28,0
1594,0.389160,2441,12,13,28,0
1595,0.389404,2442,13,12,32,0
1596,0.389648,2442,13,12,32,0
1597,0.389893,2442,13,13,29,0
1598,0.390137,2442,13,13,29,0
1599,0.390381,2443,12,11,26,0
1600,0.390625,2443,12,11,26,0
1601,0.390869,2443,12,13,28,0
1602,0.391113,2443,12,13,28,0
1603,0.391357,2444,12,12,31,0
1604,0.391602,2444,12,12,31,0
1605,0.391846,2444,12,13,28,0
1606,0.392090,2444,12,13,28,0
1607,0.392334,2445,16,11,30,0
1608,0.392578,2445,13,11,27,0
1609,0.392822,2445,13,13,29,0
1610,0.393066,2445,13,13,29,0
1611,0.393311,2446,12,12,31,0
1612,0.393555,2446,12,12,31,0
1613,0.393799,2446,12,13,28,0
1614,0.394043,2446,12,13,28,0
1615,0.394287,2447,16,11,30,0
1616,0.394531,2447,13,11,27,0
1617,0.394775,2447,13,11,27,0
1618,0.395020,2447,13,13,29,0
1619,0.395264,2448,16,12,31,0
1620,0.395508,2448,12,12,31,0
1621,0.395752,2448,12,13,28,0
1622,0.395996,2448,12,13,28,0
1623,0.396240,2448,15,13,31,0
1624,0.396484,2449,13,11,27,0
1625,0.396729,2449,13,11,27,0
1626,0.396973,2449,13,13,29,0
1627,0.397217,2450,17,12,32,0
1628,0.397461,2450,12,12,31,0
1629,0.397705,2450,12,12,31,0
1630,0.397949,2450,12,13,28,0
1631,0.398193,2450,14,13,30,0
1632,0.398438,2451,15,11,29,0
1633,0.398682,2451,13,11,27,0
1634,0.398926,2451,13,13,29,0
1635,0.399170,2452,17,12,32,0
1636,0.399414,2452,12,12,31,0
1637,0.399658,2452,12,12,31,0
1638,0.399902,2452,12,13,28,0
1639,0.400146,2452,14,13,30,0
1640,0.400391,2453,15,11,29,0
1641,0.400635,2453,13,11,27,0
1642,0.400879,2453,13,13,29,0
1643,0.401123,2453,15,13,31,0
1644,0.401367,2454,12,12,31,0
1645,0.401611,2454,12,12,31,0
1646,0.401855,2454,12,13,28,0
1647,0.402100,2454,14,13,30,0
1648,0.402344,2455,15,11,29,0
1649,0.402588,2455,13,11,27,0
1650,0.402832,2455,13,11,27,0
1651,0.403076,2455,14,13,30,0
1652,0.403320,2456,15,12,30,0
1653,0.403564,2456,12,12,31,0
1654,0.403809,2456,12,13,28,0
1655,0.404053,2456,14,13,30,0
1656,0.404297,2456,16,13,32,0
1657,0.404541,2457,13,11,27,0
1658,0.404785,2457,13,11,27,0
1659,0.405029,2457,14,13,30,0
1660,0.405273,2457,16,13,32,0
1661,0.405518,2458,12,12,27,0
1662,0.405762,2458,12,12,27,0
1663,0.406006,2458,12,13,28,0
1664,0.406250,2458,12,13,28,0
1665,0.406494,2459,16,11,30,0
1666,0.406738,2459,14,11,28,0
1667,0.406982,2459,13,13,29,0
1668,0.407227,2459,13,13,29,0
1669,0.407471,2460,16,12,31,0
1670,0.407715,2460,14,12,29,0
1671,0.407959,2460,12,13,28,0
1672,0.408203,2460,12,13,28,0
1673,0.408447,2461,17,11,31,0
1674,0.408691,2461,14,11,28,0
1675,0.408936,2461,13,13,29,0
1676,0.409180,2461,13,13,29,0
1677,0.409424,2462,17,12,32,0
1678,0.409668,2462,14,12,29,0
1679,0.409912,2462,12,13,28,0
1680,0.410156,2462,12,13,28,0
1681,0.410400,2462,15,13,31,0
1682,0.410645,2463,14,11,28,0
1683,0.410889,2463,13,13,29,0
1684,0.411133,2463,13,13,29,0
1685,0.411377,2464,17,12,32,0
1686,0.411621,2464,14,12,29,0
1687,0.411865,2464,12,12,27,0
1688,0.412109,2464,12,13,28,0
1689,0.412354,2464,12,13,28,0
1690,0.412598,2465,17,11,31,0
1691,0.412842,2465,13,11,27,0
1692,0.413086,2465,13,13,29,0
1693,0.413330,2465,13,13,29,0
1694,0.413574,2466,15,12,30,0
1695,0.413818,2466,12,12,27,0
1696,0.414062,2466,12,13,28,0
1697,0.414307,2466,12,13,28,0
1698,0.414551,2466,16,13,32,0
1699,0.414795,2467,13,11,27,0
1700,0.415039,2467,13,13,29,0
1701,0.415283,2467,13,13,29,0
1702,0.415527,2467,16,13,32,0
1703,0.415771,2468,11,12,30,0
1704,0.416016,2468,11,12,30,0
1705,0.416260,2468,11,13,27,0
1706,0.416504,2468,11,13,27,0
1707,0.416748,2469,12,11,26,0
1708,0.416992,2469,12,11,26,0
1709,0.417236,2469,12,13,28,0
1710,0.417480,2469,12,13,28,0
1711,0.417725,2470,13,12,28,0
1712,0.417969,2470,13,12,28,0
1713,0.418213,2470,13,13,29,0
1714,0.418457,2470,13,13,29,0
1715,0.418701,2471,16,11,30,0
1716,0.418945,2471,12,11,26,0
1717,0.419189,2471,12,13,28,0
1718,0.419434,2471,12,13,28,0
1719,0.419678,2472,16,12,31,0
1720,0.419922,2472,13,12,28,0
1721,0.420166,2472,13,12,28,0
1722,0.420410,2472,13,13,29,0
1723,0.420654,2473,17,11,31,0
1724,0.420898,2473,12,11,26,0
1725,0.421143,2473,12,13,28,0
1726,0.421387,2473,12,13,28,0
1727,0.421631,2474,17,12,32,0
1728,0.421875,2474,13,12,28,0
1729,0.422119,2474,13,12,28,0
1730,0.422363,2474,13,13,29,0
1731,0.422607,2474,15,13,31,0
1732,0.422852,2475,12,11,26,0
1733,0.423096,2475,12,11,26,0
1734,0.423340,2475,12,13,28,0
1735,0.423584,2475,15,13,31,0
1736,0.423828,2476,13,12,28,0
1737,0.424072,2476,13,12,28,0
1738,0.424316,2476,13,13,29,0
1739,0.424561,2476,14,13,30,0
1740,0.424805,2477,15,11,29,0
1741,0.425049,2477,12,11,26,0
1742,0.425293,2477,12,13,28,0
1743,0.425537,2477,14,13,30,0
1744,0.425781,2478,15,12,30,0
1745,0.426025,2478,13,12,28,0
1746,0.426270,2478,13,12,28,0
1747,0.426514,2478,14,13,30,0
1748,0.426758,2479,17,11,31,0
1749,0.427002,2479,12,11,26,0
1750,0.427246,2479,12,11,26,0
1751,0.427490,2479,14,13,30,0
1752,0.427734,2479,16,13,32,0
1753,0.427979,2480,13,12,28,0
1754,0.428223,2480,13,12,28,0
1755,0.428467,2480,13,13,29,0
1756,0.428711,2480,13,13,29,0
1757,0.428955,2481,16,11,30,0
1758,0.429199,2481,14,11,28,0
1759,0.429443,2481,12,13,28,0
1760,0.429688,2481,12,13,28,0
1761,0.429932,2482,16,12,31,0
1762,0.430176,2482,14,12,29,0
1763,0.430420,2482,13,13,29,0
1764,0.430664,2482,13,13,29,0
1765,0.430908,2483,16,11,30,0
1766,0.431152,2483,14,11,28,0
1767,0.431396,2483,12,13,28,0
1768,0.431641,2483,12,13,28,0
1769,0.431885,2484,17,12,32,0
1770,0.432129,2484,14,12,29,0
1771,0.432373,2484,13,13,29,0
1772,0.432617,2484,13,13,29,0
1773,0.432861,2485,17,11,31,0
1774,0.433105,2485,14,11,28,0
1775,0.433350,2485,12,13,28,0
1776,0.433594,2485,12,13,28,0
1777,0.433838,2485,12,13,28,0
1778,0.434082,2486,15,12,30,0
1779,0.434326,2486,13,12,32,0
1780,0.434570,2486,13,13,29,0
1781,0.434814,2486,13,13,29,0
1782,0.435059,2487,15,11,29,0
1783,0.435303,2487,12,11,26,0
1784,0.435547,2487,12,13,28,0
1785,0.435791,2487,12,13,28,0
1786,0.436035,2488,17,12,32,0
1787,0.436279,2488,13,12,32,0
1788,0.436523,2488,13,13,29,0
1789,0.436768,2488,13,13,29,0
1790,0.437012,2488,16,13,32,0
1791,0.437256,2489,12,11,26,0
1792,0.437500,2489,12,11,26,0
1793,0.437744,2489,12,13,28,0
1794,0.437988,2489,16,13,32,0
1795,0.438232,2490,12,12,31,0
1796,0.438477,2490,12,12,31,0
1797,0.438721,2490,12,13,28,0
1798,0.438965,2490,12,13,28,0
1799,0.439209,2491,16,11,30,0
1800,0.439453,2491,13,11,27,0
1801,0.439697,2491,13,13,29,0
1802,0.439941,2491,13,13,29,0
1803,0.440186,2492,12,12,31,0
1804,0.440430,2492,12,12,31,0
1805,0.440674,2492,12,13,28,0
1806,0.440918,2492,12,13,28,0
1807,0.441162,2493,16,11,30,0
1808,0.441406,2493,13,11,27,0
1809,0.441650,2493,13,13,29,0
1810,0.441895,2493,13,13,29,0
1811,0.442139,2494,16,12,31,0
1812,0.442383,2494,12,12,31,0
1813,0.442627,2494,12,12,31,0
1814,0.442871,2494,12,13,28,0
1815,0.443115,2495,17,11,31,0
1816,0.443359,2495,13,11,27,0
1817,0.443604,2495,13,11,27,0
1818,0.443848,2495,13,13,29,0
1819,0.444092,2496,17,12,32,0
1820,0.444336,2496,12,12,31,0
1821,0.444580,2496,12,12,31,0
1822,0.444824,2496,12,13,28,0
1823,0.445068,2496,14,13,30,0
1824,0.445312,2496,16,13,32,0
1825,0.445557,2497,13,11,27,0
1826,0.445801,2497,13,11,27,0
1827,0.446045,2497,14,13,30,0
1828,0.446289,2498,15,12,30,0
1829,0.446533,2498,12,12,31,0
1830,0.446777,2498,12,12,31,0
1831,0.447021,2498,14,13,30,0
1832,0.447266,2498,16,13,32,0
1833,0.447510,2499,13,11,27,0
1834,0.447754,2499,13,11,27,0
1835,0.447998,2499,14,13,30,0
1836,0.448242,2500,17,12,32,0
1837,0.448486,2500,12,12,31,0
1838,0.448730,2500,12,12,31,0
1839,0.448975,2500,12,13,28,0
1840,0.449219,2500,12,13,28,0
1841,0.449463,2501,16,11,30,0
1842,0.449707,2501,14,11,28,0
1843,0.449951,2501,13,13,29,0
1844,0.450195,2501,13,13,29,0
1845,0.450439,2502,16,12,31,0
1846,0.450684,2502,14,12,29,0
1847,0.450928,2502,12,13,28,0
1848,0.451172,2502,12,13,28,0
1849,0.451416,2502,15,13,31,0
1850,0.451660,2503,14,11,28,0
1851,0.451904,2503,13,13,29,0
1852,0.452148,2503,13,13,29,0
1853,0.452393,2504,17,12,32,0
1854,0.452637,2504,14,12,29,0
1855,0.452881,2504,12,12,27,0
1856,0.453125,2504,12,13,28,0
1857,0.453369,2504,12,13,28,0
1858,0.453613,2505,15,11,29,0
1859,0.453857,2505,13,11,27,0
1860,0.454102,2505,13,13,29,0
1861,0.454346,2505,13,13,29,0
1862,0.454590,2506,15,12,30,0
1863,0.454834,2506,12,12,27,0
1864,0.455078,2506,12,13,28,0
1865,0.455322,2506,12,13,28,0
1866,0.455566,2506,16,13,32,0
1867,0.455811,2507,13,11,27,0
1868,0.456055,2507,13,13,29,0
1869,0.456299,2507,13,13,29,0
1870,0.456543,2508,17,12,32,0
1871,0.456787,2508,12,12,27,0
1872,0.457031,2508,12,12,27,0
1873,0.457275,2508,12,13,28,0
1874,0.457520,2508,12,13,28,0
1875,0.457764,2509,13,11,27,0
1876,0.458008,2509,13,11,27,0
1877,0.458252,2509,13,13,29,0
1878,0.458496,2509,13,13,29,0
1879,0.458740,2510,11,12,30,0
1880,0.458984,2510,11,12,30,0
1881,0.459229,2510,11,13,27,0
1882,0.459473,2510,11,13,27,0
1883,0.459717,2511,12,11,26,0
1884,0.459961,2511,12,11,26,0
1885,0.460205,2511,12,13,28,0
1886,0.460449,2511,12,13,28,0
1887,0.460693,2512,16,12,31,0
1888,0.460938,2512,13,12,28,0
1889,0.461182,2512,13,12,28,0
1890,0.461426,2512,13,13,29,0
1891,0.461670,2513,13,11,27,0
1892,0.461914,2513,13,11,27,0
1893,0.462158,2513,13,13,29,0
1894,0.462402,2513,13,13,29,0
1895,0.462646,2514,15,12,30,0
1896,0.462891,2514,12,12,27,0
1897,0.463135,2514,12,13,28,0
1898,0.463379,2514,12,13,28,0
1899,0.463623,2515,15,11,29,0
1900,0.463867,2515,13,11,27,0
1901,0.464111,2515,13,13,29,0
1902,0.464355,2515,13,13,29,0
1903,0.464600,2515,16,13,32,0
1904,0.464844,2516,12,12,27,0
1905,0.465088,2516,12,12,27,0
1906,0.465332,2516,12,13,28,0
1907,0.465576,2516,12,13,28,0
1908,0.465820,2517,13,11,27,0
1909,0.466064,2517,13,11,27,0
1910,0.466309,2517,13,13,29,0
1911,0.466553,2517,13,13,29,0
1912,0.466797,2518,11,12,30,0
1913,0.467041,2518,11,12,30,0
1914,0.467285,2518,11,13,27,0
1915,0.467529,2518,11,13,27,0
1916,0.467773,2519,16,11,30,0
1917,0.468018,2519,12,11,26,0
1918,0.468262,2519,12,13,28,0
1919,0.468506,2519,12,13,28,0
1920,0.468750,2520,16,12,31,0
1921,0.468994,2520,13,12,28,0
1922,0.469238,2520,13,13,29,0
1923,0.469482,2520,13,13,29,0
1924,0.469727,2521,17,11,31,0
1925,0.469971,2521,12,11,26,0
1926,0.470215,2521,12,11,26,0
1927,0.470459,2521,12,13,28,0
1928,0.470703,2521,15,13,31,0
1929,0.470947,2522,13,12,28,0
1930,0.471191,2522,13,12,28,0
1931,0.471436,2522,13,13,29,0
1932,0.471680,2522,14,13,30,0
1933,0.471924,2523,15,11,29,0
1934,0.472168,2523,12,11,26,0
1935,0.472412,2523,12,13,28,0
1936,0.472656,2523,14,13,30,0
1937,0.472900,2524,15,12,30,0
1938,0.473145,2524,13,12,28,0
1939,0.473389,2524,13,13,29,0
1940,0.473633,2524,14,13,30,0
1941,0.473877,2525,15,11,29,0
1942,0.474121,2525,12,11,26,0
1943,0.474365,2525,12,11,26,0
1944,0.474609,2525,12,13,28,0
1945,0.474854,2525,12,13,28,0
1946,0.475098,2526,16,12,31,0
1947,0.475342,2526,14,12,29,0
1948,0.475586,2526,13,13,29,0
1949,0.475830,2526,13,13,29,0
1950,0.476074,2527,16,11,30,0
1951,0.476318,2527,14,11,28,0
1952,0.476562,2527,12,13,28,0
1953,0.476807,2527,12,13,28,0
1954,0.477051,2528,16,12,31,0
1955,0.477295,2528,14,12,29,0
1956,0.477539,2528,13,13,29,0
1957,0.477783,2528,13,13,29,0
1958,0.478027,2529,17,11,31,0
1959,0.478271,2529,14,11,28,0
1960,0.478516,2529,12,13,28,0
1961,0.478760,2529,12,13,28,0
1962,0.479004,2529,12,13,28,0
1963,0.479248,2530,15,12,30,0
1964,0.479492,2530,13,12,32,0
1965,0.479736,2530,13,13,29,0
1966,0.479980,2530,13,13,29,0
1967,0.480225,2531,15,11,29,0
1968,0.480469,2531,12,11,26,0
1969,0.480713,2531,12,13,28,0
1970,0.480957,2531,12,13,28,0
1971,0.481201,2532,15,12,30,0
1972,0.481445,2532,13,12,32,0
1973,0.481689,2532,13,13,29,0
1974,0.481934,2532,13,13,29,0
1975,0.482178,2533,17,11,31,0
1976,0.482422,2533,12,11,26,0
1977,0.482666,2533,12,13,28,0
1978,0.482910,2533,12,13,28,0
1979,0.483154,2533,16,13,32,0
1980,0.483398,2534,11,12,26,0
1981,0.483643,2534,11,13,27,0
1982,0.483887,2534,11,13,27,0
1983,0.484131,2534,11,13,27,0
1984,0.484375,2535,16,11,30,0
1985,0.484619,2535,13,11,27,0
1986,0.484863,2535,13,13,29,0
1987,0.485107,2535,13,13,29,0
1988,0.485352,2536,12,12,31,0
1989,0.485596,2536,12,12,31,0
1990,0.485840,2536,12,13,28,0
1991,0.486084,2536,12,13,28,0
1992,0.486328,2537,16,11,30,0
1993,0.486572,2537,13,11,27,0
1994,0.486816,2537,13,11,27,0
1995,0.487061,2537,13,13,29,0
1996,0.487305,2538,16,12,31,0
1997,0.487549,2538,12,12,31,0
1998,0.487793,2538,12,13,28,0
1999,0.488037,2538,12,13,28,0
2000,0.488281,2538,15,13,31,0
2001,0.488525,2539,13,11,27,0
2002,0.488770,2539,13,11,27,0
2003,0.489014,2539,13,13,29,0
2004,0.489258,2539,15,13,31,0
2005,0.489502,2540,12,12,31,0
2006,0.489746,2540,12,12,31,0
2007,0.489990,2540,12,13,28,0
2008,0.490234,2540,14,13,30,0
2009,0.490479,2541,15,11,29,0
2010,0.490723,2541,13,11,27,0
2011,0.490967,2541,13,11,27,0
2012,0.491211,2541,14,13,30,0
2013,0.491455,2542,15,12,30,0
2014,0.491699,2542,12,12,31,0
2015,0.491943,2542,12,12,31,0
2016,0.492188,2542,14,13,30,0
2017,0.492432,2542,16,13,32,0
2018,0.492676,2543,13,11,27,0
2019,0.492920,2543,13,11,27,0
2020,0.493164,2543,13,13,29,0
2021,0.493408,2543,13,13,29,0
2022,0.493652,2544,16,12,31,0
2023,0.493896,2544,14,12,29,0
2024,0.494141,2544,12,13,28,0
2025,0.494385,2544,12,13,28,0
2026,0.494629,2544,15,13,31,0
2027,0.494873,2545,14,11,28,0
2028,0.495117,2545,13,13,29,0
2029,0.495361,2545,13,13,29,0
2030,0.495605,2545,15,13,31,0
2031,0.495850,2546,14,12,29,0
2032,0.496094,2546,12,12,27,0
2033,0.496338,2546,12,13,28,0
2034,0.496582,2546,12,13,28,0
2035,0.496826,2547,15,11,29,0
2036,0.497070,2547,13,11,27,0
2037,0.497314,2547,13,13,29,0
2038,0.497559,2547,13,13,29,0
2039,0.497803,2548,15,12,30,0
2040,0.498047,2548,12,12,27,0
2041,0.498291,2548,12,13,28,0
2042,0.498535,2548,12,13,28,0
2043,0.498779,2548,16,13,32,0
2044,0.499023,2549,13,11,27,0
2045,0.499268,2549,13,13,29,0
2046,0.499512,2549,13,13,29,0
2047,0.499756,2549,16,13,32,0
2048,0.500000,2550,12,12,27,0
2049,0.500244,2550,12,12,27,0
2050,0.500488,2550,12,13,28,0
2051,0.500732,2550,12,13,28,0
2052,0.500977,2551,13,11,27,0
2053,0.501221,2551,13,11,27,0
2054,0.501465,2551,13,13,29,0
2055,0.501709,2551,16,13,32,0
2056,0.501953,2552,11,12,30,0
2057,0.502197,2552,11,12,30,0
2058,0.502441,2552,11,13,27,0
2059,0.502686,2552,11,13,27,0
2060,0.502930,2553,16,11,30,0
2061,0.503174,2553,12,11,26,0
2062,0.503418,2553,12,11,26,0
2063,0.503662,2553,12,13,28,0
2064,0.503906,2553,15,13,31,0
2065,0.504150,2554,13,12,28,0
2066,0.504395,2554,13,12,28,0
2067,0.504639,2554,13,13,29,0
2068,0.504883,2554,15,13,31,0
2069,0.505127,2555,12,11,26,0
2070,0.505371,2555,12,11,26,0
2071,0.505615,2555,12,13,28,0
2072,0.505859,2555,14,13,30,0
2073,0.506104,2556,15,12,30,0
2074,0.506348,2556,13,12,28,0
2075,0.506592,2556,13,13,29,0
2076,0.506836,2556,14,13,30,0
2077,0.507080,2557,15,11,29,0
2078,0.507324,2557,12,11,26,0
2079,0.507568,2557,12,13,28,0
2080,0.507812,2557,14,13,30,0
2081,0.508057,2557,16,13,32,0
2082,0.508301,2558,13,12,28,0
2083,0.508545,2558,13,12,28,0
2084,0.508789,2558,14,13,30,0
2085,0.509033,2559,17,11,31,0
2086,0.509277,2559,12,11,26,0
2087,0.509521,2559,12,11,26,0
2088,0.509766,2559,14,13,30,0
2089,0.510010,2559,16,13,32,0
2090,0.510254,2560,13,12,28,0
2091,0.510498,2560,13,12,28,0
2092,0.510742,2560,13,13,29,0
2093,0.510986,2560,13,13,29,0
2094,0.511230,2560,13,13,29,0
2095,0.511475,2560,13,13,29,0
2096,0.511719,2561,12,11,26,0
2097,0.511963,2561,12,11,26,0
2098,0.512207,2561,12,13,28,0
2099,0.512451,2562,17,12,32,0
2100,0.512695,2562,12,12,31,0
2101,0.512939,2562,12,13,28,0
2102,0.513184,2562,12,13,28,0
2103,0.513428,2562,12,13,28,0
2104,0.513672,2563,13,11,27,0
2105,0.513916,2563,13,11,27,0
2106,0.514160,2563,13,13,29,0
2107,0.514404,2563,13,13,29,0
2108,0.514648,2564,12,12,31,0
2109,0.514893,2564,12,12,31,0
2110,0.515137,2564,12,13,28,0
2111,0.515381,2564,12,13,28,0
2112,0.515625,2565,16,11,30,0
2113,0.515869,2565,13,11,27,0
2114,0.516113,2565,13,11,27,0
2115,0.516357,2565,13,13,29,0
2116,0.516602,2566,16,12,31,0
2117,0.516846,2566,12,12,31,0
2118,0.517090,2566,12,13,28,0
2119,0.517334,2566,12,13,28,0
2120,0.517578,2566,15,13,31,0
2121,0.517822,2567,13,11,27,0
2122,0.518066,2567,13,11,27,0
2123,0.518311,2567,13,13,29,0
2124,0.518555,2567,15,13,31,0
2125,0.518799,2568,12,12,31,0
2126,0.519043,2568,12,12,31,0
2127,0.519287,2568,12,13,28,0
2128,0.519531,2568,14,13,30,0
2129,0.519775,2568,16,13,32,0
2130,0.520020,2569,13,11,27,0
2131,0.520264,2569,13,11,27,0
2132,0.520508,2569,14,13,30,0
2133,0.520752,2569,16,13,32,0
2134,0.520996,2570,12,12,31,0
2135,0.521240,2570,12,12,31,0
2136,0.521484,2570,12,13,28,0
2137,0.521729,2570,12,13,28,0
2138,0.521973,2571,16,11,30,0
2139,0.522217,2571,14,11,28,0
2140,0.522461,2571,13,13,29,0
2141,0.522705,2571,13,13,29,0
2142,0.522949,2572,16,12,31,0
2143,0.523193,2572,14,12,29,0
2144,0.523438,2572,12,13,28,0
2145,0.523682,2572,12,13,28,0
2146,0.523926,2572,15,13,31,0
2147,0.524170,2573,14,11,28,0
2148,0.524414,2573,13,13,29,0
2149,0.524658,2573,13,13,29,0
2150,0.524902,2574,16,12,31,0
2151,0.525146,2574,14,12,29,0
2152,0.525391,2574,12,13,28,0
2153,0.525635,2574,12,13,28,0
2154,0.525879,2575,16,11,30,0
2155,0.526123,2575,14,11,28,0
2156,0.526367,2575,13,13,29,0
2157,0.526611,2575,13,13,29,0
2158,0.526855,2576,17,12,32,0
2159,0.527100,2576,14,12,29,0
2160,0.527344,2576,12,12,27,0
2161,0.527588,2576,12,13,28,0
2162,0.527832,2576,12,13,28,0
2163,0.528076,2576,16,13,32,0
2164,0.528320,2577,12,11,26,0
2165,0.528564,2577,12,11,26,0
2166,0.528809,2577,12,13,28,0
2167,0.529053,2577,12,13,28,0
2168,0.529297,2578,13,12,28,0
2169,0.529541,2578,13,12,28,0
2170,0.529785,2578,13,13,29,0
2171,0.530029,2578,13,13,29,0
2172,0.530273,2579,11,11,25,0
2173,0.530518,2579,11,11,25,0
2174,0.530762,2579,11,13,27,0
2175,0.531006,2579,11,13,27,0
2176,0.531250,2580,16,12,31,0
2177,0.531494,2580,13,12,28,0
2178,0.531738,2580,13,13,29,0
2179,0.531982,2580,13,13,29,0
2180,0.532227,2581,16,11,30,0
2181,0.532471,2581,12,11,26,0
2182,0.532715,2581,12,13,28,0
2183,0.532959,2581,12,13,28,0
2184,0.533203,2582,16,12,31,0
2185,0.533447,2582,13,12,28,0
2186,0.533691,2582,13,12,28,0
2187,0.533936,2582,13,13,29,0
2188,0.534180,2582,15,13,31,0
2189,0.534424,2583,12,11,26,0
2190,0.534668,2583,12,11,26,0
2191,0.534912,2583,12,13,28,0
2192,0.535156,2583,14,13,30,0
2193,0.535400,2584,15,12,30,0
2194,0.535645,2584,13,12,28,0
2195,0.535889,2584,13,12,28,0
2196,0.536133,2584,14,13,30,0
2197,0.536377,2584,16,13,32,0
2198,0.536621,2585,12,11,26,0
2199,0.536865,2585,12,11,26,0
2200,0.537109,2585,12,13,28,0
2201,0.537354,2585,12,13,28,0
2202,0.537598,2586,16,12,31,0
2203,0.537842,2586,14,12,29,0
2204,0.538086,2586,13,13,29,0
2205,0.538330,2586,13,13,29,0
2206,0.538574,2587,17,11,31,0
2207,0.538818,2587,14,11,28,0
2208,0.539062,2587,12,13,28,0
2209,0.539307,2587,12,13,28,0
2210,0.539551,2588,17,12,32,0
2211,0.539795,2588,14,12,29,0
2212,0.540039,2588,13,13,29,0
2213,0.540283,2588,13,13,29,0
2214,0.540527,2589,17,11,31,0
2215,0.540771,2589,14,11,28,0
2216,0.541016,2589,12,13,28,0
2217,0.541260,2589,12,13,28,0
2218,0.541504,2589,15,13,31,0
2219,0.541748,2590,14,12,29,0
2220,0.541992,2590,13,12,32,0
2221,0.542236,2590,13,13,29,0
2222,0.542480,2590,13,13,29,0
2223,0.542725,2591,15,11,29,0
2224,0.542969,2591,12,11,26,0
2225,0.543213,2591,12,13,28,0
2226,0.543457,2591,12,13,28,0
2227,0.543701,2592,17,12,32,0
2228,0.543945,2592,12,12,31,0
2229,0.544189,2592,12,12,31,0
2230,0.544434,2592,12,13,28,0
2231,0.544678,2592,12,13,28,0
2232,0.544922,2592,15,13,31,0
2233,0.545166,2593,13,11,27,0
2234,0.545410,2593,13,11,27,0
2235,0.545654,2593,13,13,29,0
2236,0.545898,2593,15,13,31,0
2237,0.546143,2594,12,12,31,0
2238,0.546387,2594,12,12,31,0
2239,0.546631,2594,12,13,28,0
2240,0.546875,2594,14,13,30,0
2241,0.547119,2595,17,11,31,0
2242,0.547363,2595,13,11,27,0
2243,0.547607,2595,13,11,27,0
2244,0.547852,2596,16,12,31,0
2245,0.548096,2596,12,12,31,0
2246,0.548340,2596,12,12,31,0
2247,0.548584,2596,12,13,28,0
2248,0.548828,2596,14,13,30,0
2249,0.549072,2597,17,11,31,0
2250,0.549316,2597,13,11,27,0
2251,0.549561,2597,13,11,27,0
2252,0.549805,2597,14,13,30,0
2253,0.550049,2598,17,12,32,0
2254,0.550293,2598,12,12,31,0
2255,0.550537,2598,12,12,31,0
2256,0.550781,2598,12,13,28,0
2257,0.551025,2598,12,13,28,0
2258,0.551270,2599,16,11,30,0
2259,0.551514,2599,14,11,28,0
2260,0.551758,2599,14,13,30,0
2261,0.552002,2599,16,13,32,0
2262,0.552246,2600,12,12,27,0
2263,0.552490,2600,12,12,27,0
2264,0.552734,2600,12,13,28,0
2265,0.552979,2600,12,13,28,0
2266,0.553223,2600,15,13,31,0
2267,0.553467,2601,14,11,28,0
2268,0.553711,2601,13,11,27,0
2269,0.553955,2601,13,13,29,0
2270,0.554199,2601,15,13,31,0
2271,0.554443,2602,14,12,29,0
2272,0.554688,2602,12,12,27,0
2273,0.554932,2602,12,13,28,0
2274,0.555176,2602,12,13,28,0
2275,0.555420,2602,16,13,32,0
2276,0.555664,2603,13,11,27,0
2277,0.555908,2603,13,13,29,0
2278,0.556152,2603,13,13,29,0
2279,0.556396,2604,15,12,30,0
2280,0.556641,2604,12,12,27,0
2281,0.556885,2604,12,13,28,0
2282,0.557129,2604,12,13,28,0
2283,0.557373,2604,12,13,28,0
2284,0.557617,2605,11,11,25,0
2285,0.557861,2605,11,11,25,0
2286,0.558105,2605,11,13,27,0
2287,0.558350,2605,11,13,27,0
2288,0.558594,2606,13,12,28,0
2289,0.558838,2606,13,12,28,0
2290,0.559082,2606,13,13,29,0
2291,0.559326,2606,13,13,29,0
2292,0.559570,2607,16,11,30,0
2293,0.559814,2607,12,11,26,0
2294,0.560059,2607,12,13,28,0
2295,0.560303,2607,12,13,28,0
2296,0.560547,2608,16,12,31,0
2297,0.560791,2608,13,12,28,0
2298,0.561035,2608,13,12,28,0
2299,0.561279,2608,13,13,29,0
2300,0.561523,2608,14,13,30,0
2301,0.561768,2609,15,11,29,0
2302,0.562012,2609,12,11,26,0
2303,0.562256,2609,12,13,28,0
2304,0.562500,2609,14,13,30,0
2305,0.562744,2610,15,12,30,0
2306,0.562988,2610,13,12,28,0
2307,0.563232,2610,13,12,28,0
2308,0.563477,2610,14,13,30,0
2309,0.563721,2610,16,13,32,0
2310,0.563965,2611,12,11,26,0
2311,0.564209,2611,12,11,26,0
2312,0.564453,2611,14,13,30,0
2313,0.564697,2611,16,13,32,0
2314,0.564941,2612,13,12,28,0
2315,0.565186,2612,13,12,28,0
2316,0.565430,2612,13,13,29,0
2317,0.565674,2612,13,13,29,0
2318,0.565918,2613,17,11,31,0
2319,0.566162,2613,14,11,28,0
2320,0.566406,2613,12,13,28,0
2321,0.566650,2613,12,13,28,0
2322,0.566895,2613,15,13,31,0
2323,0.567139,2614,14,12,29,0
2324,0.567383,2614,13,12,32,0
2325,0.567627,2614,13,13,29,0
2326,0.567871,2614,13,13,29,0
2327,0.568115,2615,15,11,29,0
2328,0.568359,2615,12,11,26,0
2329,0.568604,2615,12,13,28,0
2330,0.568848,2615,12,13,28,0
2331,0.569092,2616,15,12,30,0
2332,0.569336,2616,13,12,32,0
2333,0.569580,2616,13,13,29,0
2334,0.569824,2616,13,13,29,0
2335,0.570068,2616,13,13,29,0
2336,0.570312,2617,12,11,26,0
2337,0.570557,2617,12,11,26,0
2338,0.570801,2617,12,13,28,0
2339,0.571045,2617,12,13,28,0
2340,0.571289,2618,12,12,31,0
2341,0.571533,2618,12,12,31,0
2342,0.571777,2618,12,13,28,0
2343,0.572021,2618,12,13,28,0
2344,0.572266,2619,16,11,30,0
2345,0.572510,2619,13,11,27,0
2346,0.572754,2619,13,13,29,0
2347,0.572998,2619,13,13,29,0
2348,0.573242,2620,16,12,31,0
2349,0.573486,2620,12,12,31,0
2350,0.573730,2620,12,12,31,0
2351,0.573975,2620,12,13,28,0
2352,0.574219,2620,14,13,30,0
2353,0.574463,2621,15,11,29,0
2354,0.574707,2621,13,11,27,0
2355,0.574951,2621,13,13,29,0
2356,0.575195,2621,14,13,30,0
2357,0.575439,2622,15,12,30,0
2358,0.575684,2622,12,12,31,0
2359,0.575928,2622,12,13,28,0
2360,0.576172,2622,14,13,30,0
2361,0.576416,2622,16,13,32,0
2362,0.576660,2623,13,11,27,0
2363,0.576904,2623,13,11,27,0
2364,0.577148,2623,14,13,30,0
2365,0.577393,2624,17,12,32,0
2366,0.577637,2624,12,12,27,0
2367,0.577881,2624,12,12,27,0
2368,0.578125,2624,12,13,28,0
2369,0.578369,2624,12,13,28,0
2370,0.578613,2624,12,13,28,0
2371,0.578857,2625,15,11,29,0
2372,0.579102,2625,13,11,27,0
2373,0.579346,2625,13,13,29,0
2374,0.579590,2625,13,13,29,0
2375,0.579834,2626,15,12,30,0
2376,0.580078,2626,12,12,27,0
2377,0.580322,2626,12,13,28,0
2378,0.580566,2626,12,13,28,0
2379,0.580811,2627,17,11,31,0
2380,0.581055,2627,13,11,27,0
2381,0.581299,2627,13,13,29,0
2382,0.581543,2627,13,13,29,0
2383,0.581787,2627,16,13,32,0
2384,0.582031,2628,12,12,27,0
2385,0.582275,2628,12,12,27,0
2386,0.582520,2628,12,13,28,0
2387,0.582764,2628,12,13,28,0
2388,0.583008,2629,12,11,26,0
2389,0.583252,2629,12,11,26,0
2390,0.583496,2629,12,13,28,0
2391,0.583740,2629,12,13,28,0
2392,0.583984,2630,16,12,31,0
2393,0.584229,2630,13,12,28,0
2394,0.584473,2630,13,12,28,0
2395,0.584717,2630,13,13,29,0
2396,0.584961,2631,17,11,31,0
2397,0.585205,2631,12,11,26,0
2398,0.585449,2631,12,11,26,0
2399,0.585693,2631,12,13,28,0
2400,0.585938,2631,14,13,30,0
2401,0.586182,2632,15,12,30,0
2402,0.586426,2632,13,12,28,0
2403,0.586670,2632,13,13,29,0
2404,0.586914,2632,14,13,30,0
2405,0.587158,2633,15,11,29,0
2406,0.587402,2633,12,11,26,0
2407,0.587646,2633,12,13,28,0
2408,0.587891,2633,12,13,28,0
2409,0.588135,2633,12,13,28,0
2410,0.588379,2634,16,12,31,0
2411,0.588623,2634,14,12,29,0
2412,0.588867,2634,14,13,30,0
2413,0.589111,2634,17,13,33,0
2414,0.589355,2635,12,11,26,0
2415,0.589600,2635,12,11,26,0
2416,0.589844,2635,14,13,30,0
2417,0.590088,2635,16,13,32,0
2418,0.590332,2636,13,12,28,0
2419,0.590576,2636,13,12,28,0
2420,0.590820,2636,13,13,29,0
2421,0.591064,2636,13,13,29,0
2422,0.591309,2636,17,13,33,0
2423,0.591553,2637,14,11,28,0
2424,0.591797,2637,12,11,26,0
2425,0.592041,2637,12,13,28,0
2426,0.592285,2637,15,13,31,0
2427,0.592529,2638,14,12,29,0
2428,0.592773,2638,13,13,29,0
2429,0.593018,2638,13,13,29,0
2430,0.593262,2638,15,13,31,0
2431,0.593506,2639,14,11,28,0
2432,0.593750,2639,12,11,26,0
2433,0.593994,2639,12,13,28,0
2434,0.594238,2639,12,13,28,0
2435,0.594482,2640,15,12,30,0
2436,0.594727,2640,11,12,26,0
2437,0.594971,2640,11,13,27,0
2438,0.595215,2640,11,13,27,0
2439,0.595459,2640,11,13,27,0
2440,0.595703,2641,13,11,27,0
2441,0.595947,2641,13,11,27,0
2442,0.596191,2641,13,11,27,0
2443,0.596436,2641,13,13,29,0
2444,0.596680,2642,12,12,31,0
2445,0.596924,2642,12,12,31,0
2446,0.597168,2642,12,13,28,0
2447,0.597412,2642,12,13,28,0
2448,0.597656,2642,17,13,33,0
2449,0.597900,2643,13,11,27,0
2450,0.598145,2643,13,11,27,0
2451,0.598389,2643,13,13,29,0
2452,0.598633,2643,17,13,33,0
2453,0.598877,2644,12,12,31,0
2454,0.599121,2644,12,12,31,0
2455,0.599365,2644,12,12,31,0
2456,0.599609,2644,14,13,30,0
2457,0.599854,2644,16,13,32,0
2458,0.600098,2645,13,11,27,0
2459,0.600342,2645,13,11,27,0
2460,0.600586,2645,14,13,30,0
2461,0.600830,2646,15,12,30,0
2462,0.601074,2646,12,12,31,0
2463,0.601318,2646,12,12,31,0
2464,0.601562,2646,12,13,28,0
2465,0.601807,2646,12,13,28,0
2466,0.602051,2647,16,11,30,0
2467,0.602295,2647,14,11,28,0
2468,0.602539,2647,13,13,29,0
2469,0.602783,2647,13,13,29,0
2470,0.603027,2648,16,12,31,0
2471,0.603271,2648,14,12,29,0
2472,0.603516,2648,12,12,27,0
2473,0.603760,2648,12,13,28,0
2474,0.604004,2648,12,13,28,0
2475,0.604248,2648,17,13,33,0
2476,0.604492,2649,13,11,27,0
2477,0.604736,2649,13,13,29,0
2478,0.604980,2649,13,13,29,0
2479,0.605225,2650,15,12,30,0
2480,0.605469,2650,12,12,27,0
2481,0.605713,2650,12,13,28,0
2482,0.605957,2650,12,13,28,0
2483,0.606201,2650,16,13,32,0
2484,0.606445,2651,13,11,27,0
2485,0.606689,2651,13,11,27,0
2486,0.606934,2651,13,13,29,0
2487,0.607178,2651,16,13,32,0
2488,0.607422,2652,12,12,27,0
2489,0.607666,2652,12,12,27,0
2490,0.607910,2652,12,13,28,0
2491,0.608154,2652,12,13,28,0
2492,0.608398,2653,12,11,26,0
2493,0.608643,2653,12,11,26,0
2494,0.608887,2653,12,11,26,0
2495,0.609131,2653,12,13,28,0
2496,0.609375,2653,17,13,33,0
2497,0.609619,2654,13,12,28,0
2498,0.609863,2654,13,12,28,0
2499,0.610107,2654,13,13,29,0
2500,0.610352,2654,15,13,31,0
2501,0.610596,2655,12,11,26,0
2502,0.610840,2655,12,11,26,0
2503,0.611084,2655,12,13,28,0
2504,0.611328,2655,14,13,30,0
2505,0.611572,2655,17,13,33,0
2506,0.611816,2656,13,12,28,0
2507,0.612061,2656,13,12,28,0
2508,0.612305,2656,14,13,30,0
2509,0.612549,2656,16,13,32,0
2510,0.612793,2657,12,11,26,0
2511,0.613037,2657,12,11,26,0
2512,0.613281,2657,12,13,28,0
2513,0.613525,2657,12,13,28,0
2514,0.613770,2657,17,13,33,0
2515,0.614014,2658,14,12,29,0
2516,0.614258,2658,13,13,29,0
2517,0.614502,2658,13,13,29,0
2518,0.614746,2658,15,13,31,0
2519,0.614990,2659,14,11,28,0
2520,0.615234,2659,12,11,26,0
2521,0.615479,2659,12,13,28,0
2522,0.615723,2659,12,13,28,0
2523,0.615967,2660,15,12,30,0
2524,0.616211,2660,13,12,32,0
2525,0.616455,2660,13,13,29,0
2526,0.616699,2660,13,13,29,0
2527,0.616943,2660,16,13,32,0
2528,0.617188,2661,12,11,26,0
2529,0.617432,2661,12,11,26,0
2530,0.617676,2661,12,13,28,0
2531,0.617920,2661,16,13,32,0
2532,0.618164,2662,11,12,26,0
2533,0.618408,2662,11,12,26,0
2534,0.618652,2662,11,13,27,0
2535,0.618896,2662,11,13,27,0
2536,0.619141,2663,16,11,30,0
2537,0.619385,2663,13,11,27,0
2538,0.619629,2663,13,11,27,0
2539,0.619873,2663,13,13,29,0
2540,0.620117,2664,12,12,31,0
2541,0.620361,2664,12,12,31,0
2542,0.620605,2664,12,12,31,0
2543,0.620850,2664,12,13,28,0
2544,0.621094,2664,14,13,30,0
2545,0.621338,2665,15,11,29,0
2546,0.621582,2665,13,11,27,0
2547,0.621826,2665,13,11,27,0
2548,0.622070,2665,14,13,30,0
2549,0.622314,2666,15,12,30,0
2550,0.622559,2666,12,12,31,0
2551,0.622803,2666,12,12,31,0
2552,0.623047,2666,14,13,30,0
2553,0.623291,2666,16,13,32,0
2554,0.623535,2667,13,11,27,0
2555,0.623779,2667,13,11,27,0
2556,0.624023,2667,14,13,30,0
2557,0.624268,2667,16,13,32,0
2558,0.624512,2668,12,12,27,0
2559,0.624756,2668,12,12,27,0
2560,0.625000,2668,12,13,28,0
2561,0.625244,2668,12,13,28,0
2562,0.625488,2668,15,13,31,0
2563,0.625732,2669,14,11,28,0
2564,0.625977,2669,13,11,27,0
2565,0.626221,2669,13,13,29,0
2566,0.626465,2669,15,13,31,0
2567,0.626709,2670,14,12,29,0
2568,0.626953,2670,12,12,27,0
2569,0.627197,2670,12,13,28,0
2570,0.627441,2670,12,13,28,0
2571,0.627686,2670,16,13,32,0
2572,0.627930,2671,13,11,27,0
2573,0.628174,2671,13,13,29,0
2574,0.628418,2671,13,13,29,0
2575,0.628662,2672,15,12,30,0
2576,0.628906,2672,11,12,30,0
2577,0.629150,2672,11,12,30,0
2578,0.629395,2672,11,13,27,0
2579,0.629639,2672,11,13,27,0
2580,0.629883,2673,16,11,30,0
2581,0.630127,2673,12,11,26,0
2582,0.630371,2673,12,11,26,0
2583,0.630615,2673,12,13,28,0
2584,0.630859,2673,17,13,33,0
2585,0.631104,2674,13,12,28,0
2586,0.631348,2674,13,12,28,0
2587,0.631592,2674,13,13,29,0
2588,0.631836,2674,15,13,31,0
2589,0.632080,2675,12,11,26,0
2590,0.632324,2675,12,11,26,0
2591,0.632568,2675,12,13,28,0
2592,0.632812,2675,14,13,30,0
2593,0.633057,2676,15,12,30,0
2594,0.633301,2676,13,12,28,0
2595,0.633545,2676,13,12,28,0
2596,0.633789,2676,14,13,30,0
2597,0.634033,2676,16,13,32,0
2598,0.634277,2677,12,11,26,0
2599,0.634521,2677,12,11,26,0
2600,0.634766,2677,12,13,28,0
2601,0.635010,2677,12,13,28,0
2602,0.635254,2677,17,13,33,0
2603,0.635498,2678,14,12,29,0
2604,0.635742,2678,13,13,29,0
2605,0.635986,2678,13,13,29,0
2606,0.636230,2679,16,11,30,0
2607,0.636475,2679,14,11,28,0
2608,0.636719,2679,12,11,26,0
2609,0.636963,2679,12,13,28,0
2610,0.637207,2679,15,13,31,0
2611,0.637451,2680,14,12,29,0
2612,0.637695,2680,13,12,32,0
2613,0.637939,2680,13,13,29,0
2614,0.638184,2680,13,13,29,0
2615,0.638428,2680,16,13,32,0
2616,0.638672,2681,12,11,26,0
2617,0.638916,2681,12,11,26,0
2618,0.639160,2681,12,13,28,0
2619,0.639404,2681,12,13,28,0
2620,0.639648,2682,12,12,31,0
2621,0.639893,2682,12,12,31,0
2622,0.640137,2682,12,13,28,0
2623,0.640381,2682,12,13,28,0
2624,0.640625,2683,16,11,30,0
2625,0.640869,2683,13,11,27,0
2626,0.641113,2683,13,11,27,0
2627,0.641357,2683,13,13,29,0
2628,0.641602,2683,15,13,31,0
2629,0.641846,2684,12,12,31,0
2630,0.642090,2684,12,12,31,0
2631,0.642334,2684,12,12,31,0
2632,0.642578,2684,14,13,30,0
2633,0.642822,2684,16,13,32,0
2634,0.643066,2685,13,11,27,0
2635,0.643311,2685,13,11,27,0
2636,0.643555,2685,14,13,30,0
2637,0.643799,2686,15,12,30,0
2638,0.644043,2686,12,12,31,0
2639,0.644287,2686,12,12,31,0
2640,0.644531,2686,12,13,28,0
2641,0.644775,2686,12,13,28,0
2642,0.645020,2687,16,11,30,0
2643,0.645264,2687,14,11,28,0
2644,0.645508,2687,14,13,30,0
2645,0.645752,2687,16,13,32,0
2646,0.645996,2688,12,12,27,0
2647,0.646240,2688,12,12,27,0
2648,0.646484,2688,12,12,27,0
2649,0.646729,2688,12,13,28,0
2650,0.646973,2688,12,13,28,0
2651,0.647217,2688,12,13,28,0
2652,0.647461,2689,13,11,27,0
2653,0.647705,2689,13,11,27,0
2654,0.647949,2689,13,13,29,0
2655,0.648193,2689,13,13,29,0
2656,0.648438,2690,11,12,30,0
2657,0.648682,2690,11,12,30,0
2658,0.648926,2690,11,12,30,0
2659,0.649170,2690,11,13,27,0
2660,0.649414,2691,16,11,30,0
2661,0.649658,2691,12,11,26,0
2662,0.649902,2691,12,11,26,0
2663,0.650146,2691,12,13,28,0
2664,0.650391,2691,15,13,31,0
2665,0.650635,2692,13,12,28,0
2666,0.650879,2692,13,12,28,0
2667,0.651123,2692,13,12,28,0
2668,0.651367,2693,16,11,30,0
2669,0.651611,2693,12,11,26,0
2670,0.651855,2693,12,11,26,0
2671,0.652100,2693,12,13,28,0
2672,0.652344,2693,15,13,31,0
2673,0.652588,2694,13,12,28,0
2674,0.652832,2694,13,12,28,0
2675,0.653076,2694,13,12,28,0
2676,0.653320,2694,14,13,30,0
2677,0.653564,2694,17,13,33,0
2678,0.653809,2695,12,11,26,0
2679,0.654053,2695,12,11,26,0
2680,0.654297,2695,14,13,30,0
2681,0.654541,2695,16,13,32,0
2682,0.654785,2696,13,12,28,0
2683,0.655029,2696,13,12,28,0
2684,0.655273,2696,13,13,29,0
2685,0.655518,2696,13,13,29,0
2686,0.655762,2696,15,13,31,0
2687,0.656006,2697,14,11,28,0
2688,0.656250,2697,12,11,26,0
2689,0.656494,2697,12,13,28,0
2690,0.656738,2697,12,13,28,0
2691,0.656982,2698,15,12,30,0
2692,0.657227,2698,13,12,32,0
2693,0.657471,2698,13,13,29,0
2694,0.657715,2698,13,13,29,0
2695,0.657959,2698,17,13,33,0
2696,0.658203,2699,12,11,26,0
2697,0.658447,2699,12,11,26,0
2698,0.658691,2699,12,13,28,0
2699,0.658936,2699,12,13,28,0
2700,0.659180,2700,12,12,31,0
2701,0.659424,2700,12,12,31,0
2702,0.659668,2700,12,13,28,0
2703,0.659912,2700,12,13,28,0
2704,0.660156,2701,16,11,30,0
2705,0.660400,2701,13,11,27,0
2706,0.660645,2701,13,11,27,0
2707,0.660889,2701,13,13,29,0
2708,0.661133,2702,16,12,31,0
2709,0.661377,2702,12,12,31,0
2710,0.661621,2702,12,12,31,0
2711,0.661865,2702,12,13,28,0
2712,0.662109,2702,14,13,30,0
2713,0.662354,2703,15,11,29,0
2714,0.662598,2703,13,11,27,0
2715,0.662842,2703,13,11,27,0
2716,0.663086,2703,15,13,31,0
2717,0.663330,2704,12,12,31,0
2718,0.663574,2704,12,12,31,0
2719,0.663818,2704,12,12,31,0
2720,0.664062,2704,12,13,28,0
2721,0.664307,2704,12,13,28,0
2722,0.664551,2704,15,13,31,0
2723,0.664795,2705,14,11,28,0
2724,0.665039,2705,13,11,27,0
2725,0.665283,2705,13,13,29,0
2726,0.665527,2705,13,13,29,0
2727,0.665771,2706,15,12,30,0
2728,0.666016,2706,12,12,27,0
2729,0.666260,2706,12,13,28,0
2730,0.666504,2706,12,13,28,0
2731,0.666748,2706,16,13,32,0
2732,0.666992,2707,13,11,27,0
2733,0.667236,2707,13,13,29,0
2734,0.667480,2707,13,13,29,0
2735,0.667725,2707,16,13,32,0
2736,0.667969,2708,11,12,30,0
2737,0.668213,2708,11,12,30,0
2738,0.668457,2708,11,13,27,0
2739,0.668701,2708,11,13,27,0
2740,0.668945,2708,17,13,33,0
2741,0.669189,2709,12,11,26,0
2742,0.669434,2709,12,11,26,0
2743,0.669678,2709,12,13,28,0
2744,0.669922,2709,15,13,31,0
2745,0.670166,2710,13,12,28,0
2746,0.670410,2710,13,12,28,0
2747,0.670654,2710,13,13,29,0
2748,0.670898,2710,14,13,30,0
2749,0.671143,2711,15,11,29,0
2750,0.671387,2711,12,11,26,0
2751,0.671631,2711,12,13,28,0
2752,0.671875,2711,14,13,30,0
2753,0.672119,2711,17,13,33,0
2754,0.672363,2712,13,12,28,0
2755,0.672607,2712,13,12,28,0
2756,0.672852,2712,13,13,29,0
2757,0.673096,2712,13,13,29,0
2758,0.673340,2713,16,11,30,0
2759,0.673584,2713,14,11,28,0
2760,0.673828,2713,12,11,26,0
2761,0.674072,2713,12,13,28,0
2762,0.674316,2713,15,13,31,0
2763,0.674561,2714,14,12,29,0
2764,0.674805,2714,13,12,32,0
2765,0.675049,2714,13,13,29,0
2766,0.675293,2714,15,13,31,0
2767,0.675537,2715,14,11,28,0
2768,0.675781,2715,12,11,26,0
2769,0.676025,2715,12,13,28,0
2770,0.676270,2715,12,13,28,0
2771,0.676514,2716,15,12,30,0
2772,0.676758,2716,13,12,32,0
2773,0.677002,2716,13,12,32,0
2774,0.677246,2716,13,13,29,0
2775,0.677490,2716,16,13,32,0
2776,0.677734,2717,12,11,26,0
2777,0.677979,2717,12,11,26,0
2778,0.678223,2717,12,13,28,0
2779,0.678467,2717,12,13,28,0
2780,0.678711,2717,17,13,33,0
2781,0.678955,2718,12,12,31,0
2782,0.679199,2718,12,12,31,0
2783,0.679443,2718,12,13,28,0
2784,0.679688,2718,15,13,31,0
2785,0.679932,2719,13,11,27,0
2786,0.680176,2719,13,11,27,0
2787,0.680420,2719,13,13,29,0
2788,0.680664,2719,14,13,30,0
2789,0.680908,2719,17,13,33,0
2790,0.681152,2720,12,12,31,0
2791,0.681396,2720,12,12,31,0
2792,0.681641,2720,14,13,30,0
2793,0.681885,2720,16,13,32,0
2794,0.682129,2721,13,11,27,0
2795,0.682373,2721,13,11,27,0
2796,0.682617,2721,13,13,29,0
2797,0.682861,2721,13,13,29,0
2798,0.683105,2721,15,13,31,0
2799,0.683350,2722,14,12,29,0
2800,0.683594,2722,12,12,27,0
2801,0.683838,2722,12,13,28,0
2802,0.684082,2722,15,13,31,0
2803,0.684326,2723,14,11,28,0
2804,0.684570,2723,13,11,27,0
2805,0.684814,2723,13,13,29,0
2806,0.685059,2723,13,13,29,0
2807,0.685303,2724,15,12,30,0
2808,0.685547,2724,12,12,27,0
2809,0.685791,2724,12,12,27,0
2810,0.686035,2724,12,13,28,0
2811,0.686279,2724,16,13,32,0
2812,0.686523,2725,12,11,26,0
2813,0.686768,2725,12,11,26,0
2814,0.687012,2725,12,13,28,0
2815,0.687256,2725,12,13,28,0
2816,0.687500,2725,15,13,31,0
2817,0.687744,2726,13,12,28,0
2818,0.687988,2726,13,12,28,0
2819,0.688232,2726,13,13,29,0
2820,0.688477,2726,15,13,31,0
2821,0.688721,2727,12,11,26,0
2822,0.688965,2727,12,11,26,0
2823,0.689209,2727,12,13,28,0
2824,0.689453,2727,14,13,30,0
2825,0.689697,2728,15,12,30,0
2826,0.689941,2728,13,12,28,0
2827,0.690186,2728,13,12,28,0
2828,0.690430,2728,14,13,30,0
2829,0.690674,2728,16,13,32,0
2830,0.690918,2729,12,11,26,0
2831,0.691162,2729,12,11,26,0
2832,0.691406,2729,12,13,28,0
2833,0.691650,2729,12,13,28,0
2834,0.691895,2729,17,13,33,0
2835,0.692139,2730,14,12,29,0
2836,0.692383,2730,13,12,32,0
2837,0.692627,2730,13,13,29,0
2838,0.692871,2730,15,13,31,0
2839,0.693115,2731,14,11,28,0
2840,0.693359,2731,12,11,26,0
2841,0.693604,2731,12,13,28,0
2842,0.693848,2731,12,13,28,0
2843,0.694092,2732,15,12,30,0
2844,0.694336,2732,13,12,32,0
2845,0.694580,2732,13,12,32,0
2846,0.694824,2732,13,13,29,0
2847,0.695068,2732,16,13,32,0
2848,0.695312,2733,11,11,25,0
2849,0.695557,2733,11,11,25,0
2850,0.695801,2733,11,13,27,0
2851,0.696045,2733,11,13,27,0
2852,0.696289,2733,17,13,33,0
2853,0.696533,2734,12,12,31,0
2854,0.696777,2734,12,12,31,0
2855,0.697021,2734,12,13,28,0
2856,0.697266,2734,15,13,31,0
2857,0.697510,2735,13,11,27,0
2858,0.697754,2735,13,11,27,0
2859,0.697998,2735,13,13,29,0
2860,0.698242,2735,14,13,30,0
2861,0.698486,2736,15,12,30,0
2862,0.698730,2736,12,12,31,0
2863,0.698975,2736,12,13,28,0
2864,0.699219,2736,14,13,30,0
2865,0.699463,2736,16,13,32,0
2866,0.699707,2737,13,11,27,0
2867,0.699951,2737,13,11,27,0
2868,0.700195,2737,13,13,29,0
2869,0.700439,2737,13,13,29,0
2870,0.700684,2737,17,13,33,0
2871,0.700928,2738,14,12,29,0
2872,0.701172,2738,12,12,27,0
2873,0.701416,2738,12,13,28,0
2874,0.701660,2738,15,13,31,0
2875,0.701904,2739,14,11,28,0
2876,0.702148,2739,13,11,27,0
2877,0.702393,2739,13,13,29,0
2878,0.702637,2739,13,13,29,0
2879,0.702881,2740,15,12,30,0
2880,0.703125,2740,12,12,27,0
2881,0.703369,2740,12,12,27,0
2882,0.703613,2740,12,13,28,0
2883,0.703857,2740,16,13,32,0
2884,0.704102,2741,11,11,25,0
2885,0.704346,2741,11,11,25,0
2886,0.704590,2741,11,13,27,0
2887,0.704834,2741,11,13,27,0
2888,0.705078,2742,16,12,31,0
2889,0.705322,2742,13,12,28,0
2890,0.705566,2742,13,12,28,0
2891,0.705811,2742,13,13,29,0
2892,0.706055,2742,15,13,31,0
2893,0.706299,2743,12,11,26,0
2894,0.706543,2743,12,11,26,0
2895,0.706787,2743,12,13,28,0
2896,0.707031,2743,14,13,30,0
2897,0.707275,2744,15,12,30,0
2898,0.707520,2744,13,12,28,0
2899,0.707764,2744,13,12,28,0
2900,0.708008,2744,14,13,30,0
2901,0.708252,2744,16,13,32,0
2902,0.708496,2745,12,11,26,0
2903,0.708740,2745,12,11,26,0
2904,0.708984,2745,12,13,28,0
2905,0.709229,2745,12,13,28,0
2906,0.709473,2745,17,13,33,0
2907,0.709717,2746,14,12,29,0
2908,0.709961,2746,13,12,32,0
2909,0.710205,2746,13,13,29,0
2910,0.710449,2746,15,13,31,0
2911,0.710693,2747,14,11,28,0
2912,0.710938,2747,12,11,26,0
2913,0.711182,2747,12,13,28,0
2914,0.711426,2747,12,13,28,0
2915,0.711670,2748,15,12,30,0
2916,0.711914,2748,13,12,32,0
2917,0.712158,2748,13,12,32,0
2918,0.712402,2748,13,13,29,0
2919,0.712646,2748,16,13,32,0
2920,0.712891,2749,12,11,26,0
2921,0.713135,2749,12,11,26,0
2922,0.713379,2749,12,13,28,0
2923,0.713623,2749,12,13,28,0
2924,0.713867,2749,17,13,33,0
2925,0.714111,2750,13,12,32,0
2926,0.714355,2750,13,13,29,0
2927,0.714600,2750,15,13,31,0
2928,0.714844,2751,14,11,28,0
2929,0.715088,2751,12,11,26,0
2930,0.715332,2751,12,13,28,0
2931,0.715576,2751,12,13,28,0
2932,0.715820,2752,15,12,30,0
2933,0.716064,2752,11,12,26,0
2934,0.716309,2752,11,12,26,0
2935,0.716553,2752,11,13,27,0
2936,0.716797,2752,11,13,27,0
2937,0.717041,2752,15,13,31,0
2938,0.717285,2753,13,11,27,0
2939,0.717529,2753,13,11,27,0
2940,0.717773,2753,13,13,29,0
2941,0.718018,2753,14,13,30,0
2942,0.718262,2754,15,12,30,0
2943,0.718506,2754,12,12,31,0
2944,0.718750,2754,12,12,31,0
2945,0.718994,2754,14,13,30,0
2946,0.719238,2754,16,13,32,0
2947,0.719482,2755,13,11,27,0
2948,0.719727,2755,13,11,27,0
2949,0.719971,2755,13,13,29,0
2950,0.720215,2755,13,13,29,0
2951,0.720459,2755,17,13,33,0
2952,0.720703,2756,14,12,29,0
2953,0.720947,2756,12,12,27,0
2954,0.721191,2756,12,13,28,0
2955,0.721436,2756,15,13,31,0
2956,0.721680,2757,14,11,28,0
2957,0.721924,2757,13,11,27,0
2958,0.722168,2757,13,13,29,0
2959,0.722412,2757,13,13,29,0
2960,0.722656,2758,15,12,30,0
2961,0.722900,2758,12,12,27,0
2962,0.723145,2758,12,12,27,0
2963,0.723389,2758,12,13,28,0
2964,0.723633,2758,16,13,32,0
2965,0.723877,2759,11,11,25,0
2966,0.724121,2759,11,11,25,0
2967,0.724365,2759,11,13,27,0
2968,0.724609,2759,11,13,27,0
2969,0.724854,2760,16,12,31,0
2970,0.725098,2760,13,12,28,0
2971,0.725342,2760,13,12,28,0
2972,0.725586,2760,13,13,29,0
2973,0.725830,2760,14,13,30,0
2974,0.726074,2761,15,11,29,0
2975,0.726318,2761,12,11,26,0
2976,0.726562,2761,12,11,26,0
2977,0.726807,2761,14,13,30,0
2978,0.727051,2761,16,13,32,0
2979,0.727295,2762,13,12,28,0
2980,0.727539,2762,13,12,28,0
2981,0.727783,2762,13,13,29,0
2982,0.728027,2762,13,13,29,0
2983,0.728271,2763,16,11,30,0
2984,0.728516,2763,14,11,28,0
2985,0.728760,2763,12,11,26,0
2986,0.729004,2763,12,13,28,0
2987,0.729248,2763,15,13,31,0
2988,0.729492,2764,14,12,29,0
2989,0.729736,2764,13,12,32,0
2990,0.729980,2764,13,13,29,0
2991,0.730225,2764,13,13,29,0
2992,0.730469,2765,15,11,29,0
2993,0.730713,2765,12,11,26,0
2994,0.730957,2765,12,13,28,0
2995,0.731201,2765,12,13,28,0
2996,0.731445,2765,17,13,33,0
2997,0.731689,2766,11,12,26,0
2998,0.731934,2766,11,12,26,0
2999,0.732178,2766,11,13,27,0
3000,0.732422,2766,11,13,27,0
3001,0.732666,2767,16,11,30,0
3002,0.732910,2767,13,11,27,0
3003,0.733154,2767,13,11,27,0
3004,0.733398,2767,13,13,29,0
3005,0.733643,2767,15,13,31,0
3006,0.733887,2768,12,12,31,0
3007,0.734131,2768,12,12,31,0
3008,0.734375,2768,12,13,28,0
3009,0.734619,2768,14,13,30,0
3010,0.734863,2768,17,13,33,0
3011,0.735107,2769,13,11,27,0
3012,0.735352,2769,13,11,27,0
3013,0.735596,2769,13,13,29,0
3014,0.735840,2769,13,13,29,0
3015,0.736084,2770,16,12,31,0
3016,0.736328,2770,14,12,29,0
3017,0.736572,2770,12,12,27,0
3018,0.736816,2770,12,13,28,0
3019,0.737061,2770,15,13,31,0
3020,0.737305,2771,14,11,28,0
3021,0.737549,2771,13,11,27,0
3022,0.737793,2771,13,13,29,0
3023,0.738037,2771,15,13,31,0
3024,0.738281,2772,14,12,29,0
3025,0.738525,2772,12,12,27,0
3026,0.738770,2772,12,13,28,0
3027,0.739014,2772,12,13,28,0
3028,0.739258,2773,15,11,29,0
3029,0.739502,2773,13,11,27,0
3030,0.739746,2773,13,11,27,0
3031,0.739990,2773,13,13,29,0
3032,0.740234,2773,16,13,32,0
3033,0.740479,2774,12,12,27,0
3034,0.740723,2774,12,12,27,0
3035,0.740967,2774,12,13,28,0
3036,0.741211,2774,12,13,28,0
3037,0.741455,2774,15,13,31,0
3038,0.741699,2775,12,11,26,0
3039,0.741943,2775,12,11,26,0
3040,0.742188,2775,12,13,28,0
3041,0.742432,2775,14,13,30,0
3042,0.742676,2776,15,12,30,0
3043,0.742920,2776,13,12,28,0
3044,0.743164,2776,13,12,28,0
3045,0.743408,2776,13,13,29,0
3046,0.743652,2776,13,13,29,0
3047,0.743896,2777,16,11,30,0
3048,0.744141,2777,14,11,28,0
3049,0.744385,2777,12,11,26,0
3050,0.744629,2777,12,13,28,0
3051,0.744873,2777,15,13,31,0
3052,0.745117,2778,14,12,29,0
3053,0.745361,2778,13,12,32,0
3054,0.745605,2778,13,13,29,0
3055,0.745850,2778,15,13,31,0
3056,0.746094,2779,14,11,28,0
3057,0.746338,2779,12,11,26,0
3058,0.746582,2779,12,13,28,0
3059,0.746826,2779,12,13,28,0
3060,0.747070,2780,15,12,30,0
3061,0.747314,2780,11,12,26,0
3062,0.747559,2780,11,12,26,0
3063,0.747803,2780,11,13,27,0
3064,0.748047,2780,11,13,27,0
3065,0.748291,2781,16,11,30,0
3066,0.748535,2781,13,11,27,0
3067,0.748779,2781,13,11,27,0
3068,0.749023,2781,13,13,29,0
3069,0.749268,2781,15,13,31,0
3070,0.749512,2782,12,12,31,0
3071,0.749756,2782,12,12,31,0
3072,0.750000,2782,12,13,28,0
3073,0.750244,2782,14,13,30,0
3074,0.750488,2783,15,11,29,0
3075,0.750732,2783,13,11,27,0
3076,0.750977,2783,13,11,27,0
3077,0.751221,2783,14,13,30,0
3078,0.751465,2783,16,13,32,0
3079,0.751709,2784,12,12,27,0
3080,0.751953,2784,12,12,27,0
3081,0.752197,2784,12,12,27,0
3082,0.752441,2784,12,13,28,0
3083,0.752686,2784,15,13,31,0
3084,0.752930,2785,14,11,28,0
3085,0.753174,2785,13,11,27,0
3086,0.753418,2785,13,13,29,0
3087,0.753662,2785,13,13,29,0
3088,0.753906,2786,15,12,30,0
3089,0.754150,2786,12,12,27,0
3090,0.754395,2786,12,12,27,0
3091,0.754639,2786,12,13,28,0
3092,0.754883,2786,16,13,32,0
3093,0.755127,2787,16,11,30,0
3094,0.755371,2787,11,11,25,0
3095,0.755615,2787,11,13,27,0
3096,0.755859,2787,11,13,27,0
3097,0.756104,2787,15,13,31,0
3098,0.756348,2788,13,12,28,0
3099,0.756592,2788,13,12,28,0
3100,0.756836,2788,13,13,29,0
3101,0.757080,2788,14,13,30,0
3102,0.757324,2789,15,11,29,0
3103,0.757568,2789,12,11,26,0
3104,0.757812,2789,12,13,28,0
3105,0.758057,2789,14,13,30,0
3106,0.758301,2789,16,13,32,0
3107,0.758545,2790,13,12,28,0
3108,0.758789,2790,13,12,28,0
3109,0.759033,2790,13,13,29,0
3110,0.759277,2790,13,13,29,0
3111,0.759521,2791,16,11,30,0
3112,0.759766,2791,14,11,28,0
3113,0.760010,2791,12,11,26,0
3114,0.760254,2791,12,13,28,0
3115,0.760498,2791,12,13,28,0
3116,0.760742,2792,15,12,30,0
3117,0.760986,2792,13,12,32,0
3118,0.761230,2792,13,13,29,0
3119,0.761475,2792,13,13,29,0
3120,0.761719,2793,15,11,29,0
3121,0.761963,2793,11,11,25,0
3122,0.762207,2793,11,11,25,0
3123,0.762451,2793,11,13,27,0
3124,0.762695,2793,16,13,32,0
3125,0.762939,2794,16,12,31,0
3126,0.763184,2794,12,12,31,0
3127,0.763428,2794,12,12,31,0
3128,0.763672,2794,12,13,28,0
3129,0.763916,2794,15,13,31,0
3130,0.764160,2795,13,11,27,0
3131,0.764404,2795,13,11,27,0
3132,0.764648,2795,13,13,29,0
3133,0.764893,2795,14,13,30,0
3134,0.765137,2796,15,12,30,0
3135,0.765381,2796,12,12,31,0
3136,0.765625,2796,12,13,28,0
3137,0.765869,2796,14,13,30,0
3138,0.766113,2796,16,13,32,0
3139,0.766357,2797,13,11,27,0
3140,0.766602,2797,13,11,27,0
3141,0.766846,2797,13,11,27,0
3142,0.767090,2797,13,13,29,0
3143,0.767334,2797,15,13,31,0
3144,0.767578,2798,14,12,29,0
3145,0.767822,2798,12,12,27,0
3146,0.768066,2798,12,13,28,0
3147,0.768311,2798,15,13,31,0
3148,0.768555,2799,14,11,28,0
3149,0.768799,2799,13,11,27,0
3150,0.769043,2799,13,13,29,0
3151,0.769287,2799,13,13,29,0
3152,0.769531,2799,17,13,33,0
3153,0.769775,2800,11,12,30,0
3154,0.770020,2800,11,12,30,0
3155,0.770264,2800,11,13,27,0
3156,0.770508,2800,11,13,27,0
3157,0.770752,2800,15,13,31,0
3158,0.770996,2801,12,11,26,0
3159,0.771240,2801,12,11,26,0
3160,0.771484,2801,12,13,28,0
3161,0.771729,2801,14,13,30,0
3162,0.771973,2801,17,13,33,0
3163,0.772217,2802,13,12,28,0
3164,0.772461,2802,13,12,28,0
3165,0.772705,2802,14,13,30,0
3166,0.772949,2802,16,13,32,0
3167,0.773193,2803,12,11,26,0
3168,0.773438,2803,12,11,26,0
3169,0.773682,2803,12,13,28,0
3170,0.773926,2803,12,13,28,0
3171,0.774170,2804,16,12,31,0
3172,0.774414,2804,14,12,29,0
3173,0.774658,2804,13,12,32,0
3174,0.774902,2804,13,13,29,0
3175,0.775146,2804,13,13,29,0
3176,0.775391,2805,15,11,29,0
3177,0.775635,2805,12,11,26,0
3178,0.775879,2805,12,11,26,0
3179,0.776123,2805,12,13,28,0
3180,0.776367,2805,16,13,32,0
3181,0.776611,2806,13,12,32,0
3182,0.776855,2806,13,12,32,0
3183,0.777100,2806,13,13,29,0
3184,0.777344,2806,16,13,32,0
3185,0.777588,2807,11,11,25,0
3186,0.777832,2807,11,11,25,0
3187,0.778076,2807,11,11,25,0
3188,0.778320,2807,11,13,27,0
3189,0.778564,2807,15,13,31,0
3190,0.778809,2808,12,12,31,0
3191,0.779053,2808,12,12,31,0
3192,0.779297,2808,12,13,28,0
3193,0.779541,2808,14,13,30,0
3194,0.779785,2808,17,13,33,0
3195,0.780029,2809,13,11,27,0
3196,0.780273,2809,13,11,27,0
3197,0.780518,2809,14,13,30,0
3198,0.780762,2809,16,13,32,0
3199,0.781006,2810,12,12,27,0
3200,0.781250,2810,12,12,27,0
3201,0.781494,2810,12,12,27,0
3202,0.781738,2810,12,13,28,0
3203,0.781982,2810,15,13,31,0
3204,0.782227,2811,14,11,28,0
3205,0.782471,2811,13,11,27,0
3206,0.782715,2811,13,13,29,0
3207,0.782959,2811,15,13,31,0
3208,0.783203,2812,14,12,29,0
3209,0.783447,2812,12,12,27,0
3210,0.783691,2812,12,12,27,0
3211,0.783936,2812,12,13,28,0
3212,0.784180,2812,12,13,28,0
3213,0.784424,2813,16,11,30,0
3214,0.784668,2813,12,11,26,0
3215,0.784912,2813,12,11,26,0
3216,0.785156,2813,12,13,28,0
3217,0.785400,2813,15,13,31,0
3218,0.785645,2814,13,12,28,0
3219,0.785889,2814,13,12,28,0
3220,0.786133,2814,13,13,29,0
3221,0.786377,2814,14,13,30,0
3222,0.786621,2815,15,11,29,0
3223,0.786865,2815,12,11,26,0
3224,0.787109,2815,12,13,28,0
3225,0.787354,2815,14,13,30,0
3226,0.787598,2815,16,13,32,0
3227,0.787842,2816,13,12,28,0
3228,0.788086,2816,13,12,28,0
3229,0.788330,2816,13,12,32,0
3230,0.788574,2816,13,13,29,0
3231,0.788818,2816,13,13,29,0
3232,0.789062,2817,15,11,29,0
3233,0.789307,2817,12,11,26,0
3234,0.789551,2817,12,11,26,0
3235,0.789795,2817,12,13,28,0
3236,0.790039,2817,16,13,32,0
3237,0.790283,2818,11,12,26,0
3238,0.790527,2818,11,12,26,0
3239,0.790771,2818,11,13,27,0
3240,0.791016,2818,11,13,27,0
3241,0.791260,2818,15,13,31,0
3242,0.791504,2819,13,11,27,0
3243,0.791748,2819,13,11,27,0
3244,0.791992,2819,13,13,29,0
3245,0.792236,2819,14,13,30,0
3246,0.792480,2820,15,12,30,0
3247,0.792725,2820,12,12,31,0
3248,0.792969,2820,12,12,31,0
3249,0.793213,2820,12,13,28,0
3250,0.793457,2820,12,13,28,0
3251,0.793701,2821,16,11,30,0
3252,0.793945,2821,14,11,28,0
3253,0.794189,2821,13,11,27,0
3254,0.794434,2821,13,13,29,0
3255,0.794678,2821,15,13,31,0
3256,0.794922,2822,14,12,29,0
3257,0.795166,2822,12,12,27,0
3258,0.795410,2822,12,13,28,0
3259,0.795654,2822,15,13,31,0
3260,0.795898,2823,14,11,28,0
3261,0.796143,2823,13,11,27,0
3262,0.796387,2823,13,13,29,0
3263,0.796631,2823,13,13,29,0
3264,0.796875,2823,17,13,33,0
3265,0.797119,2824,11,12,30,0
3266,0.797363,2824,11,12,30,0
3267,0.797607,2824,11,13,27,0
3268,0.797852,2824,11,13,27,0
3269,0.798096,2824,15,13,31,0
3270,0.798340,2825,12,11,26,0
3271,0.798584,2825,12,11,26,0
3272,0.798828,2825,12,13,28,0
3273,0.799072,2825,14,13,30,0
3274,0.799316,2826,15,12,30,0
3275,0.799561,2826,13,12,28,0
3276,0.799805,2826,13,13,29,0
3277,0.800049,2826,14,13,30,0
3278,0.800293,2826,16,13,32,0
3279,0.800537,2827,12,11,26,0
3280,0.800781,2827,12,11,26,0
3281,0.801025,2827,12,13,28,0
3282,0.801270,2827,12,13,28,0
3283,0.801514,2828,16,12,31,0
3284,0.801758,2828,14,12,29,0
3285,0.802002,2828,13,12,32,0
3286,0.802246,2828,13,13,29,0
3287,0.802490,2828,13,13,29,0
3288,0.802734,2829,15,11,29,0
3289,0.802979,2829,12,11,26,0
3290,0.803223,2829,12,11,26,0
3291,0.803467,2829,12,13,28,0
3292,0.803711,2829,16,13,32,0
3293,0.803955,2830,12,12,31,0
3294,0.804199,2830,12,12,31,0
3295,0.804443,2830,12,13,28,0
3296,0.804688,2830,12,13,28,0
3297,0.804932,2830,15,13,31,0
3298,0.805176,2831,13,11,27,0
3299,0.805420,2831,13,11,27,0
3300,0.805664,2831,13,13,29,0
3301,0.805908,2831,14,13,30,0
3302,0.806152,2832,15,12,30,0
3303,0.806396,2832,12,12,31,0
3304,0.806641,2832,12,12,31,0
3305,0.806885,2832,12,13,28,0
3306,0.807129,2832,12,13,28,0
3307,0.807373,2833,16,11,30,0
3308,0.807617,2833,14,11,28,0
3309,0.807861,2833,13,13,29,0
3310,0.808105,2833,13,13,29,0
3311,0.808350,2834,16,12,31,0
3312,0.808594,2834,14,12,29,0
3313,0.808838,2834,12,12,27,0
3314,0.809082,2834,12,13,28,0
3315,0.809326,2834,15,13,31,0
3316,0.809570,2835,14,11,28,0
3317,0.809814,2835,13,11,27,0
3318,0.810059,2835,13,13,29,0
3319,0.810303,2835,13,13,29,0
3320,0.810547,2835,17,13,33,0
3321,0.810791,2836,12,12,27,0
3322,0.811035,2836,12,12,27,0
3323,0.811279,2836,12,13,28,0
3324,0.811523,2836,12,13,28,0
3325,0.811768,2836,15,13,31,0
3326,0.812012,2837,12,11,26,0
3327,0.812256,2837,12,11,26,0
3328,0.812500,2837,12,13,28,0
3329,0.812744,2837,15,13,31,0
3330,0.812988,2838,13,12,28,0
3331,0.813232,2838,13,12,28,0
3332,0.813477,2838,13,13,29,0
3333,0.813721,2838,14,13,30,0
3334,0.813965,2838,16,13,32,0
3335,0.814209,2839,12,11,26,0
3336,0.814453,2839,12,11,26,0
3337,0.814697,2839,12,13,28,0
3338,0.814941,2839,12,13,28,0
3339,0.815186,2839,17,13,33,0
3340,0.815430,2840,14,12,29,0
3341,0.815674,2840,13,12,32,0
3342,0.815918,2840,13,13,29,0
3343,0.816162,2840,13,13,29,0
3344,0.816406,2841,15,11,29,0
3345,0.816650,2841,11,11,25,0
3346,0.816895,2841,11,11,25,0
3347,0.817139,2841,11,13,27,0
3348,0.817383,2841,16,13,32,0
3349,0.817627,2842,16,12,31,0
3350,0.817871,2842,12,12,31,0
3351,0.818115,2842,12,12,31,0
3352,0.818359,2842,12,13,28,0
3353,0.818604,2842,15,13,31,0
3354,0.818848,2843,13,11,27,0
3355,0.819092,2843,13,11,27,0
3356,0.819336,2843,13,13,29,0
3357,0.819580,2843,14,13,30,0
3358,0.819824,2844,15,12,30,0
3359,0.820068,2844,12,12,31,0
3360,0.820312,2844,12,12,31,0
3361,0.820557,2844,12,13,28,0
3362,0.820801,2844,12,13,28,0
3363,0.821045,2845,16,11,30,0
3364,0.821289,2845,14,11,28,0
3365,0.821533,2845,13,11,27,0
3366,0.821777,2845,13,13,29,0
3367,0.822021,2845,15,13,31,0
3368,0.822266,2846,14,12,29,0
3369,0.822510,2846,12,12,27,0
3370,0.822754,2846,12,12,27,0
3371,0.822998,2846,12,13,28,0
3372,0.823242,2846,16,13,32,0
3373,0.823486,2847,13,11,27,0
3374,0.823730,2847,13,13,29,0
3375,0.823975,2847,13,13,29,0
3376,0.824219,2847,17,13,33,0
3377,0.824463,2848,11,12,30,0
3378,0.824707,2848,11,12,30,0
3379,0.824951,2848,11,13,27,0
3380,0.825195,2848,11,13,27,0
3381,0.825439,2848,14,13,30,0
3382,0.825684,2849,15,11,29,0
3383,0.825928,2849,12,11,26,0
3384,0.826172,2849,12,11,26,0
3385,0.826416,2849,14,13,30,0
3386,0.826660,2849,16,13,32,0
3387,0.826904,2850,13,12,28,0
3388,0.827148,2850,13,12,28,0
3389,0.827393,2850,13,13,29,0
3390,0.827637,2850,13,13,29,0
3391,0.827881,2851,16,11,30,0
3392,0.828125,2851,14,11,28,0
3393,0.828369,2851,12,11,26,0
3394,0.828613,2851,12,13,28,0
3395,0.828857,2851,15,13,31,0
3396,0.829102,2852,14,12,29,0
3397,0.829346,2852,11,12,26,0
3398,0.829590,2852,11,12,26,0
3399,0.829834,2852,11,13,27,0
3400,0.830078,2852,16,13,32,0
3401,0.830322,2853,16,11,30,0
3402,0.830566,2853,13,11,27,0
3403,0.830811,2853,13,11,27,0
3404,0.831055,2853,13,13,29,0
3405,0.831299,2853,15,13,31,0
3406,0.831543,2854,12,12,31,0
3407,0.831787,2854,12,12,31,0
3408,0.832031,2854,12,13,28,0
3409,0.832275,2854,14,13,30,0
3410,0.832520,2855,15,11,29,0
3411,0.832764,2855,13,11,27,0
3412,0.833008,2855,13,13,29,0
3413,0.833252,2855,14,13,30,0
3414,0.833496,2855,16,13,32,0
3415,0.833740,2856,12,12,27,0
3416,0.833984,2856,12,12,27,0
3417,0.834229,2856,12,12,27,0
3418,0.834473,2856,12,13,28,0
3419,0.834717,2856,12,13,28,0
3420,0.834961,2857,15,11,29,0
3421,0.835205,2857,13,11,27,0
3422,0.835449,2857,13,13,29,0
3423,0.835693,2857,13,13,29,0
3424,0.835938,2857,17,13,33,0
3425,0.836182,2858,11,12,30,0
3426,0.836426,2858,11,12,30,0
3427,0.836670,2858,11,13,27,0
3428,0.836914,2858,11,13,27,0
3429,0.837158,2858,15,13,31,0
3430,0.837402,2859,12,11,26,0
3431,0.837646,2859,12,11,26,0
3432,0.837891,2859,12,13,28,0
3433,0.838135,2859,15,13,31,0
3434,0.838379,2860,13,12,28,0
3435,0.838623,2860,13,12,28,0
3436,0.838867,2860,13,12,28,0
3437,0.839111,2860,14,13,30,0
3438,0.839355,2861,15,11,29,0
3439,0.839600,2861,12,11,26,0
3440,0.839844,2861,12,13,28,0
3441,0.840088,2861,14,13,30,0
3442,0.840332,2861,16,13,32,0
3443,0.840576,2862,13,12,28,0
3444,0.840820,2862,13,12,28,0
3445,0.841064,2862,13,13,29,0
3446,0.841309,2862,13,13,29,0
3447,0.841553,2862,15,13,31,0
3448,0.841797,2863,14,11,28,0
3449,0.842041,2863,12,11,26,0
3450,0.842285,2863,12,13,28,0
3451,0.842529,2863,12,13,28,0
3452,0.842773,2864,15,12,30,0
3453,0.843018,2864,12,12,31,0
3454,0.843262,2864,12,12,31,0
3455,0.843506,2864,12,13,28,0
3456,0.843750,2864,12,13,28,0
3457,0.843994,2864,15,13,31,0
3458,0.844238,2865,13,11,27,0
3459,0.844482,2865,13,11,27,0
3460,0.844727,2865,13,13,29,0
3461,0.844971,2865,14,13,30,0
3462,0.845215,2865,17,13,33,0
3463,0.845459,2866,12,12,31,0
3464,0.845703,2866,12,12,31,0
3465,0.845947,2866,12,13,28,0
3466,0.846191,2866,12,13,28,0
3467,0.846436,2867,16,11,30,0
3468,0.846680,2867,14,11,28,0
3469,0.846924,2867,13,13,29,0
3470,0.847168,2867,13,13,29,0
3471,0.847412,2867,17,13,33,0
3472,0.847656,2868,14,12,29,0
3473,0.847900,2868,12,12,27,0
3474,0.848145,2868,12,13,28,0
3475,0.848389,2868,12,13,28,0
3476,0.848633,2869,15,11,29,0
3477,0.848877,2869,11,11,25,0
3478,0.849121,2869,11,11,25,0
3479,0.849365,2869,11,13,27,0
3480,0.849609,2869,11,13,27,0
3481,0.849854,2869,17,13,33,0
3482,0.850098,2870,13,12,28,0
3483,0.850342,2870,13,12,28,0
3484,0.850586,2870,13,13,29,0
3485,0.850830,2870,15,13,31,0
3486,0.851074,2871,12,11,26,0
3487,0.851318,2871,12,11,26,0
3488,0.851562,2871,12,13,28,0
3489,0.851807,2871,14,13,30,0
3490,0.852051,2872,15,12,30,0
3491,0.852295,2872,13,12,28,0
3492,0.852539,2872,13,12,28,0
3493,0.852783,2872,13,12,32,0
3494,0.853027,2872,13,13,29,0
3495,0.853271,2872,15,13,31,0
3496,0.853516,2873,14,11,28,0
3497,0.853760,2873,12,11,26,0
3498,0.854004,2873,12,13,28,0
3499,0.854248,2873,12,13,28,0
3500,0.854492,2873,17,13,33,0
3501,0.854736,2874,13,12,32,0
3502,0.854980,2874,13,12,32,0
3503,0.855225,2874,13,13,29,0
3504,0.855469,2874,16,13,32,0
3505,0.855713,2875,11,11,25,0
3506,0.855957,2875,11,11,25,0
3507,0.856201,2875,11,13,27,0
3508,0.856445,2875,11,13,27,0
3509,0.856689,2875,15,13,31,0
3510,0.856934,2876,12,12,31,0
3511,0.857178,2876,12,12,31,0
3512,0.857422,2876,12,13,28,0
3513,0.857666,2876,14,13,30,0
3514,0.857910,2876,16,13,32,0
3515,0.858154,2877,13,11,27,0
3516,0.858398,2877,13,11,27,0
3517,0.858643,2877,13,13,29,0
3518,0.858887,2877,13,13,29,0
3519,0.859131,2878,16,12,31,0
3520,0.859375,2878,14,12,29,0
3521,0.859619,2878,12,12,27,0
3522,0.859863,2878,12,13,28,0
3523,0.860107,2878,15,13,31,0
3524,0.860352,2879,14,11,28,0
3525,0.860596,2879,13,11,27,0
3526,0.860840,2879,13,13,29,0
3527,0.861084,2879,13,13,29,0
3528,0.861328,2879,16,13,32,0
3529,0.861572,2880,12,12,27,0
3530,0.861816,2880,12,12,27,0
3531,0.862061,2880,12,12,27,0
3532,0.862305,2880,12,13,28,0
3533,0.862549,2880,15,13,31,0
3534,0.862793,2881,12,11,26,0
3535,0.863037,2881,12,11,26,0
3536,0.863281,2881,12,13,28,0
3537,0.863525,2881,14,13,30,0
3538,0.863770,2881,16,13,32,0
3539,0.864014,2882,13,12,28,0
3540,0.864258,2882,13,12,28,0
3541,0.864502,2882,13,13,29,0
3542,0.864746,2882,13,13,29,0
3543,0.864990,2882,15,13,31,0
3544,0.865234,2883,14,11,28,0
3545,0.865479,2883,12,11,26,0
3546,0.865723,2883,12,13,28,0
3547,0.865967,2883,12,13,28,0
3548,0.866211,2884,15,12,30,0
3549,0.866455,2884,12,12,31,0
3550,0.866699,2884,12,12,31,0
3551,0.866943,2884,12,13,28,0
3552,0.867188,2884,12,13,28,0
3553,0.867432,2884,17,13,33,0
3554,0.867676,2885,13,11,27,0
3555,0.867920,2885,13,11,27,0
3556,0.868164,2885,13,13,29,0
3557,0.868408,2885,15,13,31,0
3558,0.868652,2886,12,12,31,0
3559,0.868896,2886,12,12,31,0
3560,0.869141,2886,12,13,28,0
3561,0.869385,2886,14,13,30,0
3562,0.869629,2886,16,13,32,0
3563,0.869873,2887,13,11,27,0
3564,0.870117,2887,13,11,27,0
3565,0.870361,2887,13,13,29,0
3566,0.870605,2887,13,13,29,0
3567,0.870850,2887,15,13,31,0
3568,0.871094,2888,14,12,29,0
3569,0.871338,2888,12,12,27,0
3570,0.871582,2888,12,13,28,0
3571,0.871826,2888,12,13,28,0
3572,0.872070,2888,17,13,33,0
3573,0.872314,2889,11,11,25,0
3574,0.872559,2889,11,11,25,0
3575,0.872803,2889,11,13,27,0
3576,0.873047,2889,11,13,27,0
3577,0.873291,2890,16,12,31,0
3578,0.873535,2890,13,12,28,0
3579,0.873779,2890,13,12,28,0
3580,0.874023,2890,13,13,29,0
3581,0.874268,2890,14,13,30,0
3582,0.874512,2891,15,11,29,0
3583,0.874756,2891,12,11,26,0
3584,0.875000,2891,12,13,28,0
3585,0.875244,2891,14,13,30,0
3586,0.875488,2891,16,13,32,0
3587,0.875732,2892,13,12,28,0
3588,0.875977,2892,13,12,28,0
3589,0.876221,2892,13,13,29,0
3590,0.876465,2892,13,13,29,0
3591,0.876709,2892,15,13,31,0
3592,0.876953,2893,14,11,28,0
3593,0.877197,2893,12,11,26,0
3594,0.877441,2893,12,13,28,0
3595,0.877686,2893,12,13,28,0
3596,0.877930,2893,17,13,33,0
3597,0.878174,2894,12,12,31,0
3598,0.878418,2894,12,12,31,0
3599,0.878662,2894,12,13,28,0
3600,0.878906,2894,12,13,28,0
3601,0.879150,2894,15,13,31,0
3602,0.879395,2895,13,11,27,0
3603,0.879639,2895,13,11,27,0
3604,0.879883,2895,13,13,29,0
3605,0.880127,2895,14,13,30,0
3606,0.880371,2896,15,12,30,0
3607,0.880615,2896,12,12,31,0
3608,0.880859,2896,12,12,31,0
3609,0.881104,2896,12,13,28,0
3610,0.881348,2896,12,13,28,0
3611,0.881592,2896,17,13,33,0
3612,0.881836,2897,14,11,28,0
3613,0.882080,2897,13,11,27,0
3614,0.882324,2897,13,13,29,0
3615,0.882568,2897,15,13,31,0
3616,0.882812,2898,14,12,29,0
3617,0.883057,2898,12,12,27,0
3618,0.883301,2898,12,12,27,0
3619,0.883545,2898,12,13,28,0
3620,0.883789,2898,16,13,32,0
3621,0.884033,2899,11,11,25,0
3622,0.884277,2899,11,11,25,0
3623,0.884521,2899,11,13,27,0
3624,0.884766,2899,11,13,27,0
3625,0.885010,2899,15,13,31,0
3626,0.885254,2900,13,12,28,0
3627,0.885498,2900,13,12,28,0
3628,0.885742,2900,13,13,29,0
3629,0.885986,2900,14,13,30,0
3630,0.886230,2901,15,11,29,0
3631,0.886475,2901,12,11,26,0
3632,0.886719,2901,12,11,26,0
3633,0.886963,2901,12,13,28,0
3634,0.887207,2901,12,13,28,0
3635,0.887451,2902,16,12,31,0
3636,0.887695,2902,14,12,29,0
3637,0.887939,2902,13,12,32,0
3638,0.888184,2902,13,13,29,0
3639,0.888428,2902,13,13,29,0
3640,0.888672,2903,15,11,29,0
3641,0.888916,2903,12,11,26,0
3642,0.889160,2903,12,11,26,0
3643,0.889404,2903,12,13,28,0
3644,0.889648,2903,16,13,32,0
3645,0.889893,2904,12,12,31,0
3646,0.890137,2904,12,12,31,0
3647,0.890381,2904,12,13,28,0
3648,0.890625,2904,12,13,28,0
3649,0.890869,2904,15,13,31,0
3650,0.891113,2905,13,11,27,0
3651,0.891357,2905,13,11,27,0
3652,0.891602,2905,13,13,29,0
3653,0.891846,2905,14,13,30,0
3654,0.892090,2906,15,12,30,0
3655,0.892334,2906,12,12,31,0
3656,0.892578,2906,12,12,31,0
3657,0.892822,2906,12,13,28,0
3658,0.893066,2906,12,13,28,0
3659,0.893311,2906,17,13,33,0
3660,0.893555,2907,14,11,28,0
3661,0.893799,2907,13,11,27,0
3662,0.894043,2907,13,13,29,0
3663,0.894287,2907,13,13,29,0
3664,0.894531,2908,15,12,30,0
3665,0.894775,2908,12,12,27,0
3666,0.895020,2908,12,12,27,0
3667,0.895264,2908,12,13,28,0
3668,0.895508,2908,12,13,28,0
3669,0.895752,2909,11,11,25,0
3670,0.895996,2909,11,11,25,0
3671,0.896240,2909,11,13,27,0
3672,0.896484,2909,11,13,27,0
3673,0.896729,2909,15,13,31,0
3674,0.896973,2910,13,12,28,0
3675,0.897217,2910,13,12,28,0
3676,0.897461,2910,13,13,29,0
3677,0.897705,2910,14,13,30,0
3678,0.897949,2910,17,13,33,0
3679,0.898193,2911,12,11,26,0
3680,0.898438,2911,12,11,26,0
3681,0.898682,2911,12,13,28,0
3682,0.898926,2911,12,13,28,0
3683,0.899170,2911,17,13,33,0
3684,0.899414,2912,14,12,29,0
3685,0.899658,2912,13,12,32,0
3686,0.899902,2912,13,13,29,0
3687,0.900146,2912,13,13,29,0
3688,0.900391,2912,16,13,32,0
3689,0.900635,2913,12,11,26,0
3690,0.900879,2913,12,11,26,0
3691,0.901123,2913,12,11,26,0
3692,0.901367,2913,12,13,28,0
3693,0.901611,2914,16,12,31,0
3694,0.901855,2914,12,12,31,0
3695,0.902100,2914,12,12,31,0
3696,0.902344,2914,12,13,28,0
3697,0.902588,2914,14,13,30,0
3698,0.902832,2914,17,13,33,0
3699,0.903076,2915,13,11,27,0
3700,0.903320,2915,13,11,27,0
3701,0.903564,2915,14,13,30,0
3702,0.903809,2915,16,13,32,0
3703,0.904053,2916,12,12,27,0
3704,0.904297,2916,12,12,27,0
3705,0.904541,2916,12,12,27,0
3706,0.904785,2916,12,13,28,0
3707,0.905029,2916,12,13,28,0
3708,0.905273,2917,15,11,29,0
3709,0.905518,2917,13,11,27,0
3710,0.905762,2917,13,13,29,0
3711,0.906006,2917,13,13,29,0
3712,0.906250,2917,16,13,32,0
3713,0.906494,2918,11,12,30,0
3714,0.906738,2918,11,12,30,0
3715,0.906982,2918,11,12,30,0
3716,0.907227,2918,11,13,27,0
3717,0.907471,2918,15,13,31,0
3718,0.907715,2919,12,11,26,0
3719,0.907959,2919,12,11,26,0
3720,0.908203,2919,12,13,28,0
3721,0.908447,2919,14,13,30,0
3722,0.908691,2919,17,13,33,0
3723,0.908936,2920,13,12,28,0
3724,0.909180,2920,13,12,28,0
3725,0.909424,2920,13,13,29,0
3726,0.909668,2920,13,13,29,0
3727,0.909912,2920,15,13,31,0
3728,0.910156,2921,14,11,28,0
3729,0.910400,2921,12,11,26,0
3730,0.910645,2921,12,13,28,0
3731,0.910889,2921,12,13,28,0
3732,0.911133,2922,15,12,30,0
3733,0.911377,2922,11,12,26,0
3734,0.911621,2922,11,12,26,0
3735,0.911865,2922,11,13,27,0
3736,0.912109,2922,11,13,27,0
3737,0.912354,2923,16,11,30,0
3738,0.912598,2923,13,11,27,0
3739,0.912842,2923,13,11,27,0
3740,0.913086,2923,13,13,29,0
3741,0.913330,2923,14,13,30,0
3742,0.913574,2924,15,12,30,0
3743,0.913818,2924,12,12,31,0
3744,0.914062,2924,12,12,31,0
3745,0.914307,2924,12,13,28,0
3746,0.914551,2924,12,13,28,0
3747,0.914795,2924,17,13,33,0
3748,0.915039,2925,14,11,28,0
3749,0.915283,2925,13,11,27,0
3750,0.915527,2925,13,13,29,0
3751,0.915771,2925,15,13,31,0
3752,0.916016,2926,14,12,29,0
3753,0.916260,2926,12,12,27,0
3754,0.916504,2926,12,12,27,0
3755,0.916748,2926,12,13,28,0
3756,0.916992,2926,12,13,28,0
3757,0.917236,2927,12,11,26,0
3758,0.917480,2927,12,11,26,0
3759,0.917725,2927,12,13,28,0
3760,0.917969,2927,12,13,28,0
3761,0.918213,2927,15,13,31,0
3762,0.918457,2928,13,12,28,0
3763,0.918701,2928,13,12,28,0
3764,0.918945,2928,13,13,29,0
3765,0.919189,2928,14,13,30,0
3766,0.919434,2928,16,13,32,0
3767,0.919678,2929,12,11,26,0
3768,0.919922,2929,12,11,26,0
3769,0.920166,2929,12,13,28,0
3770,0.920410,2929,12,13,28,0
3771,0.920654,2929,15,13,31,0
3772,0.920898,2930,14,12,29,0
3773,0.921143,2930,13,12,32,0
3774,0.921387,2930,13,13,29,0
3775,0.921631,2930,13,13,29,0
3776,0.921875,2930,16,13,32,0
3777,0.922119,2931,11,11,25,0
3778,0.922363,2931,11,11,25,0
3779,0.922607,2931,11,13,27,0
3780,0.922852,2931,11,13,27,0
3781,0.923096,2932,16,12,31,0
3782,0.923340,2932,12,12,31,0
3783,0.923584,2932,12,12,31,0
3784,0.923828,2932,12,13,28,0
3785,0.924072,2932,14,13,30,0
3786,0.924316,2932,16,13,32,0
3787,0.924561,2933,13,11,27,0
3788,0.924805,2933,13,11,27,0
3789,0.925049,2933,13,13,29,0
3790,0.925293,2933,13,13,29,0
3791,0.925537,2934,16,12,31,0
3792,0.925781,2934,14,12,29,0
3793,0.926025,2934,12,12,27,0
3794,0.926270,2934,12,13,28,0
3795,0.926514,2934,12,13,28,0
3796,0.926758,2935,15,11,29,0
3797,0.927002,2935,13,11,27,0
3798,0.927246,2935,13,13,29,0
3799,0.927490,2935,13,13,29,0
3800,0.927734,2935,16,13,32,0
3801,0.927979,2936,12,12,27,0
3802,0.928223,2936,12,12,27,0
3803,0.928467,2936,12,12,27,0
3804,0.928711,2936,12,13,28,0
3805,0.928955,2936,14,13,30,0
3806,0.929199,2937,15,11,29,0
3807,0.929443,2937,12,11,26,0
3808,0.929688,2937,12,11,26,0
3809,0.929932,2937,12,13,28,0
3810,0.930176,2937,12,13,28,0
3811,0.930420,2938,16,12,31,0
3812,0.930664,2938,14,12,29,0
3813,0.930908,2938,13,12,32,0
3814,0.931152,2938,13,13,29,0
3815,0.931396,2938,15,13,31,0
3816,0.931641,2939,14,11,28,0
3817,0.931885,2939,12,11,26,0
3818,0.932129,2939,12,11,26,0
3819,0.932373,2939,12,13,28,0
3820,0.932617,2939,16,13,32,0
3821,0.932861,2940,12,12,31,0
3822,0.933105,2940,12,12,31,0
3823,0.933350,2940,12,13,28,0
3824,0.933594,2940,12,13,28,0
3825,0.933838,2940,17,13,33,0
3826,0.934082,2941,13,11,27,0
3827,0.934326,2941,13,11,27,0
3828,0.934570,2941,13,13,29,0
3829,0.934814,2941,15,13,31,0
3830,0.935059,2942,12,12,31,0
3831,0.935303,2942,12,12,31,0
3832,0.935547,2942,12,12,31,0
3833,0.935791,2942,12,13,28,0
3834,0.936035,2942,12,13,28,0
3835,0.936279,2943,16,11,30,0
3836,0.936523,2943,14,11,28,0
3837,0.936768,2943,13,11,27,0
3838,0.937012,2943,13,13,29,0
3839,0.937256,2943,15,13,31,0
3840,0.937500,2944,14,12,29,0
3841,0.937744,2944,11,12,30,0
3842,0.937988,2944,11,12,30,0
3843,0.938232,2944,11,13,27,0
3844,0.938477,2944,11,13,27,0
3845,0.938721,2944,14,13,30,0
3846,0.938965,2945,15,11,29,0
3847,0.939209,2945,12,11,26,0
3848,0.939453,2945,12,11,26,0
3849,0.939697,2945,14,13,30,0
3850,0.939941,2945,16,13,32,0
3851,0.940186,2946,13,12,28,0
3852,0.940430,2946,13,12,28,0
3853,0.940674,2946,13,12,32,0
3854,0.940918,2946,13,13,29,0
3855,0.941162,2946,13,13,29,0
3856,0.941406,2946,17,13,33,0
3857,0.941650,2947,12,11,26,0
3858,0.941895,2947,12,11,26,0
3859,0.942139,2947,12,13,28,0
3860,0.942383,2947,12,13,28,0
3861,0.942627,2948,11,12,26,0
3862,0.942871,2948,11,12,26,0
3863,0.943115,2948,11,13,27,0
3864,0.943359,2948,11,13,27,0
3865,0.943604,2948,15,13,31,0
3866,0.943848,2949,13,11,27,0
3867,0.944092,2949,13,11,27,0
3868,0.944336,2949,13,13,29,0
3869,0.944580,2949,14,13,30,0
3870,0.944824,2950,15,12,30,0
3871,0.945068,2950,12,12,31,0
3872,0.945312,2950,12,12,31,0
3873,0.945557,2950,12,13,28,0
3874,0.945801,2950,12,13,28,0
3875,0.946045,2950,15,13,31,0
3876,0.946289,2951,14,11,28,0
3877,0.946533,2951,13,11,27,0
3878,0.946777,2951,13,13,29,0
3879,0.947021,2951,13,13,29,0
3880,0.947266,2952,15,12,30,0
3881,0.947510,2952,12,12,27,0
3882,0.947754,2952,12,12,27,0
3883,0.947998,2952,12,13,28,0
3884,0.948242,2952,12,13,28,0
3885,0.948486,2953,16,11,30,0
3886,0.948730,2953,12,11,26,0
3887,0.948975,2953,12,11,26,0
3888,0.949219,2953,12,13,28,0
3889,0.949463,2953,14,13,30,0
3890,0.949707,2954,15,12,30,0
3891,0.949951,2954,13,12,28,0
3892,0.950195,2954,13,12,28,0
3893,0.950439,2954,13,13,29,0
3894,0.950684,2954,13,13,29,0
3895,0.950928,2954,17,13,33,0
3896,0.951172,2955,14,11,28,0
3897,0.951416,2955,12,11,26,0
3898,0.951660,2955,12,13,28,0
3899,0.951904,2955,12,13,28,0
3900,0.952148,2956,15,12,30,0
3901,0.952393,2956,12,12,31,0
3902,0.952637,2956,12,12,31,0
3903,0.952881,2956,12,13,28,0
3904,0.953125,2956,12,13,28,0
3905,0.953369,2957,16,11,30,0
3906,0.953613,2957,13,11,27,0
3907,0.953857,2957,13,11,27,0
3908,0.954102,2957,13,13,29,0
3909,0.954346,2957,15,13,31,0
3910,0.954590,2958,12,12,31,0
3911,0.954834,2958,12,12,31,0
3912,0.955078,2958,12,12,31,0
3913,0.955322,2958,12,13,28,0
3914,0.955566,2958,12,13,28,0
3915,0.955811,2958,17,13,33,0
3916,0.956055,2959,14,11,28,0
3917,0.956299,2959,13,11,27,0
3918,0.956543,2959,13,13,29,0
3919,0.956787,2959,15,13,31,0
3920,0.957031,2960,14,12,29,0
3921,0.957275,2960,11,12,30,0
3922,0.957520,2960,11,12,30,0
3923,0.957764,2960,11,13,27,0
3924,0.958008,2960,11,13,27,0
3925,0.958252,2960,17,13,33,0
3926,0.958496,2961,12,11,26,0
3927,0.958740,2961,12,11,26,0
3928,0.958984,2961,12,13,28,0
3929,0.959229,2961,14,13,30,0
3930,0.959473,2961,17,13,33,0
3931,0.959717,2962,13,12,28,0
3932,0.959961,2962,13,12,28,0
3933,0.960205,2962,13,13,29,0
3934,0.960449,2962,13,13,29,0
3935,0.960693,2963,16,11,30,0
3936,0.960938,2963,14,11,28,0
3937,0.961182,2963,12,11,26,0
3938,0.961426,2963,12,13,28,0
3939,0.961670,2963,15,13,31,0
3940,0.961914,2964,14,12,29,0
3941,0.962158,2964,11,12,26,0
3942,0.962402,2964,11,12,26,0
3943,0.962646,2964,11,13,27,0
3944,0.962891,2964,11,13,27,0
3945,0.963135,2964,15,13,31,0
3946,0.963379,2965,13,11,27,0
3947,0.963623,2965,13,11,27,0
3948,0.963867,2965,13,13,29,0
3949,0.964111,2965,13,13,29,0
3950,0.964355,2966,12,12,31,0
3951,0.964600,2966,12,12,31,0
3952,0.964844,2966,12,13,28,0
3953,0.965088,2966,12,13,28,0
3954,0.965332,2966,15,13,31,0
3955,0.965576,2967,13,11,27,0
3956,0.965820,2967,13,11,27,0
3957,0.966064,2967,13,13,29,0
3958,0.966309,2967,14,13,30,0
3959,0.966553,2968,15,12,30,0
3960,0.966797,2968,12,12,31,0
3961,0.967041,2968,12,12,31,0
3962,0.967285,2968,12,13,28,0
3963,0.967529,2968,12,13,28,0
3964,0.967773,2968,15,13,31,0
3965,0.968018,2969,14,11,28,0
3966,0.968262,2969,13,11,27,0
3967,0.968506,2969,13,13,29,0
3968,0.968750,2969,13,13,29,0
3969,0.968994,2969,17,13,33,0
3970,0.969238,2970,11,12,30,0
3971,0.969482,2970,11,12,30,0
3972,0.969727,2970,11,13,27,0
3973,0.969971,2970,11,13,27,0
3974,0.970215,2970,15,13,31,0
3975,0.970459,2971,12,11,26,0
3976,0.970703,2971,12,11,26,0
3977,0.970947,2971,12,13,28,0
3978,0.971191,2971,14,13,30,0
3979,0.971436,2972,15,12,30,0
3980,0.971680,2972,13,12,28,0
3981,0.971924,2972,13,12,28,0
3982,0.972168,2972,13,13,29,0
3983,0.972412,2972,13,13,29,0
3984,0.972656,2972,15,13,31,0
3985,0.972900,2973,14,11,28,0
3986,0.973145,2973,12,11,26,0
3987,0.973389,2973,12,13,28,0
3988,0.973633,2973,12,13,28,0
3989,0.973877,2973,16,13,32,0
3990,0.974121,2974,11,12,26,0
3991,0.974365,2974,11,12,26,0
3992,0.974609,2974,11,13,27,0
3993,0.974854,2974,11,13,27,0
3994,0.975098,2974,15,13,31,0
3995,0.975342,2975,13,11,27,0
3996,0.975586,2975,13,11,27,0
3997,0.975830,2975,13,13,29,0
3998,0.976074,2975,14,13,30,0
3999,0.976318,2976,15,12,30,0
4000,0.976562,2976,12,12,27,0
4001,0.976807,2976,12,12,27,0
4002,0.977051,2976,12,13,28,0
4003,0.977295,2976,12,13,28,0
4004,0.977539,2976,12,13,28,0
4005,0.977783,2977,15,11,29,0
4006,0.978027,2977,11,11,25,0
4007,0.978271,2977,11,11,25,0
4008,0.978516,2977,11,13,27,0
4009,0.978760,2977,11,13,27,0
4010,0.979004,2978,16,12,31,0
4011,0.979248,2978,13,12,28,0
4012,0.979492,2978,13,12,28,0
4013,0.979736,2978,13,13,29,0
4014,0.979980,2978,14,13,30,0
4015,0.980225,2979,15,11,29,0
4016,0.980469,2979,12,11,26,0
4017,0.980713,2979,12,11,26,0
4018,0.980957,2979,14,13,30,0
4019,0.981201,2979,16,13,32,0
4020,0.981445,2980,13,12,28,0
4021,0.981689,2980,13,12,28,0
4022,0.981934,2980,13,12,32,0
4023,0.982178,2980,13,13,29,0
4024,0.982422,2980,13,13,29,0
4025,0.982666,2980,17,13,33,0
4026,0.982910,2981,12,11,26,0
4027,0.983154,2981,12,11,26,0
4028,0.983398,2981,12,13,28,0
4029,0.983643,2981,12,13,28,0
4030,0.983887,2982,12,12,31,0
4031,0.984131,2982,12,12,31,0
4032,0.984375,2982,12,12,31,0
4033,0.984619,2982,12,13,28,0
4034,0.984863,2982,14,13,30,0
4035,0.985107,2983,15,11,29,0
4036,0.985352,2983,13,11,27,0
4037,0.985596,2983,13,11,27,0
4038,0.985840,2983,14,13,30,0
4039,0.986084,2983,16,13,32,0
4040,0.986328,2984,12,12,27,0
4041,0.986572,2984,12,12,27,0
4042,0.986816,2984,12,12,27,0
4043,0.987061,2984,12,13,28,0
4044,0.987305,2984,12,13,28,0
4045,0.987549,2984,12,13,28,0
4046,0.987793,2985,12,11,26,0
4047,0.988037,2985,12,11,26,0
4048,0.988281,2985,12,13,28,0
4049,0.988525,2985,12,13,28,0
4050,0.988770,2985,17,13,33,0
4051,0.989014,2986,13,12,28,0
4052,0.989258,2986,13,12,28,0
4053,0.989502,2986,13,13,29,0
4054,0.989746,2986,14,13,30,0
4055,0.989990,2986,16,13,32,0
4056,0.990234,2987,12,11,26,0
4057,0.990479,2987,12,11,26,0
4058,0.990723,2987,12,13,28,0
4059,0.990967,2987,12,13,28,0
4060,0.991211,2987,15,13,31,0
4061,0.991455,2988,14,12,29,0
4062,0.991699,2988,13,12,32,0
4063,0.991943,2988,13,13,29,0
4064,0.992188,2988,13,13,29,0
4065,0.992432,2988,16,13,32,0
4066,0.992676,2989,11,11,25,0
4067,0.992920,2989,11,11,25,0
4068,0.993164,2989,11,11,25,0
4069,0.993408,2989,11,13,27,0
4070,0.993652,2989,15,13,31,0
4071,0.993896,2990,12,12,31,0
4072,0.994141,2990,12,12,31,0
4073,0.994385,2990,12,13,28,0
4074,0.994629,2990,14,13,30,0
4075,0.994873,2990,16,13,32,0
4076,0.995117,2991,13,11,27,0
4077,0.995361,2991,13,11,27,0
4078,0.995605,2991,14,13,30,0
4079,0.995850,2991,16,13,32,0
4080,0.996094,2992,11,12,30,0
4081,0.996338,2992,11,12,30,0
4082,0.996582,2992,11,12,30,0
4083,0.996826,2992,11,13,27,0
4084,0.997070,2992,11,13,27,0
4085,0.997314,2992,11,13,27,0
4086,0.997559,2993,12,11,26,0
4087,0.997803,2993,12,11,26,0
4088,0.998047,2993,12,11,26,0
4089,0.998291,2993,12,13,28,0
4090,0.998535,2993,14,13,30,0
4091,0.998779,2994,15,12,30,0
4092,0.999023,2994,13,12,28,0
4093,0.999268,2994,13,12,28,0
4094,0.999512,2994,14,13,30,0
4095,0.999756,2994,16,13,32,0
4096,1.000000,2995,12,11,26,0
4097,1.000244,2995,12,11,26,0
4098,1.000488,2995,12,11,26,0
4099,1.000732,2995,12,13,28,0
4100,1.000977,2995,12,13,28,0
4101,1.001221,2996,15,12,30,0
4102,1.001465,2996,11,12,26,0
4103,1.001709,2996,11,12,26,0
4104,1.001953,2996,11,13,27,0
4105,1.002197,2996,11,13,27,0
4106,1.002441,2996,15,13,31,0
4107,1.002686,2997,13,11,27,0
4108,1.002930,2997,13,11,27,0
4109,1.003174,2997,13,13,29,0
4110,1.003418,2997,15,13,31,0
4111,1.003662,2998,12,12,31,0
4112,1.003906,2998,12,12,31,0
4113,1.004150,2998,12,12,31,0
4114,1.004395,2998,12,13,28,0
4115,1.004639,2998,12,13,28,0
4116,1.004883,2999,16,11,30,0
4117,1.005127,2999,14,11,28,0
4118,1.005371,2999,13,11,27,0
4119,1.005615,2999,13,13,29,0
4120,1.005859,2999,13,13,29,0
4121,1.006104,3000,15,12,30,0
4122,1.006348,3000,12,12,27,0
4123,1.006592,3000,12,12,27,0
4124,1.006836,3000,12,13,28,0
4125,1.007080,3000,12,13,28,0
4126,1.007324,3000,15,13,31,0
4127,1.007568,3001,12,11,26,0
4128,1.007812,3001,12,11,26,0
4129,1.008057,3001,12,13,28,0
4130,1.008301,3001,14,13,30,0
4131,1.008545,3001,16,13,32,0
4132,1.008789,3002,13,12,28,0
4133,1.009033,3002,13,12,28,0
4134,1.009277,3002,13,13,29,0
4135,1.009521,3002,13,13,29,0
4136,1.009766,3002,13,13,29,0
4137,1.010010,3003,15,11,29,0
4138,1.010254,3003,12,11,26,0
4139,1.010498,3003,12,11,26,0
4140,1.010742,3003,12,13,28,0
4141,1.010986,3003,16,13,32,0
4142,1.011230,3004,12,12,31,0
4143,1.011475,3004,12,12,31,0
4144,1.011719,3004,12,13,28,0
4145,1.011963,3004,12,13,28,0
4146,1.012207,3004,15,13,31,0
4147,1.012451,3005,13,11,27,0
4148,1.012695,3005,13,11,27,0
4149,1.012939,3005,13,13,29,0
4150,1.013184,3005,14,13,30,0
4151,1.013428,3005,17,13,33,0
4152,1.013672,3006,12,12,27,0
4153,1.013916,3006,12,12,27,0
4154,1.014160,3006,12,13,28,0
4155,1.014404,3006,12,13,28,0
4156,1.014648,3006,12,13,28,0
4157,1.014893,3007,15,11,29,0
4158,1.015137,3007,13,11,27,0
4159,1.015381,3007,13,13,29,0
4160,1.015625,3007,13,13,29,0
4161,1.015869,3007,16,13,32,0
4162,1.016113,3008,11,12,30,0
4163,1.016357,3008,11,12,30,0
4164,1.016602,3008,11,12,30,0
4165,1.016846,3008,11,12,30,0
4166,1.017090,3008,14,13,30,0
4167,1.017334,3008,16,13,32,0
4168,1.017578,3009,12,11,26,0
4169,1.017822,3009,12,11,26,0
4170,1.018066,3009,12,13,28,0
4171,1.018311,3009,12,13,28,0
4172,1.018555,3009,15,13,31,0
4173,1.018799,3010,14,12,29,0
4174,1.019043,3010,13,12,32,0
4175,1.019287,3010,13,13,29,0
4176,1.019531,3010,13,13,29,0
4177,1.019775,3010,16,13,32,0
4178,1.020020,3011,11,11,25,0
4179,1.020264,3011,11,11,25,0
4180,1.020508,3011,11,11,25,0
4181,1.020752,3011,11,13,27,0
4182,1.020996,3011,14,13,30,0
4183,1.021240,3012,15,12,30,0
4184,1.021484,3012,12,12,31,0
4185,1.021729,3012,12,12,31,0
4186,1.021973,3012,12,13,28,0
4187,1.022217,3012,12,13,28,0
4188,1.022461,3013,16,11,30,0
4189,1.022705,3013,14,11,28,0
4190,1.022949,3013,13,11,27,0
4191,1.023193,3013,13,13,29,0
4192,1.023438,3013,13,13,29,0
4193,1.023682,3013,17,13,33,0
4194,1.023926,3014,11,12,30,0
4195,1.024170,3014,11,12,30,0
4196,1.024414,3014,11,13,27,0
4197,1.024658,3014,11,13,27,0
4198,1.024902,3014,17,13,33,0
4199,1.025146,3015,12,11,26,0
4200,1.025391,3015,12,11,26,0
4201,1.025635,3015,12,13,28,0
4202,1.025879,3015,14,13,30,0
4203,1.026123,3015,16,13,32,0
4204,1.026367,3016,13,12,28,0
4205,1.026611,3016,13,12,28,0
4206,1.026855,3016,13,13,29,0
4207,1.027100,3016,13,13,29,0
4208,1.027344,3016,17,13,33,0
4209,1.027588,3017,14,11,28,0
4210,1.027832,3017,12,11,26,0
4211,1.028076,3017,12,13,28,0
4212,1.028320,3017,12,13,28,0
4213,1.028564,3017,16,13,32,0
4214,1.028809,3018,11,12,26,0
4215,1.029053,3018,11,12,26,0
4216,1.029297,3018,11,13,27,0
4217,1.029541,3018,11,13,27,0
4218,1.029785,3018,15,13,31,0
4219,1.030029,3019,13,11,27,0
4220,1.030273,3019,13,11,27,0
4221,1.030518,3019,13,11,27,0
4222,1.030762,3019,14,13,30,0
4223,1.031006,3019,16,13,32,0
4224,1.031250,3020,12,12,27,0
4225,1.031494,3020,12,12,27,0
4226,1.031738,3020,12,12,27,0
4227,1.031982,3020,12,13,28,0
4228,1.032227,3020,12,13,28,0
4229,1.032471,3021,15,11,29,0
4230,1.032715,3021,11,11,25,0
4231,1.032959,3021,11,11,25,0
4232,1.033203,3021,11,13,27,0
4233,1.033447,3021,11,13,27,0
4234,1.033691,3022,16,12,31,0
4235,1.033936,3022,13,12,28,0
4236,1.034180,3022,13,12,28,0
4237,1.034424,3022,13,13,29,0
4238,1.034668,3022,14,13,30,0
4239,1.034912,3023,15,11,29,0
4240,1.035156,3023,12,11,26,0
4241,1.035400,3023,12,11,26,0
4242,1.035645,3023,12,13,28,0
4243,1.035889,3023,12,13,28,0
4244,1.036133,3023,17,13,33,0
4245,1.036377,3024,14,12,29,0
4246,1.036621,3024,11,12,26,0
4247,1.036865,3024,11,13,27,0
4248,1.037109,3024,11,13,27,0
4249,1.037354,3024,11,13,27,0
4250,1.037598,3025,13,11,27,0
4251,1.037842,3025,13,11,27,0
4252,1.038086,3025,13,11,27,0
4253,1.038330,3025,13,13,29,0
4254,1.038574,3025,14,13,30,0
4255,1.038818,3026,15,12,30,0
4256,1.039062,3026,12,12,31,0
4257,1.039307,3026,12,12,31,0
4258,1.039551,3026,12,13,28,0
4259,1.039795,3026,12,13,28,0
4260,1.040039,3026,17,13,33,0
4261,1.040283,3027,14,11,28,0
4262,1.040527,3027,13,11,27,0
4263,1.040771,3027,13,13,29,0
4264,1.041016,3027,13,13,29,0
4265,1.041260,3027,16,13,32,0
4266,1.041504,3028,12,12,27,0
4267,1.041748,3028,12,12,27,0
4268,1.041992,3028,12,13,28,0
4269,1.042236,3028,12,13,28,0
4270,1.042480,3029,16,11,30,0
4271,1.042725,3029,12,11,26,0
4272,1.042969,3029,12,11,26,0
4273,1.043213,3029,12,13,28,0
4274,1.043457,3029,14,13,30,0
4275,1.043701,3029,17,13,33,0
4276,1.043945,3030,13,12,28,0
4277,1.044189,3030,13,12,28,0
4278,1.044434,3030,13,13,29,0
4279,1.044678,3030,13,13,29,0
4280,1.044922,3030,15,13,31,0
4281,1.045166,3031,14,11,28,0
4282,1.045410,3031,12,11,26,0
4283,1.045654,3031,12,13,28,0
4284,1.045898,3031,12,13,28,0
4285,1.046143,3031,16,13,32,0
4286,1.046387,3032,12,12,31,0
4287,1.046631,3032,12,12,31,0
4288,1.046875,3032,12,12,31,0
4289,1.047119,3032,12,13,28,0
4290,1.047363,3032,14,13,30,0
4291,1.047607,3033,15,11,29,0
4292,1.047852,3033,13,11,27,0
4293,1.048096,3033,13,11,27,0
4294,1.048340,3033,13,13,29,0
4295,1.048584,3033,13,13,29,0
4296,1.048828,3033,17,13,33,0
4297,1.049072,3034,14,12,29,0
4298,1.049316,3034,12,12,27,0
4299,1.049561,3034,12,13,28,0
4300,1.049805,3034,12,13,28,0
4301,1.050049,3034,16,13,32,0
4302,1.050293,3035,12,11,26,0
4303,1.050537,3035,12,11,26,0
4304,1.050781,3035,12,13,28,0
4305,1.051025,3035,12,13,28,0
4306,1.051270,3035,14,13,30,0
4307,1.051514,3036,15,12,30,0
4308,1.051758,3036,13,12,28,0
4309,1.052002,3036,13,12,28,0
4310,1.052246,3036,13,13,29,0
4311,1.052490,3036,13,13,29,0
4312,1.052734,3036,17,13,33,0
4313,1.052979,3037,14,11,28,0
4314,1.053223,3037,12,11,26,0
4315,1.053467,3037,12,13,28,0
4316,1.053711,3037,12,13,28,0
4317,1.053955,3037,17,13,33,0
4318,1.054199,3038,12,12,31,0
4319,1.054443,3038,12,12,31,0
4320,1.054688,3038,12,13,28,0
4321,1.054932,3038,12,13,28,0
4322,1.055176,3038,15,13,31,0
4323,1.055420,3039,13,11,27,0
4324,1.055664,3039,13,11,27,0
4325,1.055908,3039,13,11,27,0
4326,1.056152,3039,14,13,30,0
4327,1.056396,3039,16,13,32,0
4328,1.056641,3040,12,12,27,0
4329,1.056885,3040,12,12,27,0
4330,1.057129,3040,12,12,27,0
4331,1.057373,3040,12,13,28,0
4332,1.057617,3040,12,13,28,0
4333,1.057861,3041,15,11,29,0
4334,1.058105,3041,12,11,26,0
4335,1.058350,3041,12,11,26,0
4336,1.058594,3041,12,13,28,0
4337,1.058838,3041,12,13,28,0
4338,1.059082,3042,16,12,31,0
4339,1.059326,3042,13,12,28,0
4340,1.059570,3042,13,12,28,0
4341,1.059814,3042,13,13,29,0
4342,1.060059,3042,14,13,30,0
4343,1.060303,3042,16,13,32,0
4344,1.060547,3043,12,11,26,0
4345,1.060791,3043,12,11,26,0
4346,1.061035,3043,12,13,28,0
4347,1.061279,3043,12,13,28,0
4348,1.061523,3043,15,13,31,0
4349,1.061768,3044,14,12,29,0
4350,1.062012,3044,12,12,31,0
4351,1.062256,3044,12,12,31,0
4352,1.062500,3044,12,13,28,0
4353,1.062744,3044,12,13,28,0
4354,1.062988,3045,13,11,27,0
4355,1.063232,3045,13,11,27,0
4356,1.063477,3045,13,11,27,0
4357,1.063721,3045,13,13,29,0
4358,1.063965,3045,15,13,31,0
4359,1.064209,3046,12,12,31,0
4360,1.064453,3046,12,12,31,0
4361,1.064697,3046,12,12,31,0
4362,1.064941,3046,12,13,28,0
4363,1.065186,3046,12,13,28,0
4364,1.065430,3046,17,13,33,0
4365,1.065674,3047,14,11,28,0
4366,1.065918,3047,13,11,27,0
4367,1.066162,3047,13,13,29,0
4368,1.066406,3047,13,13,29,0
4369,1.066650,3047,16,13,32,0
4370,1.066895,3048,11,12,30,0
4371,1.067139,3048,11,12,30,0
4372,1.067383,3048,11,13,27,0
4373,1.067627,3048,11,13,27,0
4374,1.067871,3048,15,13,31,0
4375,1.068115,3049,12,11,26,0
4376,1.068359,3049,12,11,26,0
4377,1.068604,3049,12,11,26,0
4378,1.068848,3049,12,13,28,0
4379,1.069092,3049,12,13,28,0
4380,1.069336,3049,17,13,33,0
4381,1.069580,3050,14,12,29,0
4382,1.069824,3050,13,12,32,0
4383,1.070068,3050,13,13,29,0
4384,1.070312,3050,13,13,29,0
4385,1.070557,3050,17,13,33,0
4386,1.070801,3051,11,11,25,0
4387,1.071045,3051,11,11,25,0
4388,1.071289,3051,11,13,27,0
4389,1.071533,3051,11,13,27,0
4390,1.071777,3051,15,13,31,0
4391,1.072021,3052,12,12,31,0
4392,1.072266,3052,12,12,31,0
4393,1.072510,3052,12,13,28,0
4394,1.072754,3052,12,13,28,0
4395,1.072998,3052,12,13,28,0
4396,1.073242,3053,16,11,30,0
4397,1.073486,3053,14,11,28,0
4398,1.073730,3053,13,11,27,0
4399,1.073975,3053,13,13,29,0
4400,1.074219,3053,15,13,31,0
4401,1.074463,3054,14,12,29,0
4402,1.074707,3054,12,12,27,0
4403,1.074951,3054,12,12,27,0
4404,1.075195,3054,12,13,28,0
4405,1.075439,3054,12,13,28,0
4406,1.075684,3055,11,11,25,0
4407,1.075928,3055,11,11,25,0
4408,1.076172,3055,11,11,25,0
4409,1.076416,3055,11,13,27,0
4410,1.076660,3055,15,13,31,0
4411,1.076904,3055,16,13,32,0
4412,1.077148,3056,13,12,28,0
4413,1.077393,3056,13,12,28,0
4414,1.077637,3056,13,12,32,0
4415,1.077881,3056,13,13,29,0
4416,1.078125,3056,13,13,29,0
4417,1.078369,3057,15,11,29,0
4418,1.078613,3057,11,11,25,0
4419,1.078857,3057,11,11,25,0
4420,1.079102,3057,11,13,27,0
4421,1.079346,3057,11,13,27,0
4422,1.079590,3057,15,13,31,0
4423,1.079834,3058,12,12,31,0
4424,1.080078,3058,12,12,31,0
4425,1.080322,3058,12,13,28,0
4426,1.080566,3058,14,13,30,0
4427,1.080811,3058,16,13,32,0
4428,1.081055,3059,13,11,27,0
4429,1.081299,3059,13,11,27,0
4430,1.081543,3059,13,11,27,0
4431,1.081787,3059,13,13,29,0
4432,1.082031,3059,13,13,29,0
4433,1.082275,3060,15,12,30,0
4434,1.082520,3060,11,12,30,0
4435,1.082764,3060,11,12,30,0
4436,1.083008,3060,11,13,27,0
4437,1.083252,3060,11,13,27,0
4438,1.083496,3060,17,13,33,0
4439,1.083740,3061,12,11,26,0
4440,1.083984,3061,12,11,26,0
4441,1.084229,3061,12,13,28,0
4442,1.084473,3061,14,13,30,0
4443,1.084717,3061,17,13,33,0
4444,1.084961,3062,13,12,28,0
4445,1.085205,3062,13,12,28,0
4446,1.085449,3062,13,12,32,0
4447,1.085693,3062,13,13,29,0
4448,1.085938,3062,15,13,31,0
4449,1.086182,3063,14,11,28,0
4450,1.086426,3063,12,11,26,0
4451,1.086670,3063,12,11,26,0
4452,1.086914,3063,12,13,28,0
4453,1.087158,3063,16,13,32,0
4454,1.087402,3063,17,13,33,0
4455,1.087646,3064,11,12,26,0
4456,1.087891,3064,11,12,26,0
4457,1.088135,3064,11,13,27,0
4458,1.088379,3064,14,13,30,0
4459,1.088623,3064,16,13,32,0
4460,1.088867,3065,13,11,27,0
4461,1.089111,3065,13,11,27,0
4462,1.089355,3065,13,13,29,0
4463,1.089600,3065,13,13,29,0
4464,1.089844,3065,13,13,29,0
4465,1.090088,3066,16,12,31,0
4466,1.090332,3066,14,12,29,0
4467,1.090576,3066,12,12,27,0
4468,1.090820,3066,12,13,28,0
4469,1.091064,3066,12,13,28,0
4470,1.091309,3067,15,11,29,0
4471,1.091553,3067,11,11,25,0
4472,1.091797,3067,11,11,25,0
4473,1.092041,3067,11,13,27,0
4474,1.092285,3067,11,13,27,0
4475,1.092529,3067,15,13,31,0
4476,1.092773,3068,13,12,28,0
4477,1.093018,3068,13,12,28,0
4478,1.093262,3068,13,13,29,0
4479,1.093506,3068,13,13,29,0
4480,1.093750,3068,13,13,29,0
4481,1.093994,3069,16,11,30,0
4482,1.094238,3069,14,11,28,0
4483,1.094482,3069,12,11,26,0
4484,1.094727,3069,12,13,28,0
4485,1.094971,3069,12,13,28,0
4486,1.095215,3070,15,12,30,0
4487,1.095459,3070,11,12,26,0
4488,1.095703,3070,11,12,26,0
4489,1.095947,3070,11,13,27,0
4490,1.096191,3070,11,13,27,0
4491,1.096436,3071,17,11,31,0
4492,1.096680,3071,13,11,27,0
4493,1.096924,3071,13,11,27,0
4494,1.097168,3071,13,13,29,0
4495,1.097412,3071,13,13,29,0
4496,1.097656,3071,13,13,29,0
4497,1.097900,3072,16,12,31,0
4498,1.098145,3072,14,12,29,0
4499,1.098389,3072,11,12,30,0
4500,1.098633,3072,11,13,27,0
4501,1.098877,3072,11,13,27,0
4502,1.099121,3072,11,13,27,0
4503,1.099365,3072,11,13,27,0
4504,1.099609,3073,16,11,30,0
4505,1.099854,3073,14,11,28,0
4506,1.100098,3073,13,13,29,0
4507,1.100342,3073,13,13,29,0
4508,1.100586,3073,13,13,29,0
4509,1.100830,3074,15,12,30,0
4510,1.101074,3074,11,12,30,0
4511,1.101318,3074,11,12,30,0
4512,1.101562,3074,11,13,27,0
4513,1.101807,3074,11,13,27,0
4514,1.102051,3075,16,11,30,0
4515,1.102295,3075,12,11,26,0
4516,1.102539,3075,12,11,26,0
4517,1.102783,3075,12,13,28,0
4518,1.103027,3075,14,13,30,0
4519,1.103271,3076,17,12,32,0
4520,1.103516,3076,13,12,28,0
4521,1.103760,3076,13,12,28,0
4522,1.104004,3076,13,13,29,0
4523,1.104248,3076,13,13,29,0
4524,1.104492,3076,13,13,29,0
4525,1.104736,3077,15,11,29,0
4526,1.104980,3077,11,11,25,0
4527,1.105225,3077,11,11,25,0
4528,1.105469,3077,11,13,27,0
4529,1.105713,3077,11,13,27,0
4530,1.105957,3078,16,12,31,0
4531,1.106201,3078,12,12,31,0
4532,1.106445,3078,12,12,31,0
4533,1.106689,3078,12,13,28,0
4534,1.106934,3078,14,13,30,0
4535,1.107178,3079,17,11,31,0
4536,1.107422,3079,13,11,27,0
4537,1.107666,3079,13,11,27,0
4538,1.107910,3079,13,13,29,0
4539,1.108154,3079,13,13,29,0
4540,1.108398,3080,16,12,31,0
4541,1.108643,3080,14,12,29,0
4542,1.108887,3080,11,12,30,0
4543,1.109131,3080,11,13,27,0
4544,1.109375,3080,11,13,27,0
4545,1.109619,3080,11,13,27,0
4546,1.109863,3081,12,11,26,0
4547,1.110107,3081,12,11,26,0
4548,1.110352,3081,12,11,26,0
4549,1.110596,3081,12,13,28,0
4550,1.110840,3081,15,13,31,0
4551,1.111084,3082,13,12,28,0
4552,1.111328,3082,13,12,28,0
4553,1.111572,3082,13,12,28,0
4554,1.111816,3082,13,13,29,0
4555,1.112061,3082,13,13,29,0
4556,1.112305,3082,17,13,33,0
4557,1.112549,3083,14,11,28,0
4558,1.112793,3083,12,11,26,0
4559,1.113037,3083,12,13,28,0
4560,1.113281,3083,12,13,28,0
4561,1.113525,3083,16,13,32,0
4562,1.113770,3084,11,12,26,0
4563,1.114014,3084,11,12,26,0
4564,1.114258,3084,11,12,26,0
4565,1.114502,3084,11,13,27,0
4566,1.114746,3084,14,13,30,0
4567,1.114990,3085,15,11,29,0
4568,1.115234,3085,13,11,27,0
4569,1.115479,3085,13,11,27,0
4570,1.115723,3085,13,13,29,0
4571,1.115967,3085,13,13,29,0
4572,1.116211,3085,15,13,31,0
4573,1.116455,3086,14,12,29,0
4574,1.116699,3086,11,12,30,0
4575,1.116943,3086,11,13,27,0
4576,1.117188,3086,11,13,27,0
4577,1.117432,3086,11,13,27,0
4578,1.117676,3086,17,13,33,0
4579,1.117920,3087,12,11,26,0
4580,1.118164,3087,12,11,26,0
4581,1.118408,3087,12,13,28,0
4582,1.118652,3087,14,13,30,0
4583,1.118896,3088,15,12,30,0
4584,1.119141,3088,13,12,28,0
4585,1.119385,3088,13,12,28,0
4586,1.119629,3088,13,12,32,0
4587,1.119873,3088,13,13,29,0
4588,1.120117,3088,13,13,29,0
4589,1.120361,3089,15,11,29,0
4590,1.120605,3089,11,11,25,0
4591,1.120850,3089,11,11,25,0
4592,1.121094,3089,11,13,27,0
4593,1.121338,3089,11,13,27,0
4594,1.121582,3089,15,13,31,0
4595,1.121826,3090,12,12,31,0
4596,1.122070,3090,12,12,31,0
4597,1.122314,3090,12,13,28,0
4598,1.122559,3090,14,13,30,0
4599,1.122803,3090,16,13,32,0
4600,1.123047,3091,13,11,27,0
4601,1.123291,3091,13,11,27,0
4602,1.123535,3091,13,13,29,0
4603,1.123779,3091,13,13,29,0
4604,1.124023,3091,15,13,31,0
4605,1.124268,3092,14,12,29,0
4606,1.124512,3092,11,12,30,0
4607,1.124756,3092,11,12,30,0
4608,1.125000,3092,11,13,27,0
4609,1.125244,3092,11,13,27,0
4610,1.125488,3092,15,13,31,0
4611,1.125732,3093,12,11,26,0
4612,1.125977,3093,12,11,26,0
4613,1.126221,3093,12,13,28,0
4614,1.126465,3093,14,13,30,0
4615,1.126709,3093,16,13,32,0
4616,1.126953,3094,13,12,28,0
4617,1.127197,3094,13,12,28,0
4618,1.127441,3094,13,13,29,0
4619,1.127686,3094,13,13,29,0
4620,1.127930,3094,15,13,31,0
4621,1.128174,3095,14,11,28,0
4622,1.128418,3095,11,11,25,0
4623,1.128662,3095,11,11,25,0
4624,1.128906,3095,11,13,27,0
4625,1.129150,3095,11,13,27,0
4626,1.129395,3095,17,13,33,0
4627,1.129639,3096,12,12,31,0
4628,1.129883,3096,12,12,31,0
4629,1.130127,3096,12,13,28,0
4630,1.130371,3096,12,13,28,0
4631,1.130615,3096,12,13,28,0
4632,1.130859,3096,17,13,33,0
4633,1.131104,3097,14,11,28,0
4634,1.131348,3097,13,11,27,0
4635,1.131592,3097,13,13,29,0
4636,1.131836,3097,13,13,29,0
4637,1.132080,3097,17,13,33,0
4638,1.132324,3098,11,12,30,0
4639,1.132568,3098,11,12,30,0
4640,1.132812,3098,11,13,27,0
4641,1.133057,3098,11,13,27,0
4642,1.133301,3098,15,13,31,0
4643,1.133545,3099,12,11,26,0
4644,1.133789,3099,12,11,26,0
4645,1.134033,3099,12,13,28,0
4646,1.134277,3099,12,13,28,0
4647,1.134521,3099,12,13,28,0
4648,1.134766,3100,16,12,31,0
4649,1.135010,3100,14,12,29,0
4650,1.135254,3100,13,12,32,0
4651,1.135498,3100,13,13,29,0
4652,1.135742,3100,13,13,29,0
4653,1.135986,3100,16,13,32,0
4654,1.136230,3101,11,11,25,0
4655,1.136475,3101,11,11,25,0
4656,1.136719,3101,11,11,25,0
4657,1.136963,3101,11,13,27,0
4658,1.137207,3101,14,13,30,0
4659,1.137451,3102,15,12,30,0
4660,1.137695,3102,12,12,31,0
4661,1.137939,3102,12,12,31,0
4662,1.138184,3102,12,13,28,0
4663,1.138428,3102,12,13,28,0
4664,1.138672,3102,17,13,33,0
4665,1.138916,3103,14,11,28,0
4666,1.139160,3103,13,11,27,0
4667,1.139404,3103,13,13,29,0
4668,1.139648,3103,13,13,29,0
4669,1.139893,3103,17,13,33,0
4670,1.140137,3104,11,12,30,0
4671,1.140381,3104,11,12,30,0
4672,1.140625,3104,11,12,30,0
4673,1.140869,3104,11,13,27,0
4674,1.141113,3104,13,13,29,0
4675,1.141357,3104,13,13,29,0
4676,1.141602,3105,16,11,30,0
4677,1.141846,3105,14,11,28,0
4678,1.142090,3105,12,11,26,0
4679,1.142334,3105,12,13,28,0
4680,1.142578,3105,12,13,28,0
4681,1.142822,3106,15,12,30,0
4682,1.143066,3106,12,12,31,0
4683,1.143311,3106,12,12,31,0
4684,1.143555,3106,12,13,28,0
4685,1.143799,3106,12,13,28,0
4686,1.144043,3107,16,11,30,0
4687,1.144287,3107,13,11,27,0
4688,1.144531,3107,13,11,27,0
4689,1.144775,3107,13,13,29,0
4690,1.145020,3107,13,13,29,0
4691,1.145264,3107,13,13,29,0
4692,1.145508,3107,17,13,33,0
4693,1.145752,3108,14,12,29,0
4694,1.145996,3108,12,12,27,0
4695,1.146240,3108,12,13,28,0
4696,1.146484,3108,12,13,28,0
4697,1.146729,3108,16,13,32,0
4698,1.146973,3109,12,11,26,0
4699,1.147217,3109,12,11,26,0
4700,1.147461,3109,12,11,26,0
4701,1.147705,3109,12,13,28,0
4702,1.147949,3109,15,13,31,0
4703,1.148193,3110,13,12,28,0
4704,1.148438,3110,13,12,28,0
4705,1.148682,3110,13,12,28,0
4706,1.148926,3110,13,13,29,0
4707,1.149170,3110,13,13,29,0
4708,1.149414,3110,15,13,31,0
4709,1.149658,3111,14,11,28,0
4710,1.149902,3111,12,11,26,0
4711,1.150146,3111,12,13,28,0
4712,1.150391,3111,12,13,28,0
4713,1.150635,3111,12,13,28,0
4714,1.150879,3112,12,12,31,0
4715,1.151123,3112,12,12,31,0
4716,1.151367,3112,12,12,31,0
4717,1.151611,3112,12,13,28,0
4718,1.151855,3112,14,13,30,0
4719,1.152100,3113,15,11,29,0
4720,1.152344,3113,13,11,27,0
4721,1.152588,3113,13,11,27,0
4722,1.152832,3113,13,13,29,0
4723,1.153076,3113,13,13,29,0
4724,1.153320,3113,15,13,31,0
4725,1.153564,3114,14,12,29,0
4726,1.153809,3114,12,12,27,0
4727,1.154053,3114,12,13,28,0
4728,1.154297,3114,12,13,28,0
4729,1.154541,3114,12,13,28,0
4730,1.154785,3115,12,11,26,0
4731,1.155029,3115,12,11,26,0
4732,1.155273,3115,12,11,26,0
4733,1.155518,3115,12,13,28,0
4734,1.155762,3115,14,13,30,0
4735,1.156006,3115,17,13,33,0
4736,1.156250,3116,13,12,28,0
4737,1.156494,3116,13,12,28,0
4738,1.156738,3116,13,13,29,0
4739,1.156982,3116,13,13,29,0
4740,1.157227,3116,13,13,29,0
4741,1.157471,3117,15,11,29,0
4742,1.157715,3117,12,11,26,0
4743,1.157959,3117,12,11,26,0
4744,1.158203,3117,12,13,28,0
4745,1.158447,3117,12,13,28,0
4746,1.158691,3117,17,13,33,0
4747,1.158936,3118,12,12,31,0
4748,1.159180,3118,12,12,31,0
4749,1.159424,3118,12,13,28,0
4750,1.159668,3118,12,13,28,0
4751,1.159912,3118,12,13,28,0
4752,1.160156,3118,15,13,31,0
4753,1.160400,3119,14,11,28,0
4754,1.160645,3119,13,11,27,0
4755,1.160889,3119,13,13,29,0
4756,1.161133,3119,13,13,29,0
4757,1.161377,3120,15,12,30,0
4758,1.161621,3120,12,12,27,0
4759,1.161865,3120,12,12,27,0
4760,1.162109,3120,12,12,27,0
4761,1.162354,3120,12,13,28,0
4762,1.162598,3120,14,13,30,0
4763,1.162842,3121,15,11,29,0
4764,1.163086,3121,12,11,26,0
4765,1.163330,3121,12,11,26,0
4766,1.163574,3121,12,13,28,0
4767,1.163818,3121,12,13,28,0
4768,1.164062,3121,15,13,31,0
4769,1.164307,3122,14,12,29,0
4770,1.164551,3122,11,12,26,0
4771,1.164795,3122,11,12,26,0
4772,1.165039,3122,11,13,27,0
4773,1.165283,3122,11,13,27,0
4774,1.165527,3122,17,13,33,0
4775,1.165771,3123,13,11,27,0
4776,1.166016,3123,13,11,27,0
4777,1.166260,3123,13,11,27,0
4778,1.166504,3123,14,13,30,0
4779,1.166748,3123,16,13,32,0
4780,1.166992,3124,12,12,27,0
4781,1.167236,3124,12,12,27,0
4782,1.167480,3124,12,12,27,0
4783,1.167725,3124,12,13,28,0
4784,1.167969,3124,12,13,28,0
4785,1.168213,3124,16,13,32,0
4786,1.168457,3125,11,11,25,0
4787,1.168701,3125,11,11,25,0
4788,1.168945,3125,11,13,27,0
4789,1.169189,3125,11,13,27,0
4790,1.169434,3125,15,13,31,0
4791,1.169678,3126,13,12,28,0
4792,1.169922,3126,13,12,28,0
4793,1.170166,3126,13,12,28,0
4794,1.170410,3126,13,13,29,0
4795,1.170654,3126,13,13,29,0
4796,1.170898,3127,16,11,30,0
4797,1.171143,3127,14,11,28,0
4798,1.171387,3127,12,11,26,0
4799,1.171631,3127,12,13,28,0
4800,1.171875,3127,12,13,28,0
4801,1.172119,3127,12,13,28,0
4802,1.172363,3128,11,12,26,0
4803,1.172607,3128,11,12,26,0
4804,1.172852,3128,11,13,27,0
4805,1.173096,3128,11,13,27,0
4806,1.173340,3128,14,13,30,0
4807,1.173584,3129,15,11,29,0
4808,1.173828,3129,13,11,27,0
4809,1.174072,3129,13,11,27,0
4810,1.174316,3129,13,13,29,0
4811,1.174561,3129,13,13,29,0
4812,1.174805,3129,15,13,31,0
4813,1.175049,3130,14,12,29,0
4814,1.175293,3130,11,12,30,0
4815,1.175537,3130,11,13,27,0
4816,1.175781,3130,11,13,27,0
4817,1.176025,3130,11,13,27,0
4818,1.176270,3131,16,11,30,0
4819,1.176514,3131,12,11,26,0
4820,1.176758,3131,12,11,26,0
4821,1.177002,3131,12,13,28,0
4822,1.177246,3131,14,13,30,0
4823,1.177490,3132,15,12,30,0
4824,1.177734,3132,13,12,28,0
4825,1.177979,3132,13,12,28,0
4826,1.178223,3132,13,13,29,0
4827,1.178467,3132,13,13,29,0
4828,1.178711,3132,13,13,29,0
4829,1.178955,3132,17,13,33,0
4830,1.179199,3133,11,11,25,0
4831,1.179443,3133,11,11,25,0
4832,1.179688,3133,11,13,27,0
4833,1.179932,3133,11,13,27,0
4834,1.180176,3133,15,13,31,0
4835,1.180420,3134,12,12,31,0
4836,1.180664,3134,12,12,31,0
4837,1.180908,3134,12,12,31,0
4838,1.181152,3134,12,13,28,0
4839,1.181396,3134,12,13,28,0
4840,1.181641,3134,15,13,31,0
4841,1.181885,3135,14,11,28,0
4842,1.182129,3135,12,11,26,0
4843,1.182373,3135,12,13,28,0
4844,1.182617,3135,12,13,28,0
4845,1.182861,3135,12,13,28,0
4846,1.183105,3136,13,12,28,0
4847,1.183350,3136,13,12,28,0
4848,1.183594,3136,13,12,28,0
4849,1.183838,3136,13,12,28,0
4850,1.184082,3136,13,13,29,0
4851,1.184326,3136,13,13,29,0
4852,1.184570,3136,17,13,33,0
4853,1.184814,3137,14,11,28,0
4854,1.185059,3137,12,11,26,0
4855,1.185303,3137,12,13,28,0
4856,1.185547,3137,12,13,28,0
4857,1.185791,3137,16,13,32,0
4858,1.186035,3138,12,12,31,0
4859,1.186279,3138,12,12,31,0
4860,1.186523,3138,12,12,31,0
4861,1.186768,3138,12,13,28,0
4862,1.187012,3138,14,13,30,0
4863,1.187256,3139,15,11,29,0
4864,1.187500,3139,13,11,27,0
4865,1.187744,3139,13,11,27,0
4866,1.187988,3139,13,13,29,0
4867,1.188232,3139,13,13,29,0
4868,1.188477,3139,15,13,31,0
4869,1.188721,3140,14,12,29,0
4870,1.188965,3140,12,12,27,0
4871,1.189209,3140,12,13,28,0
4872,1.189453,3140,12,13,28,0
4873,1.189697,3140,12,13,28,0
4874,1.189941,3141,16,11,30,0
4875,1.190186,3141,12,11,26,0
4876,1.190430,3141,12,11,26,0
4877,1.190674,3141,12,13,28,0
4878,1.190918,3141,12,13,28,0
4879,1.191162,3141,12,13,28,0
4880,1.191406,3142,16,12,31,0
4881,1.191650,3142,14,12,29,0
4882,1.191895,3142,13,12,32,0
4883,1.192139,3142,13,13,29,0
4884,1.192383,3142,13,13,29,0
4885,1.192627,3142,16,13,32,0
4886,1.192871,3143,12,11,26,0
4887,1.193115,3143,12,11,26,0
4888,1.193359,3143,12,11,26,0
4889,1.193604,3143,12,13,28,0
4890,1.193848,3143,15,13,31,0
4891,1.194092,3144,12,12,27,0
4892,1.194336,3144,12,12,27,0
4893,1.194580,3144,12,12,27,0
4894,1.194824,3144,12,13,28,0
4895,1.195068,3144,12,13,28,0
4896,1.195312,3144,12,13,28,0
4897,1.195557,3145,15,11,29,0
4898,1.195801,3145,11,11,25,0
4899,1.196045,3145,11,13,27,0
4900,1.196289,3145,11,13,27,0
4901,1.196533,3145,11,13,27,0
4902,1.196777,3146,16,12,31,0
4903,1.197021,3146,13,12,28,0
4904,1.197266,3146,13,12,28,0
4905,1.197510,3146,13,13,29,0
4906,1.197754,3146,13,13,29,0
4907,1.197998,3146,13,13,29,0
4908,1.198242,3147,16,11,30,0
4909,1.198486,3147,14,11,28,0
4910,1.198730,3147,12,11,26,0
4911,1.198975,3147,12,13,28,0
4912,1.199219,3147,12,13,28,0
4913,1.199463,3147,12,13,28,0
4914,1.199707,3148,11,12,26,0
4915,1.199951,3148,11,12,26,0
4916,1.200195,3148,11,12,26,0
4917,1.200439,3148,11,13,27,0
4918,1.200684,3148,14,13,30,0
4919,1.200928,3149,15,11,29,0
4920,1.201172,3149,13,11,27,0
4921,1.201416,3149,13,11,27,0
4922,1.201660,3149,13,13,29,0
4923,1.201904,3149,13,13,29,0
4924,1.202148,3149,17,13,33,0
4925,1.202393,3150,14,12,29,0
4926,1.202637,3150,12,12,27,0
4927,1.202881,3150,12,13,28,0
4928,1.203125,3150,12,13,28,0
4929,1.203369,3150,12,13,28,0
4930,1.203613,3151,11,11,25,0
4931,1.203857,3151,11,11,25,0
4932,1.204102,3151,11,11,25,0
4933,1.204346,3151,11,13,27,0
4934,1.204590,3151,14,13,30,0
4935,1.204834,3152,15,12,30,0
4936,1.205078,3152,13,12,28,0
4937,1.205322,3152,13,12,28,0
4938,1.205566,3152,13,12,32,0
4939,1.205811,3152,13,13,29,0
4940,1.206055,3152,13,13,29,0
4941,1.206299,3152,13,13,29,0
4942,1.206543,3153,11,11,25,0
4943,1.206787,3153,11,11,25,0
4944,1.207031,3153,11,11,25,0
4945,1.207275,3153,11,13,27,0
4946,1.207520,3153,14,13,30,0
4947,1.207764,3154,15,12,30,0
4948,1.208008,3154,12,12,27,0
4949,1.208252,3154,12,12,27,0
4950,1.208496,3154,12,13,28,0
4951,1.208740,3154,12,13,28,0
4952,1.208984,3154,12,13,28,0
4953,1.209229,3155,15,11,29,0
4954,1.209473,3155,12,11,26,0
4955,1.209717,3155,12,11,26,0
4956,1.209961,3155,12,13,28,0
4957,1.210205,3155,12,13,28,0
4958,1.210449,3155,17,13,33,0
4959,1.210693,3156,13,12,28,0
4960,1.210938,3156,13,12,28,0
4961,1.211182,3156,13,12,28,0
4962,1.211426,3156,13,13,29,0
4963,1.211670,3156,13,13,29,0
4964,1.211914,3156,15,13,31,0
4965,1.212158,3157,14,11,28,0
4966,1.212402,3157,12,11,26,0
4967,1.212646,3157,12,11,26,0
4968,1.212891,3157,12,13,28,0
4969,1.213135,3157,12,13,28,0
4970,1.213379,3158,12,12,31,0
4971,1.213623,3158,12,12,31,0
4972,1.213867,3158,12,12,31,0
4973,1.214111,3158,12,13,28,0
4974,1.214355,3158,14,13,30,0
4975,1.214600,3158,16,13,32,0
4976,1.214844,3159,13,11,27,0
4977,1.215088,3159,13,11,27,0
4978,1.215332,3159,13,11,27,0
4979,1.215576,3159,13,13,29,0
4980,1.215820,3159,13,13,29,0
4981,1.216064,3160,15,12,30,0
4982,1.216309,3160,12,12,27,0
4983,1.216553,3160,12,12,27,0
4984,1.216797,3160,12,12,27,0
4985,1.217041,3160,12,13,28,0
4986,1.217285,3160,15,13,31,0
4987,1.217529,3161,12,11,26,0
4988,1.217773,3161,12,11,26,0
4989,1.218018,3161,12,11,26,0
4990,1.218262,3161,12,13,28,0
4991,1.218506,3161,12,13,28,0
4992,1.218750,3161,15,13,31,0
4993,1.218994,3162,14,12,29,0
4994,1.219238,3162,11,12,26,0
4995,1.219482,3162,11,13,27,0
4996,1.219727,3162,11,13,27,0
4997,1.219971,3162,11,13,27,0
4998,1.220215,3163,16,11,30,0
4999,1.220459,3163,13,11,27,0
5000,1.220703,3163,13,11,27,0
5001,1.220947,3163,13,13,29,0
5002,1.221191,3163,14,13,30,0
5003,1.221436,3164,15,12,30,0
5004,1.221680,3164,12,12,27,0
5005,1.221924,3164,12,12,27,0
5006,1.222168,3164,12,12,27,0
5007,1.222412,3164,12,13,28,0
5008,1.222656,3164,12,13,28,0
5009,1.222900,3164,12,13,28,0
5010,1.223145,3165,11,11,25,0
5011,1.223389,3165,11,11,25,0
5012,1.223633,3165,11,11,25,0
5013,1.223877,3165,11,13,27,0
5014,1.224121,3165,14,13,30,0
5015,1.224365,3166,15,12,30,0
5016,1.224609,3166,13,12,28,0
5017,1.224854,3166,13,12,28,0
5018,1.225098,3166,13,13,29,0
5019,1.225342,3166,13,13,29,0
5020,1.225586,3166,13,13,29,0
5021,1.225830,3167,15,11,29,0
5022,1.226074,3167,11,11,25,0
5023,1.226318,3167,11,11,25,0
5024,1.226562,3167,11,13,27,0
5025,1.226807,3167,11,13,27,0
5026,1.227051,3167,15,13,31,0
5027,1.227295,3168,12,12,27,0
5028,1.227539,3168,12,12,27,0
5029,1.227783,3168,12,12,27,0
5030,1.228027,3168,12,13,28,0
5031,1.228271,3168,12,13,28,0
5032,1.228516,3168,12,13,28,0
5033,1.228760,3169,15,11,29,0
5034,1.229004,3169,12,11,26,0
5035,1.229248,3169,12,13,28,0
5036,1.229492,3169,12,13,28,0
5037,1.229736,3169,12,13,28,0
5038,1.229980,3169,17,13,33,0
5039,1.230225,3170,13,12,28,0
5040,1.230469,3170,13,12,28,0
5041,1.230713,3170,13,13,29,0
5042,1.230957,3170,13,13,29,0
5043,1.231201,3170,13,13,29,0
5044,1.231445,3171,16,11,30,0
5045,1.231689,3171,14,11,28,0
5046,1.231934,3171,12,11,26,0
5047,1.232178,3171,12,13,28,0
5048,1.232422,3171,12,13,28,0
5049,1.232666,3171,12,13,28,0
5050,1.232910,3172,16,12,31,0
5051,1.233154,3172,12,12,31,0
5052,1.233398,3172,12,13,28,0
5053,1.233643,3172,12,13,28,0
5054,1.233887,3172,12,13,28,0
5055,1.234131,3173,13,11,27,0
5056,1.234375,3173,13,11,27,0
5057,1.234619,3173,13,11,27,0
5058,1.234863,3173,13,13,29,0
5059,1.235107,3173,14,13,30,0
5060,1.235352,3173,17,13,33,0
5061,1.235596,3174,12,12,27,0
5062,1.235840,3174,12,12,27,0
5063,1.236084,3174,12,12,27,0
5064,1.236328,3174,12,13,28,0
5065,1.236572,3174,12,13,28,0
5066,1.236816,3174,16,13,32,0
5067,1.237061,3175,12,11,26,0
5068,1.237305,3175,12,11,26,0
5069,1.237549,3175,12,13,28,0
5070,1.237793,3175,12,13,28,0
5071,1.238037,3175,17,13,33,0
5072,1.238281,3176,13,12,28,0
5073,1.238525,3176,13,12,28,0
5074,1.238770,3176,13,12,28,0
5075,1.239014,3176,13,13,29,0
5076,1.239258,3176,13,13,29,0
5077,1.239502,3176,13,13,29,0
5078,1.239746,3177,15,11,29,0
5079,1.239990,3177,12,11,26,0
5080,1.240234,3177,12,11,26,0
5081,1.240479,3177,12,13,28,0
5082,1.240723,3177,12,13,28,0
5083,1.240967,3178,12,12,31,0
5084,1.241211,3178,12,12,31,0
5085,1.241455,3178,12,12,31,0
5086,1.241699,3178,12,13,28,0
5087,1.241943,3178,12,13,28,0
5088,1.242188,3178,12,13,28,0
5089,1.242432,3179,16,11,30,0
5090,1.242676,3179,14,11,28,0
5091,1.242920,3179,13,11,27,0
5092,1.243164,3179,13,13,29,0
5093,1.243408,3179,13,13,29,0
5094,1.243652,3179,16,13,32,0
5095,1.243896,3180,12,12,27,0
5096,1.244141,3180,12,12,27,0
5097,1.244385,3180,12,12,27,0
5098,1.244629,3180,12,13,28,0
5099,1.244873,3180,14,13,30,0
5100,1.245117,3181,17,11,31,0
5101,1.245361,3181,12,11,26,0
5102,1.245605,3181,12,11,26,0
5103,1.245850,3181,12,11,26,0
5104,1.246094,3181,12,13,28,0
5105,1.246338,3181,12,13,28,0
5106,1.246582,3181,16,13,32,0
5107,1.246826,3182,11,12,26,0
5108,1.247070,3182,11,12,26,0
5109,1.247314,3182,11,12,26,0
5110,1.247559,3182,11,13,27,0
5111,1.247803,3182,14,13,30,0
5112,1.248047,3183,15,11,29,0
5113,1.248291,3183,13,11,27,0
5114,1.248535,3183,13,11,27,0
5115,1.248779,3183,13,13,29,0
5116,1.249023,3183,13,13,29,0
5117,1.249268,3183,15,13,31,0
5118,1.249512,3184,14,12,29,0
5119,1.249756,3184,11,12,30,0
5120,1.250000,3184,11,12,30,0
5121,1.250244,3184,11,13,27,0
5122,1.250488,3184,11,13,27,0
5123,1.250732,3184,15,13,31,0
5124,1.250977,3185,12,11,26,0
5125,1.251221,3185,12,11,26,0
5126,1.251465,3185,12,11,26,0
5127,1.251709,3185,12,13,28,0
5128,1.251953,3185,12,13,28,0
5129,1.252197,3185,15,13,31,0
5130,1.252441,3186,14,12,29,0
5131,1.252686,3186,12,12,31,0
5132,1.252930,3186,12,12,31,0
5133,1.253174,3186,12,13,28,0
5134,1.253418,3186,12,13,28,0
5135,1.253662,3186,15,13,31,0
5136,1.253906,3187,13,11,27,0
5137,1.254150,3187,13,11,27,0
5138,1.254395,3187,13,11,27,0
5139,1.254639,3187,13,13,29,0
5140,1.254883,3187,13,13,29,0
5141,1.255127,3188,16,12,31,0
5142,1.255371,3188,14,12,29,0
5143,1.255615,3188,12,12,27,0
5144,1.255859,3188,12,13,28,0
5145,1.256104,3188,12,13,28,0
5146,1.256348,3188,12,13,28,0
5147,1.256592,3189,12,11,26,0
5148,1.256836,3189,12,11,26,0
5149,1.257080,3189,12,11,26,0
5150,1.257324,3189,12,13,28,0
5151,1.257568,3189,14,13,30,0
5152,1.257812,3189,16,13,32,0
5153,1.258057,3190,13,12,28,0
5154,1.258301,3190,13,12,28,0
5155,1.258545,3190,13,12,32,0
5156,1.258789,3190,13,13,29,0
5157,1.259033,3190,13,13,29,0
5158,1.259277,3190,17,13,33,0
5159,1.259521,3191,12,11,26,0
5160,1.259766,3191,12,11,26,0
5161,1.260010,3191,12,11,26,0
5162,1.260254,3191,12,13,28,0
5163,1.260498,3191,14,13,30,0
5164,1.260742,3192,15,12,30,0
5165,1.260986,3192,12,12,27,0
5166,1.261230,3192,12,12,27,0
5167,1.261475,3192,12,12,27,0
5168,1.261719,3192,12,13,28,0
5169,1.261963,3192,12,13,28,0
5170,1.262207,3192,16,13,32,0
5171,1.262451,3193,11,11,25,0
5172,1.262695,3193,11,11,25,0
5173,1.262939,3193,11,11,25,0
5174,1.263184,3193,11,13,27,0
5175,1.263428,3193,14,13,30,0
5176,1.263672,3194,15,12,30,0
5177,1.263916,3194,13,12,28,0
5178,1.264160,3194,13,12,28,0
5179,1.264404,3194,13,13,29,0
5180,1.264648,3194,13,13,29,0
5181,1.264893,3194,15,13,31,0
5182,1.265137,3195,14,11,28,0
5183,1.265381,3195,12,11,26,0
5184,1.265625,3195,12,13,28,0
5185,1.265869,3195,12,13,28,0
5186,1.266113,3195,12,13,28,0
5187,1.266357,3196,16,12,31,0
5188,1.266602,3196,11,12,26,0
5189,1.266846,3196,11,12,26,0
5190,1.267090,3196,11,12,26,0
5191,1.267334,3196,11,13,27,0
5192,1.267578,3196,11,13,27,0
5193,1.267822,3196,15,13,31,0
5194,1.268066,3197,14,11,28,0
5195,1.268311,3197,12,11,26,0
5196,1.268555,3197,12,11,26,0
5197,1.268799,3197,12,13,28,0
5198,1.269043,3197,12,13,28,0
5199,1.269287,3198,16,12,31,0
5200,1.269531,3198,13,12,28,0
5201,1.269775,3198,13,12,28,0
5202,1.270020,3198,13,13,29,0
5203,1.270264,3198,14,13,30,0
5204,1.270508,3198,16,13,32,0
5205,1.270752,3199,12,11,26,0
5206,1.270996,3199,12,11,26,0
5207,1.271240,3199,12,11,26,0
5208,1.271484,3199,12,13,28,0
5209,1.271729,3199,12,13,28,0
5210,1.271973,3199,16,13,32,0
5211,1.272217,3200,16,12,31,0
5212,1.272461,3200,12,12,31,0
5213,1.272705,3200,12,12,31,0
5214,1.272949,3200,12,13,28,0
5215,1.273193,3200,12,13,28,0
5216,1.273438,3200,12,13,28,0
5217,1.273682,3201,18,11,32,0
5218,1.273926,3201,14,11,28,0
5219,1.274170,3201,11,11,25,0
5220,1.274414,3201,11,13,27,0
5221,1.274658,3201,11,13,27,0
5222,1.274902,3201,16,13,32,0
5223,1.275146,3202,16,12,31,0
5224,1.275391,3202,13,12,28,0
5225,1.275635,3202,13,12,28,0
5226,1.275879,3202,13,13,29,0
5227,1.276123,3202,13,13,29,0
5228,1.276367,3202,13,13,29,0
5229,1.276611,3203,16,11,30,0
5230,1.276855,3203,14,11,28,0
5231,1.277100,3203,12,11,26,0
5232,1.277344,3203,12,13,28,0
5233,1.277588,3203,12,13,28,0
5234,1.277832,3203,16,13,32,0
5235,1.278076,3204,11,12,26,0
5236,1.278320,3204,11,12,26,0
5237,1.278564,3204,11,12,26,0
5238,1.278809,3204,11,13,27,0
5239,1.279053,3204,14,13,30,0
5240,1.279297,3204,16,13,32,0
5241,1.279541,3205,13,11,27,0
5242,1.279785,3205,13,11,27,0
5243,1.280029,3205,13,11,27,0
5244,1.280273,3205,13,13,29,0
5245,1.280518,3205,13,13,29,0
5246,1.280762,3205,16,13,32,0
5247,1.281006,3206,11,12,30,0
5248,1.281250,3206,11,12,30,0
5249,1.281494,3206,11,13,27,0
5250,1.281738,3206,11,13,27,0
5251,1.281982,3206,14,13,30,0
5252,1.282227,3207,18,11,32,0
5253,1.282471,3207,12,11,26,0
5254,1.282715,3207,12,11,26,0
5255,1.282959,3207,12,11,26,0
5256,1.283203,3207,12,13,28,0
5257,1.283447,3207,12,13,28,0
5258,1.283691,3208,15,12,30,0
5259,1.283936,3208,12,12,31,0
5260,1.284180,3208,12,12,31,0
5261,1.284424,3208,12,13,28,0
5262,1.284668,3208,12,13,28,0
5263,1.284912,3208,14,13,30,0
5264,1.285156,3209,18,11,32,0
5265,1.285400,3209,13,11,27,0
5266,1.285645,3209,13,11,27,0
5267,1.285889,3209,13,13,29,0
5268,1.286133,3209,13,13,29,0
5269,1.286377,3209,13,13,29,0
5270,1.286621,3210,15,12,30,0
5271,1.286865,3210,12,12,27,0
5272,1.287109,3210,12,12,27,0
5273,1.287354,3210,12,13,28,0
5274,1.287598,3210,12,13,28,0
5275,1.287842,3210,14,13,30,0
5276,1.288086,3211,15,11,29,0
5277,1.288330,3211,12,11,26,0
5278,1.288574,3211,12,11,26,0
5279,1.288818,3211,12,13,28,0
5280,1.289062,3211,12,13,28,0
5281,1.289307,3211,12,13,28,0
5282,1.289551,3212,15,12,30,0
5283,1.289795,3212,11,12,26,0
5284,1.290039,3212,11,12,26,0
5285,1.290283,3212,11,13,27,0
5286,1.290527,3212,11,13,27,0
5287,1.290771,3212,14,13,30,0
5288,1.291016,3213,15,11,29,0
5289,1.291260,3213,13,11,27,0
5290,1.291504,3213,13,11,27,0
5291,1.291748,3213,13,13,29,0
5292,1.291992,3213,13,13,29,0
5293,1.292236,3213,15,13,31,0
5294,1.292480,3214,14,12,29,0
5295,1.292725,3214,11,12,30,0
5296,1.292969,3214,11,12,30,0
5297,1.293213,3214,11,13,27,0
5298,1.293457,3214,11,13,27,0
5299,1.293701,3214,15,13,31,0
5300,1.293945,3215,12,11,26,0
5301,1.294189,3215,12,11,26,0
5302,1.294434,3215,12,11,26,0
5303,1.294678,3215,12,13,28,0
5304,1.294922,3215,12,13,28,0
5305,1.295166,3215,15,13,31,0
5306,1.295410,3216,14,12,29,0
5307,1.295654,3216,12,12,31,0
5308,1.295898,3216,12,13,28,0
5309,1.296143,3216,12,13,28,0
5310,1.296387,3216,12,13,28,0
5311,1.296631,3216,17,13,33,0
5312,1.296875,3217,13,11,27,0
5313,1.297119,3217,13,11,27,0
5314,1.297363,3217,13,13,29,0
5315,1.297607,3217,13,13,29,0
5316,1.297852,3217,13,13,29,0
5317,1.298096,3218,16,12,31,0
5318,1.298340,3218,14,12,29,0
5319,1.298584,3218,12,12,27,0
5320,1.298828,3218,12,13,28,0
5321,1.299072,3218,12,13,28,0
5322,1.299316,3218,16,13,32,0
5323,1.299561,3219,18,11,32,0
5324,1.299805,3219,12,11,26,0
5325,1.300049,3219,12,11,26,0
5326,1.300293,3219,12,13,28,0
5327,1.300537,3219,12,13,28,0
5328,1.300781,3219,12,13,28,0
5329,1.301025,3220,16,12,31,0
5330,1.301270,3220,14,12,29,0
5331,1.301514,3220,13,12,32,0
5332,1.301758,3220,13,13,29,0
5333,1.302002,3220,13,13,29,0
5334,1.302246,3220,16,13,32,0
5335,1.302490,3221,12,11,26,0
5336,1.302734,3221,12,11,26,0
5337,1.302979,3221,12,11,26,0
5338,1.303223,3221,12,13,28,0
5339,1.303467,3221,14,13,30,0
5340,1.303711,3221,16,13,32,0
5341,1.303955,3222,12,12,27,0
5342,1.304199,3222,12,12,27,0
5343,1.304443,3222,12,12,27,0
5344,1.304688,3222,12,13,28,0
5345,1.304932,3222,12,13,28,0
5346,1.305176,3222,16,13,32,0
5347,1.305420,3223,11,11,25,0
5348,1.305664,3223,11,11,25,0
5349,1.305908,3223,11,11,25,0
5350,1.306152,3223,11,13,27,0
5351,1.306396,3223,14,13,30,0
5352,1.306641,3223,16,13,32,0
5353,1.306885,3224,13,12,28,0
5354,1.307129,3224,13,12,28,0
5355,1.307373,3224,13,12,32,0
5356,1.307617,3224,13,13,29,0
5357,1.307861,3224,13,13,29,0
5358,1.308105,3224,16,13,32,0
5359,1.308350,3225,16,11,30,0
5360,1.308594,3225,11,11,25,0
5361,1.308838,3225,11,11,25,0
5362,1.309082,3225,11,13,27,0
5363,1.309326,3225,13,13,29,0
5364,1.309570,3225,13,13,29,0
5365,1.309814,3226,16,12,31,0
5366,1.310059,3226,14,12,29,0
5367,1.310303,3226,12,12,27,0
5368,1.310547,3226,12,13,28,0
5369,1.310791,3226,12,13,28,0
5370,1.311035,3226,16,13,32,0
5371,1.311279,3227,12,11,26,0
5372,1.311523,3227,12,11,26,0
5373,1.311768,3227,12,11,26,0
5374,1.312012,3227,12,13,28,0
5375,1.312256,3227,14,13,30,0
5376,1.312500,3227,17,13,33,0
5377,1.312744,3228,13,12,28,0
5378,1.312988,3228,13,12,28,0
5379,1.313232,3228,13,12,32,0
5380,1.313477,3228,13,13,29,0
5381,1.313721,3228,13,13,29,0
5382,1.313965,3228,17,13,33,0
5383,1.314209,3229,12,11,26,0
5384,1.314453,3229,12,11,26,0
5385,1.314697,3229,12,11,26,0
5386,1.314941,3229,12,13,28,0
5387,1.315186,3229,14,13,30,0
5388,1.315430,3229,17,13,33,0
5389,1.315674,3230,12,12,27,0
5390,1.315918,3230,12,12,27,0
5391,1.316162,3230,12,13,28,0
5392,1.316406,3230,12,13,28,0
5393,1.316650,3230,12,13,28,0
5394,1.316895,3231,18,11,32,0
5395,1.317139,3231,11,11,25,0
5396,1.317383,3231,11,11,25,0
5397,1.317627,3231,11,13,27,0
5398,1.317871,3231,11,13,27,0
5399,1.318115,3231,14,13,30,0
5400,1.318359,3232,15,12,30,0
5401,1.318604,3232,13,12,28,0
5402,1.318848,3232,13,12,28,0
5403,1.319092,3232,12,12,31,0
5404,1.319336,3232,12,13,28,0
5405,1.319580,3232,12,13,28,0
5406,1.319824,3232,12,13,28,0
5407,1.320068,3232,15,13,31,0
5408,1.320312,3233,13,11,27,0
5409,1.320557,3233,13,11,27,0
5410,1.320801,3233,13,13,29,0
5411,1.321045,3233,13,13,29,0
5412,1.321289,3233,13,13,29,0
5413,1.321533,3234,16,12,31,0
5414,1.321777,3234,14,12,29,0
5415,1.322021,3234,12,12,27,0
5416,1.322266,3234,12,13,28,0
5417,1.322510,3234,12,13,28,0
5418,1.322754,3234,16,13,32,0
5419,1.322998,3235,12,11,26,0
5420,1.323242,3235,12,11,26,0
5421,1.323486,3235,12,11,26,0
5422,1.323730,3235,12,13,28,0
5423,1.323975,3235,14,13,30,0
5424,1.324219,3235,16,13,32,0
5425,1.324463,3236,13,12,28,0
5426,1.324707,3236,13,12,28,0
5427,1.324951,3236,13,12,32,0
5428,1.325195,3236,13,13,29,0
5429,1.325439,3236,13,13,29,0
5430,1.325684,3236,16,13,32,0
5431,1.325928,3237,12,11,26,0
5432,1.326172,3237,12,11,26,0
5433,1.326416,3237,12,11,26,0
5434,1.326660,3237,12,13,28,0
5435,1.326904,3237,14,13,30,0
5436,1.327148,3237,16,13,32,0
5437,1.327393,3238,11,12,30,0
5438,1.327637,3238,11,12,30,0
5439,1.327881,3238,11,12,30,0
5440,1.328125,3238,11,13,27,0
5441,1.328369,3238,11,13,27,0
5442,1.328613,3238,11,13,27,0
5443,1.328857,3239,16,11,30,0
5444,1.329102,3239,12,11,26,0
5445,1.329346,3239,12,11,26,0
5446,1.329590,3239,12,13,28,0
5447,1.329834,3239,12,13,28,0
5448,1.330078,3239,12,13,28,0
5449,1.330322,3240,16,12,31,0
5450,1.330566,3240,14,12,29,0
5451,1.330811,3240,12,12,31,0
5452,1.331055,3240,12,13,28,0
5453,1.331299,3240,12,13,28,0
5454,1.331543,3240,12,13,28,0
5455,1.331787,3241,16,11,30,0
5456,1.332031,3241,13,11,27,0
5457,1.332275,3241,13,11,27,0
5458,1.332520,3241,13,13,29,0
5459,1.332764,3241,13,13,29,0
5460,1.333008,3241,13,13,29,0
5461,1.333252,3242,16,12,31,0
5462,1.333496,3242,14,12,29,0
5463,1.333740,3242,12,12,27,0
5464,1.333984,3242,12,13,28,0
5465,1.334229,3242,12,13,28,0
5466,1.334473,3242,16,13,32,0
5467,1.334717,3243,16,11,30,0
5468,1.334961,3243,12,11,26,0
5469,1.335205,3243,12,11,26,0
5470,1.335449,3243,12,13,28,0
5471,1.335693,3243,14,13,30,0
5472,1.335938,3243,16,13,32,0
5473,1.336182,3244,13,12,28,0
5474,1.336426,3244,13,12,28,0
5475,1.336670,3244,11,12,26,0
5476,1.336914,3244,11,13,27,0
5477,1.337158,3244,11,13,27,0
5478,1.337402,3244,11,13,27,0
5479,1.337646,3244,15,13,31,0
5480,1.337891,3245,13,11,27,0
5481,1.338135,3245,13,11,27,0
5482,1.338379,3245,13,13,29,0
5483,1.338623,3245,13,13,29,0
5484,1.338867,3245,13,13,29,0
5485,1.339111,3246,16,12,31,0
5486,1.339355,3246,14,12,29,0
5487,1.339600,3246,11,12,30,0
5488,1.339844,3246,11,13,27,0
5489,1.340088,3246,11,13,27,0
5490,1.340332,3246,11,13,27,0
5491,1.340576,3247,18,11,32,0
5492,1.340820,3247,12,11,26,0
5493,1.341064,3247,12,11,26,0
5494,1.341309,3247,12,13,28,0
5495,1.341553,3247,12,13,28,0
5496,1.341797,3247,12,13,28,0
5497,1.342041,3247,15,13,31,0
5498,1.342285,3248,14,12,29,0
5499,1.342529,3248,12,12,31,0
5500,1.342773,3248,12,12,31,0
5501,1.343018,3248,12,13,28,0
5502,1.343262,3248,12,13,28,0
5503,1.343506,3248,14,13,30,0
5504,1.343750,3249,15,11,29,0
5505,1.343994,3249,13,11,27,0
5506,1.344238,3249,13,11,27,0
5507,1.344482,3249,13,13,29,0
5508,1.344727,3249,13,13,29,0
5509,1.344971,3249,15,13,31,0
5510,1.345215,3250,14,12,29,0
5511,1.345459,3250,12,12,27,0
5512,1.345703,3250,12,12,27,0
5513,1.345947,3250,12,13,28,0
5514,1.346191,3250,12,13,28,0
5515,1.346436,3250,15,13,31,0
5516,1.346680,3251,12,11,26,0
5517,1.346924,3251,12,11,26,0
5518,1.347168,3251,12,11,26,0
5519,1.347412,3251,12,13,28,0
5520,1.347656,3251,12,13,28,0
5521,1.347900,3251,15,13,31,0
5522,1.348145,3252,14,12,29,0
5523,1.348389,3252,11,12,26,0
5524,1.348633,3252,11,12,26,0
5525,1.348877,3252,11,13,27,0
5526,1.349121,3252,11,13,27,0
5527,1.349365,3252,14,13,30,0
5528,1.349609,3252,17,13,33,0
5529,1.349854,3253,13,11,27,0
5530,1.350098,3253,13,11,27,0
5531,1.350342,3253,13,13,29,0
5532,1.350586,3253,13,13,29,0
5533,1.350830,3253,13,13,29,0
5534,1.351074,3254,15,12,30,0
5535,1.351318,3254,11,12,30,0
5536,1.351562,3254,11,12,30,0
5537,1.351807,3254,11,13,27,0
5538,1.352051,3254,11,13,27,0
5539,1.352295,3254,14,13,30,0
5540,1.352539,3255,18,11,32,0
5541,1.352783,3255,12,11,26,0
5542,1.353027,3255,12,11,26,0
5543,1.353271,3255,12,11,26,0
5544,1.353516,3255,12,13,28,0
5545,1.353760,3255,12,13,28,0
5546,1.354004,3256,15,12,30,0
5547,1.354248,3256,12,12,31,0
5548,1.354492,3256,12,12,31,0
5549,1.354736,3256,12,12,31,0
5550,1.354980,3256,12,13,28,0
5551,1.355225,3256,14,13,30,0
5552,1.355469,3256,16,13,32,0
5553,1.355713,3257,13,11,27,0
5554,1.355957,3257,13,11,27,0
5555,1.356201,3257,11,11,25,0
5556,1.356445,3257,11,13,27,0
5557,1.356689,3257,11,13,27,0
5558,1.356934,3257,16,13,32,0
5559,1.357178,3258,16,12,31,0
5560,1.357422,3258,13,12,28,0
5561,1.357666,3258,13,12,28,0
5562,1.357910,3258,13,13,29,0
5563,1.358154,3258,14,13,30,0
5564,1.358398,3258,17,13,33,0
5565,1.358643,3259,12,11,26,0
5566,1.358887,3259,12,11,26,0
5567,1.359131,3259,12,11,26,0
5568,1.359375,3259,12,13,28,0
5569,1.359619,3259,12,13,28,0
5570,1.359863,3259,18,13,34,0
5571,1.360107,3260,11,12,26,0
5572,1.360352,3260,11,12,26,0
5573,1.360596,3260,11,12,26,0
5574,1.360840,3260,11,13,27,0
5575,1.361084,3260,11,13,27,0
5576,1.361328,3260,11,13,27,0
5577,1.361572,3261,16,11,30,0
5578,1.361816,3261,14,11,28,0
5579,1.362061,3261,12,11,26,0
5580,1.362305,3261,12,13,28,0
5581,1.362549,3261,12,13,28,0
5582,1.362793,3261,12,13,28,0
5583,1.363037,3262,16,12,31,0
5584,1.363281,3262,13,12,28,0
5585,1.363525,3262,13,12,28,0
5586,1.363770,3262,13,13,29,0
5587,1.364014,3262,13,13,29,0
5588,1.364258,3262,13,13,29,0
5589,1.364502,3262,18,13,34,0
5590,1.364746,3263,14,11,28,0
5591,1.364990,3263,12,11,26,0
5592,1.365234,3263,12,13,28,0
5593,1.365479,3263,12,13,28,0
5594,1.365723,3263,12,13,28,0
5595,1.365967,3263,18,13,34,0
5596,1.366211,3264,12,12,31,0
5597,1.366455,3264,12,12,31,0
5598,1.366699,3264,12,12,31,0
5599,1.366943,3264,12,13,28,0
5600,1.367188,3264,12,13,28,0
5601,1.367432,3264,12,13,28,0
5602,1.367676,3264,17,13,33,0
5603,1.367920,3265,11,11,25,0
5604,1.368164,3265,11,11,25,0
5605,1.368408,3265,11,11,25,0
5606,1.368652,3265,11,13,27,0
5607,1.368896,3265,14,13,30,0
5608,1.369141,3265,16,13,32,0
5609,1.369385,3266,13,12,28,0
5610,1.369629,3266,13,12,28,0
5611,1.369873,3266,12,12,31,0
5612,1.370117,3266,12,13,28,0
5613,1.370361,3266,12,13,28,0
5614,1.370605,3266,16,13,32,0
5615,1.370850,3266,18,13,34,0
5616,1.371094,3267,13,11,27,0
5617,1.371338,3267,13,11,27,0
5618,1.371582,3267,13,13,29,0
5619,1.371826,3267,13,13,29,0
5620,1.372070,3267,13,13,29,0
5621,1.372314,3267,18,13,34,0
5622,1.372559,3268,14,12,29,0
5623,1.372803,3268,12,12,27,0
5624,1.373047,3268,12,12,27,0
5625,1.373291,3268,12,13,28,0
5626,1.373535,3268,16,13,32,0
5627,1.373779,3269,12,11,26,0
5628,1.374023,3269,12,11,26,0
5629,1.374268,3269,12,11,26,0
5630,1.374512,3269,12,13,28,0
5631,1.374756,3269,14,13,30,0
5632,1.375000,3269,16,13,32,0
5633,1.375244,3270,13,12,28,0
5634,1.375488,3270,13,12,28,0
5635,1.375732,3270,11,12,26,0
5636,1.375977,3270,11,13,27,0
5637,1.376221,3270,11,13,27,0
5638,1.376465,3270,11,13,27,0
5639,1.376709,3270,18,13,34,0
5640,1.376953,3271,13,11,27,0
5641,1.377197,3271,13,11,27,0
5642,1.377441,3271,13,11,27,0
5643,1.377686,3271,13,13,29,0
5644,1.377930,3271,13,13,29,0
5645,1.378174,3271,18,13,34,0
5646,1.378418,3272,14,12,29,0
5647,1.378662,3272,11,12,30,0
5648,1.378906,3272,11,12,30,0
5649,1.379150,3272,11,13,27,0
5650,1.379395,3272,11,13,27,0
5651,1.379639,3272,15,13,31,0
5652,1.379883,3273,12,11,26,0
5653,1.380127,3273,12,11,26,0
5654,1.380371,3273,12,11,26,0
5655,1.380615,3273,12,13,28,0
5656,1.380859,3273,12,13,28,0
5657,1.381104,3273,17,13,33,0
5658,1.381348,3274,14,12,29,0
5659,1.381592,3274,12,12,31,0
5660,1.381836,3274,12,12,31,0
5661,1.382080,3274,12,13,28,0
5662,1.382324,3274,12,13,28,0
5663,1.382568,3274,14,13,30,0
5664,1.382812,3274,18,13,34,0
5665,1.383057,3275,13,11,27,0
5666,1.383301,3275,13,11,27,0
5667,1.383545,3275,13,11,27,0
5668,1.383789,3275,13,13,29,0
5669,1.384033,3275,13,13,29,0
5670,1.384277,3276,15,12,30,0
5671,1.384521,3276,12,12,27,0
5672,1.384766,3276,12,12,27,0
5673,1.385010,3276,12,12,27,0
5674,1.385254,3276,12,13,28,0
5675,1.385498,3276,14,13,30,0
5676,1.385742,3276,16,13,32,0
5677,1.385986,3277,12,11,26,0
5678,1.386230,3277,12,11,26,0
5679,1.386475,3277,12,11,26,0
5680,1.386719,3277,12,13,28,0
5681,1.386963,3277,12,13,28,0
5682,1.387207,3277,17,13,33,0
5683,1.387451,3278,11,12,26,0
5684,1.387695,3278,11,12,26,0
5685,1.387939,3278,11,12,26,0
5686,1.388184,3278,11,13,27,0
5687,1.388428,3278,14,13,30,0
5688,1.388672,3278,16,13,32,0
5689,1.388916,3279,13,11,27,0
5690,1.389160,3279,13,11,27,0
5691,1.389404,3279,13,11,27,0
5692,1.389648,3279,13,11,27,0
5693,1.389893,3279,13,13,29,0
5694,1.390137,3279,16,13,32,0
5695,1.390381,3280,11,12,30,0
5696,1.390625,3280,11,12,30,0
5697,1.390869,3280,11,12,30,0
5698,1.391113,3280,11,12,30,0
5699,1.391357,3280,13,13,29,0
5700,1.391602,3280,13,13,29,0
5701,1.391846,3280,17,13,33,0
5702,1.392090,3281,14,11,28,0
5703,1.392334,3281,12,11,26,0
5704,1.392578,3281,12,11,26,0
5705,1.392822,3281,12,13,28,0
5706,1.393066,3281,12,13,28,0
5707,1.393311,3281,18,13,34,0
5708,1.393555,3282,12,12,31,0
5709,1.393799,3282,12,12,31,0
5710,1.394043,3282,12,12,31,0
5711,1.394287,3282,12,13,28,0
5712,1.394531,3282,12,13,28,0
5713,1.394775,3282,12,13,28,0
5714,1.395020,3282,18,13,34,0
5715,1.395264,3283,11,11,25,0
5716,1.395508,3283,11,11,25,0
5717,1.395752,3283,11,11,25,0
5718,1.395996,3283,11,13,27,0
5719,1.396240,3283,14,13,30,0
5720,1.396484,3283,17,13,33,0
5721,1.396729,3284,13,12,28,0
5722,1.396973,3284,13,12,28,0
5723,1.397217,3284,13,12,32,0
5724,1.397461,3284,13,13,29,0
5725,1.397705,3284,13,13,29,0
5726,1.397949,3284,16,13,32,0
5727,1.398193,3285,11,11,25,0
5728,1.398438,3285,11,11,25,0
5729,1.398682,3285,11,11,25,0
5730,1.398926,3285,11,13,27,0
5731,1.399170,3285,14,13,30,0
5732,1.399414,3285,16,13,32,0
5733,1.399658,3286,12,12,27,0
5734,1.399902,3286,12,12,27,0
5735,1.400146,3286,12,12,27,0
5736,1.400391,3286,12,12,27,0
5737,1.400635,3286,12,13,28,0
5738,1.400879,3286,12,13,28,0
5739,1.401123,3287,12,11,26,0
5740,1.401367,3287,12,11,26,0
5741,1.401611,3287,12,11,26,0
5742,1.401855,3287,12,11,26,0
5743,1.402100,3287,12,13,28,0
5744,1.402344,3287,12,13,28,0
5745,1.402588,3287,17,13,33,0
5746,1.402832,3288,14,12,29,0
5747,1.403076,3288,11,12,26,0
5748,1.403320,3288,11,12,26,0
5749,1.403564,3288,11,13,27,0
5750,1.403809,3288,11,13,27,0
5751,1.404053,3288,14,13,30,0
5752,1.404297,3288,17,13,33,0
5753,1.404541,3289,13,11,27,0
5754,1.404785,3289,13,11,27,0
5755,1.405029,3289,13,13,29,0
5756,1.405273,3289,13,13,29,0
5757,1.405518,3289,15,13,31,0
5758,1.405762,3290,14,12,29,0
5759,1.406006,3290,11,12,30,0
5760,1.406250,3290,11,12,30,0
5761,1.406494,3290,11,12,30,0
5762,1.406738,3290,11,13,27,0
5763,1.406982,3290,14,13,30,0
5764,1.407227,3290,18,13,34,0
5765,1.407471,3291,12,11,26,0
5766,1.407715,3291,12,11,26,0
5767,1.407959,3291,12,11,26,0
5768,1.408203,3291,12,13,28,0
5769,1.408447,3291,12,13,28,0
5770,1.408691,3291,16,13,32,0
5771,1.408936,3292,12,12,31,0
5772,1.409180,3292,12,12,31,0
5773,1.409424,3292,12,12,31,0
5774,1.409668,3292,12,13,28,0
5775,1.409912,3292,14,13,30,0
5776,1.410156,3292,16,13,32,0
5777,1.410400,3293,13,11,27,0
5778,1.410645,3293,13,11,27,0
5779,1.410889,3293,11,11,25,0
5780,1.411133,3293,11,11,25,0
5781,1.411377,3293,11,13,27,0
5782,1.411621,3293,11,13,27,0
5783,1.411865,3293,18,13,34,0
5784,1.412109,3294,13,12,28,0
5785,1.412354,3294,13,12,28,0
5786,1.412598,3294,13,12,28,0
5787,1.412842,3294,13,13,29,0
5788,1.413086,3294,13,13,29,0
5789,1.413330,3294,17,13,33,0
5790,1.413574,3295,14,11,28,0
5791,1.413818,3295,11,11,25,0
5792,1.414062,3295,11,11,25,0
5793,1.414307,3295,11,13,27,0
5794,1.414551,3295,11,13,27,0
5795,1.414795,3295,15,13,31,0
5796,1.415039,3296,12,12,27,0
5797,1.415283,3296,12,12,27,0
5798,1.415527,3296,12,12,27,0
5799,1.415771,3296,12,12,27,0
5800,1.416016,3296,12,13,28,0
5801,1.416260,3296,12,13,28,0
5802,1.416504,3296,12,13,28,0
5803,1.416748,3297,12,11,26,0
5804,1.416992,3297,12,11,26,0
5805,1.417236,3297,12,11,26,0
5806,1.417480,3297,12,11,26,0
5807,1.417725,3297,12,13,28,0
5808,1.417969,3297,12,13,28,0
5809,1.418213,3297,17,13,33,0
5810,1.418457,3298,14,12,29,0
5811,1.418701,3298,11,12,26,0
5812,1.418945,3298,11,12,26,0
5813,1.419189,3298,11,13,27,0
5814,1.419434,3298,11,13,27,0
5815,1.419678,3298,15,13,31,0
5816,1.419922,3299,13,11,27,0
5817,1.420166,3299,13,11,27,0
5818,1.420410,3299,13,11,27,0
5819,1.420654,3299,13,13,29,0
5820,1.420898,3299,13,13,29,0
5821,1.421143,3299,15,13,31,0
5822,1.421387,3300,14,12,29,0
5823,1.421631,3300,11,12,30,0
5824,1.421875,3300,11,12,30,0
5825,1.422119,3300,11,13,27,0
5826,1.422363,3300,11,13,27,0
5827,1.422607,3300,15,13,31,0
5828,1.422852,3301,12,11,26,0
5829,1.423096,3301,12,11,26,0
5830,1.423340,3301,12,11,26,0
5831,1.423584,3301,12,11,26,0
5832,1.423828,3301,12,13,28,0
5833,1.424072,3301,12,13,28,0
5834,1.424316,3301,16,13,32,0
5835,1.424561,3302,12,12,31,0
5836,1.424805,3302,12,12,31,0
5837,1.425049,3302,12,12,31,0
5838,1.425293,3302,12,13,28,0
5839,1.425537,3302,14,13,30,0
5840,1.425781,3302,16,13,32,0
5841,1.426025,3303,13,11,27,0
5842,1.426270,3303,13,11,27,0
5843,1.426514,3303,13,11,27,0
5844,1.426758,3303,13,13,29,0
5845,1.427002,3303,13,13,29,0
5846,1.427246,3303,16,13,32,0
5847,1.427490,3304,12,12,27,0
5848,1.427734,3304,12,12,27,0
5849,1.427979,3304,12,12,27,0
5850,1.428223,3304,12,12,27,0
5851,1.428467,3304,13,13,29,0
5852,1.428711,3304,13,13,29,0
5853,1.428955,3304,17,13,33,0
5854,1.429199,3305,14,11,28,0
5855,1.429443,3305,11,11,25,0
5856,1.429688,3305,11,11,25,0
5857,1.429932,3305,11,11,25,0
5858,1.430176,3305,11,13,27,0
5859,1.430420,3305,15,13,31,0
5860,1.430664,3306,12,12,27,0
5861,1.430908,3306,12,12,27,0
5862,1.431152,3306,12,12,27,0
5863,1.431396,3306,12,12,27,0
5864,1.431641,3306,12,13,28,0
5865,1.431885,3306,12,13,28,0
5866,1.432129,3306,16,13,32,0
5867,1.432373,3307,12,11,26,0
5868,1.432617,3307,12,11,26,0
5869,1.432861,3307,12,11,26,0
5870,1.433105,3307,12,13,28,0
5871,1.433350,3307,14,13,30,0
5872,1.433594,3307,16,13,32,0
5873,1.433838,3308,13,12,28,0
5874,1.434082,3308,13,12,28,0
5875,1.434326,3308,11,12,26,0
5876,1.434570,3308,11,13,27,0
5877,1.434814,3308,11,13,27,0
5878,1.435059,3308,11,13,27,0
5879,1.435303,3308,17,13,33,0
5880,1.435547,3309,13,11,27,0
5881,1.435791,3309,13,11,27,0
5882,1.436035,3309,13,11,27,0
5883,1.436279,3309,13,13,29,0
5884,1.436523,3309,13,13,29,0
5885,1.436768,3309,18,13,34,0
5886,1.437012,3310,14,12,29,0
5887,1.437256,3310,11,12,30,0
5888,1.437500,3310,11,12,30,0
5889,1.437744,3310,11,13,27,0
5890,1.437988,3310,11,13,27,0
5891,1.438232,3310,17,13,33,0
5892,1.438477,3311,12,11,26,0
5893,1.438721,3311,12,11,26,0
5894,1.438965,3311,12,11,26,0
5895,1.439209,3311,12,13,28,0
5896,1.439453,3311,12,13,28,0
5897,1.439697,3311,12,13,28,0
5898,1.439941,3311,18,13,34,0
5899,1.440186,3312,12,12,31,0
5900,1.440430,3312,12,12,31,0
5901,1.440674,3312,12,12,31,0
5902,1.440918,3312,12,13,28,0
5903,1.441162,3312,12,13,28,0
5904,1.441406,3312,12,13,28,0
5905,1.441650,3312,17,13,33,0
5906,1.441895,3313,14,11,28,0
5907,1.442139,3313,11,11,25,0
5908,1.442383,3313,11,11,25,0
5909,1.442627,3313,11,13,27,0
5910,1.442871,3313,11,13,27,0
5911,1.443115,3313,17,13,33,0
5912,1.443359,3314,13,12,28,0
5913,1.443604,3314,13,12,28,0
5914,1.443848,3314,13,12,28,0
5915,1.444092,3314,13,13,29,0
5916,1.444336,3314,13,13,29,0
5917,1.444580,3314,13,13,29,0
5918,1.444824,3314,18,13,34,0
5919,1.445068,3315,11,11,25,0
5920,1.445312,3315,11,11,25,0
5921,1.445557,3315,11,11,25,0
5922,1.445801,3315,11,13,27,0
5923,1.446045,3315,14,13,30,0
5924,1.446289,3315,18,13,34,0
5925,1.446533,3316,12,12,27,0
5926,1.446777,3316,12,12,27,0
5927,1.447021,3316,12,12,27,0
5928,1.447266,3316,12,13,28,0
5929,1.447510,3316,12,13,28,0
5930,1.447754,3316,12,13,28,0
5931,1.447998,3316,18,13,34,0
5932,1.448242,3317,12,11,26,0
5933,1.448486,3317,12,11,26,0
5934,1.448730,3317,12,11,26,0
5935,1.448975,3317,12,13,28,0
5936,1.449219,3317,12,13,28,0
5937,1.449463,3317,17,13,33,0
5938,1.449707,3318,14,12,29,0
5939,1.449951,3318,11,12,26,0
5940,1.450195,3318,11,12,26,0
5941,1.450439,3318,11,13,27,0
5942,1.450684,3318,11,13,27,0
5943,1.450928,3318,14,13,30,0
5944,1.451172,3318,18,13,34,0
5945,1.451416,3319,13,11,27,0
5946,1.451660,3319,13,11,27,0
5947,1.451904,3319,13,13,29,0
5948,1.452148,3319,13,13,29,0
5949,1.452393,3319,15,13,31,0
5950,1.452637,3320,14,12,29,0
5951,1.452881,3320,11,12,30,0
5952,1.453125,3320,11,12,30,0
5953,1.453369,3320,11,12,30,0
5954,1.453613,3320,11,13,27,0
5955,1.453857,3320,13,13,29,0
5956,1.454102,3320,13,13,29,0
5957,1.454346,3320,18,13,34,0
5958,1.454590,3321,14,11,28,0
5959,1.454834,3321,12,11,26,0
5960,1.455078,3321,12,11,26,0
5961,1.455322,3321,12,13,28,0
5962,1.455566,3321,12,13,28,0
5963,1.455811,3322,16,12,31,0
5964,1.456055,3322,12,12,31,0
5965,1.456299,3322,12,12,31,0
5966,1.456543,3322,12,12,31,0
5967,1.456787,3322,12,13,28,0
5968,1.457031,3322,12,13,28,0
5969,1.457275,3322,15,13,31,0
5970,1.457520,3323,14,11,28,0
5971,1.457764,3323,11,11,25,0
5972,1.458008,3323,11,11,25,0
5973,1.458252,3323,11,13,27,0
5974,1.458496,3323,11,13,27,0
5975,1.458740,3323,14,13,30,0
5976,1.458984,3323,18,13,34,0
5977,1.459229,3324,13,12,28,0
5978,1.459473,3324,13,12,28,0
5979,1.459717,3324,12,12,31,0
5980,1.459961,3324,12,13,28,0
5981,1.460205,3324,12,13,28,0
5982,1.460449,3324,12,13,28,0
5983,1.460693,3325,16,11,30,0
5984,1.460938,3325,13,11,27,0
5985,1.461182,3325,13,11,27,0
5986,1.461426,3325,13,11,27,0
5987,1.461670,3325,13,13,29,0
5988,1.461914,3325,13,13,29,0
5989,1.462158,3325,18,13,34,0
5990,1.462402,3326,14,12,29,0
5991,1.462646,3326,12,12,27,0
5992,1.462891,3326,12,12,27,0
5993,1.463135,3326,12,13,28,0
5994,1.463379,3326,12,13,28,0
5995,1.463623,3326,15,13,31,0
5996,1.463867,3327,12,11,26,0
5997,1.464111,3327,12,11,26,0
5998,1.464355,3327,12,11,26,0
5999,1.464600,3327,12,13,28,0
6000,1.464844,3327,12,13,28,0
6001,1.465088,3327,15,13,31,0
6002,1.465332,3327,17,13,33,0
6003,1.465576,3328,11,12,26,0
6004,1.465820,3328,11,12,26,0
6005,1.466064,3328,11,12,26,0
6006,1.466309,3328,11,12,26,0
6007,1.466553,3328,11,13,27,0
6008,1.466797,3328,11,13,27,0
6009,1.467041,3328,11,13,27,0
6010,1.467285,3328,11,13,27,0
6011,1.467529,3329,12,11,26,0
6012,1.467773,3329,12,11,26,0
6013,1.468018,3329,12,11,26,0
6014,1.468262,3329,12,13,28,0
6015,1.468506,3329,14,13,30,0
6016,1.468750,3329,16,13,32,0
6017,1.468994,3330,13,12,28,0
6018,1.469238,3330,13,12,28,0
6019,1.469482,3330,11,12,26,0
6020,1.469727,3330,11,12,26,0
6021,1.469971,3330,11,13,27,0
6022,1.470215,3330,11,13,27,0
6023,1.470459,3330,14,13,30,0
6024,1.470703,3330,18,13,34,0
6025,1.470947,3331,13,11,27,0
6026,1.471191,3331,13,11,27,0
6027,1.471436,3331,13,13,29,0
6028,1.471680,3331,13,13,29,0
6029,1.471924,3331,17,13,33,0
6030,1.472168,3332,14,12,29,0
6031,1.472412,3332,11,12,30,0
6032,1.472656,3332,11,12,30,0
6033,1.472900,3332,11,13,27,0
6034,1.473145,3332,11,13,27,0
6035,1.473389,3332,14,13,30,0
6036,1.473633,3332,17,13,33,0
6037,1.473877,3333,12,11,26,0
6038,1.474121,3333,12,11,26,0
6039,1.474365,3333,12,11,26,0
6040,1.474609,3333,12,13,28,0
6041,1.474854,3333,12,13,28,0
6042,1.475098,3333,16,13,32,0
6043,1.475342,3334,12,12,31,0
6044,1.475586,3334,12,12,31,0
6045,1.475830,3334,12,12,31,0
6046,1.476074,3334,12,12,31,0
6047,1.476318,3334,12,13,28,0
6048,1.476562,3334,12,13,28,0
6049,1.476807,3334,17,13,33,0
6050,1.477051,3335,14,11,28,0
6051,1.477295,3335,11,11,25,0
6052,1.477539,3335,11,11,25,0
6053,1.477783,3335,11,13,27,0
6054,1.478027,3335,11,13,27,0
6055,1.478271,3335,15,13,31,0
6056,1.478516,3336,13,12,28,0
6057,1.478760,3336,13,12,28,0
6058,1.479004,3336,13,12,28,0
6059,1.479248,3336,13,12,32,0
6060,1.479492,3336,13,13,29,0
6061,1.479736,3336,13,13,29,0
6062,1.479980,3336,16,13,32,0
6063,1.480225,3337,11,11,25,0
6064,1.480469,3337,11,11,25,0
6065,1.480713,3337,11,11,25,0
6066,1.480957,3337,11,11,25,0
6067,1.481201,3337,13,13,29,0
6068,1.481445,3337,13,13,29,0
6069,1.481689,3337,17,13,33,0
6070,1.481934,3338,14,12,29,0
6071,1.482178,3338,12,12,27,0
6072,1.482422,3338,12,12,27,0
6073,1.482666,3338,12,13,28,0
6074,1.482910,3338,12,13,28,0
6075,1.483154,3338,17,13,33,0
6076,1.483398,3339,12,11,26,0
6077,1.483643,3339,12,11,26,0
6078,1.483887,3339,12,11,26,0
6079,1.484131,3339,12,13,28,0
6080,1.484375,3339,14,13,30,0
6081,1.484619,3339,16,13,32,0
6082,1.484863,3340,13,12,28,0
6083,1.485107,3340,13,12,28,0
6084,1.485352,3340,11,12,26,0
6085,1.485596,3340,11,13,27,0
6086,1.485840,3340,11,13,27,0
6087,1.486084,3340,11,13,27,0
6088,1.486328,3340,18,13,34,0
6089,1.486572,3341,13,11,27,0
6090,1.486816,3341,13,11,27,0
6091,1.487061,3341,13,11,27,0
6092,1.487305,3341,13,13,29,0
6093,1.487549,3341,13,13,29,0
6094,1.487793,3341,13,13,29,0
6095,1.488037,3341,16,13,32,0
6096,1.488281,3342,11,12,30,0
6097,1.488525,3342,11,12,30,0
6098,1.488770,3342,11,12,30,0
6099,1.489014,3342,11,13,27,0
6100,1.489258,3342,14,13,30,0
6101,1.489502,3342,16,13,32,0
6102,1.489746,3343,12,11,26,0
6103,1.489990,3343,12,11,26,0
6104,1.490234,3343,12,11,26,0
6105,1.490479,3343,12,13,28,0
6106,1.490723,3343,12,13,28,0
6107,1.490967,3343,12,13,28,0
6108,1.491211,3343,17,13,33,0
6109,1.491455,3344,12,12,27,0
6110,1.491699,3344,12,12,27,0
6111,1.491943,3344,12,12,27,0
6112,1.492188,3344,12,13,28,0
6113,1.492432,3344,12,13,28,0
6114,1.492676,3344,12,13,28,0
6115,1.492920,3344,16,13,32,0
6116,1.493164,3345,11,11,25,0
6117,1.493408,3345,11,11,25,0
6118,1.493652,3345,11,11,25,0
6119,1.493896,3345,11,11,25,0
6120,1.494141,3345,14,13,30,0
6121,1.494385,3345,16,13,32,0
6122,1.494629,3346,13,12,28,0
6123,1.494873,3346,13,12,28,0
6124,1.495117,3346,12,12,31,0
6125,1.495361,3346,12,12,31,0
6126,1.495605,3346,12,13,28,0
6127,1.495850,3346,12,13,28,0
6128,1.496094,3346,15,13,31,0
6129,1.496338,3347,13,11,27,0
6130,1.496582,3347,13,11,27,0
6131,1.496826,3347,13,11,27,0
6132,1.497070,3347,13,11,27,0
6133,1.497314,3347,13,13,29,0
6134,1.497559,3347,13,13,29,0
6135,1.497803,3347,16,13,32,0
6136,1.498047,3348,12,12,27,0
6137,1.498291,3348,12,12,27,0
6138,1.498535,3348,12,12,27,0
6139,1.498779,3348,12,13,28,0
6140,1.499023,3348,13,13,29,0
6141,1.499268,3348,13,13,29,0
6142,1.499512,3348,17,13,33,0
6143,1.499756,3349,14,11,28,0
6144,1.500000,3349,11,11,25,0
6145,1.500244,3349,11,11,25,0
6146,1.500488,3349,11,13,27,0
6147,1.500732,3349,11,13,27,0
6148,1.500977,3349,17,13,33,0
6149,1.501221,3350,12,12,31,0
6150,1.501465,3350,12,12,31,0
6151,1.501709,3350,12,12,31,0
6152,1.501953,3350,12,13,28,0
6153,1.502197,3350,12,13,28,0
6154,1.502441,3350,12,13,28,0
6155,1.502686,3350,17,13,33,0
6156,1.502930,3351,12,11,26,0
6157,1.503174,3351,12,11,26,0
6158,1.503418,3351,12,11,26,0
6159,1.503662,3351,12,11,26,0
6160,1.503906,3351,14,13,30,0
6161,1.504150,3351,16,13,32,0
6162,1.504395,3352,13,12,28,0
6163,1.504639,3352,13,12,28,0
6164,1.504883,3352,11,12,26,0
6165,1.505127,3352,11,12,26,0
6166,1.505371,3352,11,13,27,0
6167,1.505615,3352,11,13,27,0
6168,1.505859,3352,15,13,31,0
6169,1.506104,3353,13,11,27,0
6170,1.506348,3353,13,11,27,0
6171,1.506592,3353,13,11,27,0
6172,1.506836,3353,13,11,27,0
6173,1.507080,3353,13,13,29,0
6174,1.507324,3353,13,13,29,0
6175,1.507568,3353,16,13,32,0
6176,1.507812,3354,11,12,30,0
6177,1.508057,3354,11,12,30,0
6178,1.508301,3354,11,12,30,0
6179,1.508545,3354,11,12,30,0
6180,1.508789,3354,13,13,29,0
6181,1.509033,3354,13,13,29,0
6182,1.509277,3354,17,13,33,0
6183,1.509521,3355,14,11,28,0
6184,1.509766,3355,12,11,26,0
6185,1.510010,3355,12,11,26,0
6186,1.510254,3355,12,13,28,0
6187,1.510498,3355,12,13,28,0
6188,1.510742,3355,14,13,30,0
6189,1.510986,3355,17,13,33,0
6190,1.511230,3356,12,12,27,0
6191,1.511475,3356,12,12,27,0
6192,1.511719,3356,12,13,28,0
6193,1.511963,3356,12,13,28,0
6194,1.512207,3356,12,13,28,0
6195,1.512451,3356,16,13,32,0
6196,1.512695,3357,11,11,25,0
6197,1.512939,3357,11,11,25,0
6198,1.513184,3357,11,11,25,0
6199,1.513428,3357,11,11,25,0
6200,1.513672,3357,11,13,27,0
6201,1.513916,3357,11,13,27,0
6202,1.514160,3357,15,13,31,0
6203,1.514404,3358,14,12,29,0
6204,1.514648,3358,12,12,31,0
6205,1.514893,3358,12,12,31,0
6206,1.515137,3358,12,13,28,0
6207,1.515381,3358,12,13,28,0
6208,1.515625,3358,14,13,30,0
6209,1.515869,3358,18,13,34,0
6210,1.516113,3359,13,11,27,0
6211,1.516357,3359,13,11,27,0
6212,1.516602,3359,11,11,25,0
6213,1.516846,3359,11,13,27,0
6214,1.517090,3359,11,13,27,0
6215,1.517334,3359,11,13,27,0
6216,1.517578,3359,18,13,34,0
6217,1.517822,3360,13,12,28,0
6218,1.518066,3360,13,12,28,0
6219,1.518311,3360,13,12,28,0
6220,1.518555,3360,13,13,29,0
6221,1.518799,3360,13,13,29,0
6222,1.519043,3360,13,13,29,0
6223,1.519287,3360,17,13,33,0
6224,1.519531,3361,11,11,25,0
6225,1.519775,3361,11,11,25,0
6226,1.520020,3361,11,11,25,0
6227,1.520264,3361,11,13,27,0
6228,1.520508,3361,14,13,30,0
6229,1.520752,3361,16,13,32,0
6230,1.520996,3362,12,12,27,0
6231,1.521240,3362,12,12,27,0
6232,1.521484,3362,12,12,27,0
6233,1.521729,3362,12,12,27,0
6234,1.521973,3362,12,13,28,0
6235,1.522217,3362,12,13,28,0
6236,1.522461,3362,17,13,33,0
6237,1.522705,3363,12,11,26,0
6238,1.522949,3363,12,11,26,0
6239,1.523193,3363,12,11,26,0
6240,1.523438,3363,12,13,28,0
6241,1.523682,3363,12,13,28,0
6242,1.523926,3363,12,13,28,0
6243,1.524170,3363,17,13,33,0
6244,1.524414,3364,11,12,26,0
6245,1.524658,3364,11,12,26,0
6246,1.524902,3364,11,12,26,0
6247,1.525146,3364,11,12,26,0
6248,1.525391,3364,11,13,27,0
6249,1.525635,3364,11,13,27,0
6250,1.525879,3364,17,13,33,0
6251,1.526123,3365,14,11,28,0
6252,1.526367,3365,12,11,26,0
6253,1.526611,3365,12,11,26,0
6254,1.526855,3365,12,13,28,0
6255,1.527100,3365,12,13,28,0
6256,1.527344,3365,14,13,30,0
6257,1.527588,3365,18,13,34,0
6258,1.527832,3366,13,12,28,0
6259,1.528076,3366,13,12,28,0
6260,1.528320,3366,13,12,32,0
6261,1.528564,3366,13,13,29,0
6262,1.528809,3366,13,13,29,0
6263,1.529053,3366,16,13,32,0
6264,1.529297,3367,12,11,26,0
6265,1.529541,3367,12,11,26,0
6266,1.529785,3367,12,11,26,0
6267,1.530029,3367,12,11,26,0
6268,1.530273,3367,13,13,29,0
6269,1.530518,3367,13,13,29,0
6270,1.530762,3367,17,13,33,0
6271,1.531006,3368,14,12,29,0
6272,1.531250,3368,11,12,30,0
6273,1.531494,3368,11,12,30,0
6274,1.531738,3368,11,13,27,0
6275,1.531982,3368,11,13,27,0
6276,1.532227,3368,14,13,30,0
6277,1.532471,3368,16,13,32,0
6278,1.532715,3369,12,11,26,0
6279,1.532959,3369,12,11,26,0
6280,1.533203,3369,12,11,26,0
6281,1.533447,3369,12,11,26,0
6282,1.533691,3369,12,13,28,0
6283,1.533936,3369,12,13,28,0
6284,1.534180,3370,16,12,31,0
6285,1.534424,3370,12,12,31,0
6286,1.534668,3370,12,12,31,0
6287,1.534912,3370,12,12,31,0
6288,1.535156,3370,12,13,28,0
6289,1.535400,3370,12,13,28,0
6290,1.535645,3370,15,13,31,0
6291,1.535889,3371,14,11,28,0
6292,1.536133,3371,11,11,25,0
6293,1.536377,3371,11,11,25,0
6294,1.536621,3371,11,11,25,0
6295,1.536865,3371,11,13,27,0
6296,1.537109,3371,14,13,30,0
6297,1.537354,3371,16,13,32,0
6298,1.537598,3372,13,12,28,0
6299,1.537842,3372,13,12,28,0
6300,1.538086,3372,12,12,31,0
6301,1.538330,3372,12,12,31,0
6302,1.538574,3372,12,13,28,0
6303,1.538818,3372,12,13,28,0
6304,1.539062,3372,15,13,31,0
6305,1.539307,3373,13,11,27,0
6306,1.539551,3373,13,11,27,0
6307,1.539795,3373,13,11,27,0
6308,1.540039,3373,13,11,27,0
6309,1.540283,3373,13,13,29,0
6310,1.540527,3373,13,13,29,0
6311,1.540771,3373,16,13,32,0
6312,1.541016,3374,12,12,27,0
6313,1.541260,3374,12,12,27,0
6314,1.541504,3374,12,12,27,0
6315,1.541748,3374,12,12,27,0
6316,1.541992,3374,13,13,29,0
6317,1.542236,3374,13,13,29,0
6318,1.542480,3374,17,13,33,0
6319,1.542725,3375,14,11,28,0
6320,1.542969,3375,11,11,25,0
6321,1.543213,3375,11,11,25,0
6322,1.543457,3375,11,13,27,0
6323,1.543701,3375,11,13,27,0
6324,1.543945,3375,14,13,30,0
6325,1.544189,3375,17,13,33,0
6326,1.544434,3376,12,12,27,0
6327,1.544678,3376,12,12,27,0
6328,1.544922,3376,12,12,27,0
6329,1.545166,3376,12,12,27,0
6330,1.545410,3376,12,13,28,0
6331,1.545654,3376,12,13,28,0
6332,1.545898,3376,18,13,34,0
6333,1.546143,3377,12,11,26,0
6334,1.546387,3377,12,11,26,0
6335,1.546631,3377,12,11,26,0
6336,1.546875,3377,12,13,28,0
6337,1.547119,3377,12,13,28,0
6338,1.547363,3377,12,13,28,0
6339,1.547607,3377,18,13,34,0
6340,1.547852,3378,11,12,26,0
6341,1.548096,3378,11,12,26,0
6342,1.548340,3378,11,12,26,0
6343,1.548584,3378,11,13,27,0
6344,1.548828,3378,14,13,30,0
6345,1.549072,3378,16,13,32,0
6346,1.549316,3379,13,11,27,0
6347,1.549561,3379,13,11,27,0
6348,1.549805,3379,12,11,26,0
6349,1.550049,3379,12,11,26,0
6350,1.550293,3379,12,13,28,0
6351,1.550537,3379,12,13,28,0
6352,1.550781,3379,15,13,31,0
6353,1.551025,3380,13,12,28,0
6354,1.551270,3380,13,12,28,0
6355,1.551514,3380,13,12,28,0
6356,1.551758,3380,11,12,26,0
6357,1.552002,3380,11,13,27,0
6358,1.552246,3380,11,13,27,0
6359,1.552490,3380,11,13,27,0
6360,1.552734,3380,18,13,34,0
6361,1.552979,3381,13,11,27,0
6362,1.553223,3381,13,11,27,0
6363,1.553467,3381,13,11,27,0
6364,1.553711,3381,13,13,29,0
6365,1.553955,3381,13,13,29,0
6366,1.554199,3381,15,13,31,0
6367,1.554443,3382,14,12,29,0
6368,1.554688,3382,11,12,30,0
6369,1.554932,3382,11,12,30,0
6370,1.555176,3382,11,13,27,0
6371,1.555420,3382,11,13,27,0
6372,1.555664,3382,14,13,30,0
6373,1.555908,3382,16,13,32,0
6374,1.556152,3383,12,11,26,0
6375,1.556396,3383,12,11,26,0
6376,1.556641,3383,12,11,26,0
6377,1.556885,3383,12,13,28,0
6378,1.557129,3383,12,13,28,0
6379,1.557373,3383,12,13,28,0
6380,1.557617,3384,16,12,31,0
6381,1.557861,3384,12,12,27,0
6382,1.558105,3384,12,12,27,0
6383,1.558350,3384,12,12,27,0
6384,1.558594,3384,12,13,28,0
6385,1.558838,3384,12,13,28,0
6386,1.559082,3384,12,13,28,0
6387,1.559326,3384,16,13,32,0
6388,1.559570,3385,11,11,25,0
6389,1.559814,3385,11,11,25,0
6390,1.560059,3385,11,11,25,0
6391,1.560303,3385,11,11,25,0
6392,1.560547,3385,11,13,27,0
6393,1.560791,3385,11,13,27,0
6394,1.561035,3385,15,13,31,0
6395,1.561279,3386,14,12,29,0
6396,1.561523,3386,12,12,31,0
6397,1.561768,3386,12,12,31,0
6398,1.562012,3386,12,12,31,0
6399,1.562256,3386,12,13,28,0
6400,1.562500,3386,12,13,28,0
6401,1.562744,3386,12,13,28,0
6402,1.562988,3386,18,13,34,0
6403,1.563232,3387,14,11,28,0
6404,1.563477,3387,11,11,25,0
6405,1.563721,3387,11,11,25,0
6406,1.563965,3387,11,13,27,0
6407,1.564209,3387,11,13,27,0
6408,1.564453,3387,17,13,33,0
6409,1.564697,3388,13,12,28,0
6410,1.564941,3388,13,12,28,0
6411,1.565186,3388,13,12,28,0
6412,1.565430,3388,13,13,29,0
6413,1.565674,3388,13,13,29,0
6414,1.565918,3388,13,13,29,0
6415,1.566162,3388,16,13,32,0
6416,1.566406,3389,11,11,25,0
6417,1.566650,3389,11,11,25,0
6418,1.566895,3389,11,11,25,0
6419,1.567139,3389,11,11,25,0
6420,1.567383,3389,13,13,29,0
6421,1.567627,3389,13,13,29,0
6422,1.567871,3389,17,13,33,0
6423,1.568115,3390,14,12,29,0
6424,1.568359,3390,12,12,27,0
6425,1.568604,3390,12,12,27,0
6426,1.568848,3390,12,13,28,0
6427,1.569092,3390,12,13,28,0
6428,1.569336,3390,14,13,30,0
6429,1.569580,3390,17,13,33,0
6430,1.569824,3391,11,11,25,0
6431,1.570068,3391,11,11,25,0
6432,1.570312,3391,11,11,25,0
6433,1.570557,3391,11,13,27,0
6434,1.570801,3391,11,13,27,0
6435,1.571045,3391,11,13,27,0
6436,1.571289,3392,12,12,27,0
6437,1.571533,3392,12,12,27,0
6438,1.571777,3392,12,12,27,0
6439,1.572021,3392,12,12,27,0
6440,1.572266,3392,12,12,27,0
6441,1.572510,3392,12,13,28,0
6442,1.572754,3392,12,13,28,0
6443,1.572998,3392,16,13,32,0
6444,1.573242,3393,12,11,26,0
6445,1.573486,3393,12,11,26,0
6446,1.573730,3393,12,11,26,0
6447,1.573975,3393,12,11,26,0
6448,1.574219,3393,12,13,28,0
6449,1.574463,3393,12,13,28,0
6450,1.574707,3393,12,13,28,0
6451,1.574951,3393,18,13,34,0
6452,1.575195,3394,11,12,26,0
6453,1.575439,3394,11,12,26,0
6454,1.575684,3394,11,12,26,0
6455,1.575928,3394,11,13,27,0
6456,1.576172,3394,11,13,27,0
6457,1.576416,3394,11,13,27,0
6458,1.576660,3394,17,13,33,0
6459,1.576904,3395,14,11,28,0
6460,1.577148,3395,12,11,26,0
6461,1.577393,3395,12,11,26,0
6462,1.577637,3395,12,13,28,0
6463,1.577881,3395,12,13,28,0
6464,1.578125,3395,15,13,31,0
6465,1.578369,3396,13,12,28,0
6466,1.578613,3396,13,12,28,0
6467,1.578857,3396,13,12,28,0
6468,1.579102,3396,11,12,26,0
6469,1.579346,3396,11,13,27,0
6470,1.579590,3396,11,13,27,0
6471,1.579834,3396,11,13,27,0
6472,1.580078,3396,18,13,34,0
6473,1.580322,3397,13,11,27,0
6474,1.580566,3397,13,11,27,0
6475,1.580811,3397,13,11,27,0
6476,1.581055,3397,13,13,29,0
6477,1.581299,3397,13,13,29,0
6478,1.581543,3397,13,13,29,0
6479,1.581787,3397,16,13,32,0
6480,1.582031,3398,11,12,30,0
6481,1.582275,3398,11,12,30,0
6482,1.582520,3398,11,12,30,0
6483,1.582764,3398,11,12,30,0
6484,1.583008,3398,13,13,29,0
6485,1.583252,3398,13,13,29,0
6486,1.583496,3399,16,11,30,0
6487,1.583740,3399,14,11,28,0
6488,1.583984,3399,12,11,26,0
6489,1.584229,3399,12,11,26,0
6490,1.584473,3399,12,13,28,0
6491,1.584717,3399,12,13,28,0
6492,1.584961,3399,15,13,31,0
6493,1.585205,3400,11,12,30,0
6494,1.585449,3400,11,12,30,0
6495,1.585693,3400,11,12,30,0
6496,1.585938,3400,11,12,30,0
6497,1.586182,3400,11,13,27,0
6498,1.586426,3400,11,13,27,0
6499,1.586670,3400,11,13,27,0
6500,1.586914,3400,15,13,31,0
6501,1.587158,3401,12,11,26,0
6502,1.587402,3401,12,11,26,0
6503,1.587646,3401,12,11,26,0
6504,1.587891,3401,12,13,28,0
6505,1.588135,3401,12,13,28,0
6506,1.588379,3401,12,13,28,0
6507,1.588623,3401,16,13,32,0
6508,1.588867,3402,12,12,31,0
6509,1.589111,3402,12,12,31,0
6510,1.589355,3402,12,12,31,0
6511,1.589600,3402,12,12,31,0
6512,1.589844,3402,12,13,28,0
6513,1.590088,3402,12,13,28,0
6514,1.590332,3402,15,13,31,0
6515,1.590576,3403,14,11,28,0
6516,1.590820,3403,11,11,25,0
6517,1.591064,3403,11,11,25,0
6518,1.591309,3403,11,11,25,0
6519,1.591553,3403,11,13,27,0
6520,1.591797,3403,14,13,30,0
6521,1.592041,3403,16,13,32,0
6522,1.592285,3404,13,12,28,0
6523,1.592529,3404,13,12,28,0
6524,1.592773,3404,12,12,31,0
6525,1.593018,3404,12,12,31,0
6526,1.593262,3404,12,13,28,0
6527,1.593506,3404,12,13,28,0
6528,1.593750,3404,14,13,30,0
6529,1.593994,3405,15,11,29,0
6530,1.594238,3405,13,11,27,0
6531,1.594482,3405,13,11,27,0
6532,1.594727,3405,13,11,27,0
6533,1.594971,3405,13,13,29,0
6534,1.595215,3405,13,13,29,0
6535,1.595459,3405,16,13,32,0
6536,1.595703,3406,12,12,27,0
6537,1.595947,3406,12,12,27,0
6538,1.596191,3406,12,12,27,0
6539,1.596436,3406,12,12,27,0
6540,1.596680,3406,13,13,29,0
6541,1.596924,3406,13,13,29,0
6542,1.597168,3406,13,13,29,0
6543,1.597412,3406,17,13,33,0
6544,1.597656,3407,11,11,25,0
6545,1.597900,3407,11,11,25,0
6546,1.598145,3407,11,11,25,0
6547,1.598389,3407,11,13,27,0
6548,1.598633,3407,14,13,30,0
6549,1.598877,3407,16,13,32,0
6550,1.599121,3408,12,12,27,0
6551,1.599365,3408,12,12,27,0
6552,1.599609,3408,12,12,27,0
6553,1.599854,3408,12,12,27,0
6554,1.600098,3408,12,13,28,0
6555,1.600342,3408,12,13,28,0
6556,1.600586,3408,14,13,30,0
6557,1.600830,3408,16,13,32,0
6558,1.601074,3409,11,11,25,0
6559,1.601318,3409,11,11,25,0
6560,1.601562,3409,11,11,25,0
6561,1.601807,3409,11,11,25,0
6562,1.602051,3409,11,13,27,0
6563,1.602295,3409,11,13,27,0
6564,1.602539,3409,15,13,31,0
6565,1.602783,3410,12,12,27,0
6566,1.603027,3410,12,12,27,0
6567,1.603271,3410,12,12,27,0
6568,1.603516,3410,12,12,27,0
6569,1.603760,3410,12,13,28,0
6570,1.604004,3410,12,13,28,0
6571,1.604248,3410,12,13,28,0
6572,1.604492,3410,17,13,33,0
6573,1.604736,3411,12,11,26,0
6574,1.604980,3411,12,11,26,0
6575,1.605225,3411,12,11,26,0
6576,1.605469,3411,12,13,28,0
6577,1.605713,3411,12,13,28,0
6578,1.605957,3411,12,13,28,0
6579,1.606201,3411,18,13,34,0
6580,1.606445,3412,11,12,26,0
6581,1.606689,3412,11,12,26,0
6582,1.606934,3412,11,12,26,0
6583,1.607178,3412,11,13,27,0
6584,1.607422,3412,11,13,27,0
6585,1.607666,3412,11,13,27,0
6586,1.607910,3412,15,13,31,0
6587,1.608154,3412,18,13,34,0
6588,1.608398,3413,14,11,28,0
6589,1.608643,3413,12,13,28,0
6590,1.608887,3413,12,13,28,0
6591,1.609131,3413,12,13,28,0
6592,1.609375,3413,12,13,28,0
6593,1.609619,3414,17,12,32,0
6594,1.609863,3414,13,12,28,0
6595,1.610107,3414,13,12,28,0
6596,1.610352,3414,13,12,28,0
6597,1.610596,3414,13,13,29,0
6598,1.610840,3414,13,13,29,0
6599,1.611084,3414,13,13,29,0
6600,1.611328,3414,13,13,29,0
6601,1.611572,3415,16,11,30,0
6602,1.611816,3415,11,11,25,0
6603,1.612061,3415,11,11,25,0
6604,1.612305,3415,11,11,25,0
6605,1.612549,3415,13,13,29,0
6606,1.612793,3415,13,13,29,0
6607,1.613037,3415,15,13,31,0
6608,1.613281,3416,14,12,29,0
6609,1.613525,3416,12,12,27,0
6610,1.613770,3416,12,12,27,0
6611,1.614014,3416,12,12,27,0
6612,1.614258,3416,12,13,28,0
6613,1.614502,3416,13,13,29,0
6614,1.614746,3416,13,13,29,0
6615,1.614990,3417,17,11,31,0
6616,1.615234,3417,14,11,28,0
6617,1.615479,3417,11,11,25,0
6618,1.615723,3417,11,11,25,0
6619,1.615967,3417,11,13,27,0
6620,1.616211,3417,11,13,27,0
6621,1.616455,3417,14,13,30,0
6622,1.616699,3418,17,12,32,0
6623,1.616943,3418,12,12,27,0
6624,1.617188,3418,12,12,27,0
6625,1.617432,3418,12,12,27,0
6626,1.617676,3418,12,13,28,0
6627,1.617920,3418,12,13,28,0
6628,1.618164,3418,12,13,28,0
6629,1.618408,3418,14,13,30,0
6630,1.618652,3419,15,11,29,0
6631,1.618896,3419,11,11,25,0
6632,1.619141,3419,11,11,25,0
6633,1.619385,3419,11,13,27,0
6634,1.619629,3419,11,13,27,0
6635,1.619873,3419,11,13,27,0
6636,1.620117,3419,11,13,27,0
6637,1.620361,3420,12,12,31,0
6638,1.620605,3420,12,12,31,0
6639,1.620850,3420,12,12,31,0
6640,1.621094,3420,12,12,31,0
6641,1.621338,3420,12,13,28,0
6642,1.621582,3420,12,13,28,0
6643,1.621826,3420,12,13,28,0
6644,1.622070,3420,18,13,34,0
6645,1.622314,3421,12,11,26,0
6646,1.622559,3421,12,11,26,0
6647,1.622803,3421,12,11,26,0
6648,1.623047,3421,12,13,28,0
6649,1.623291,3421,12,13,28,0
6650,1.623535,3421,12,13,28,0
6651,1.623779,3422,17,12,32,0
6652,1.624023,3422,14,12,29,0
6653,1.624268,3422,11,12,26,0
6654,1.624512,3422,11,12,26,0
6655,1.624756,3422,11,13,27,0
6656,1.625000,3422,11,13,27,0
6657,1.625244,3422,14,13,30,0
6658,1.625488,3422,16,13,32,0
6659,1.625732,3423,13,11,27,0
6660,1.625977,3423,13,11,27,0
6661,1.626221,3423,12,11,26,0
6662,1.626465,3423,12,13,28,0
6663,1.626709,3423,12,13,28,0
6664,1.626953,3423,12,13,28,0
6665,1.627197,3423,18,13,34,0
6666,1.627441,3424,13,12,28,0
6667,1.627686,3424,13,12,28,0
6668,1.627930,3424,13,12,28,0
6669,1.628174,3424,11,12,26,0
6670,1.628418,3424,11,13,27,0
6671,1.628662,3424,11,13,27,0
6672,1.628906,3424,11,13,27,0
6673,1.629150,3424,14,13,30,0
6674,1.629395,3425,15,11,29,0
6675,1.629639,3425,13,11,27,0
6676,1.629883,3425,13,11,27,0
6677,1.630127,3425,12,13,28,0
6678,1.630371,3425,12,13,28,0
6679,1.630615,3425,12,13,28,0
6680,1.630859,3425,12,13,28,0
6681,1.631104,3426,16,12,31,0
6682,1.631348,3426,13,12,28,0
6683,1.631592,3426,13,12,28,0
6684,1.631836,3426,13,12,28,0
6685,1.632080,3426,13,13,29,0
6686,1.632324,3426,13,13,29,0
6687,1.632568,3426,13,13,29,0
6688,1.632812,3426,13,13,29,0
6689,1.633057,3427,12,11,26,0
6690,1.633301,3427,12,11,26,0
6691,1.633545,3427,12,11,26,0
6692,1.633789,3427,12,11,26,0
6693,1.634033,3427,13,13,29,0
6694,1.634277,3427,13,13,29,0
6695,1.634521,3428,16,12,31,0
6696,1.634766,3428,14,12,29,0
6697,1.635010,3428,11,12,30,0
6698,1.635254,3428,11,12,30,0
6699,1.635498,3428,11,13,27,0
6700,1.635742,3428,11,13,27,0
6701,1.635986,3428,13,13,29,0
6702,1.636230,3428,13,13,29,0
6703,1.636475,3429,16,11,30,0
6704,1.636719,3429,14,11,28,0
6705,1.636963,3429,12,11,26,0
6706,1.637207,3429,12,11,26,0
6707,1.637451,3429,12,13,28,0
6708,1.637695,3429,12,13,28,0
6709,1.637939,3429,18,13,34,0
6710,1.638184,3430,11,12,30,0
6711,1.638428,3430,11,12,30,0
6712,1.638672,3430,11,12,30,0
6713,1.638916,3430,11,12,30,0
6714,1.639160,3430,11,13,27,0
6715,1.639404,3430,11,13,27,0
6716,1.639648,3430,11,13,27,0
6717,1.639893,3431,16,11,30,0
6718,1.640137,3431,12,11,26,0
6719,1.640381,3431,12,11,26,0
6720,1.640625,3431,12,11,26,0
6721,1.640869,3431,12,13,28,0
6722,1.641113,3431,12,13,28,0
6723,1.641357,3431,12,13,28,0
6724,1.641602,3431,12,13,28,0
6725,1.641846,3432,12,12,31,0
6726,1.642090,3432,12,12,31,0
6727,1.642334,3432,12,12,31,0
6728,1.642578,3432,12,13,28,0
6729,1.642822,3432,12,13,28,0
6730,1.643066,3432,12,13,28,0
6731,1.643311,3432,12,13,28,0
6732,1.643555,3432,16,13,32,0
6733,1.643799,3433,11,11,25,0
6734,1.644043,3433,11,11,25,0
6735,1.644287,3433,11,11,25,0
6736,1.644531,3433,11,13,27,0
6737,1.644775,3433,11,13,27,0
6738,1.645020,3433,11,13,27,0
6739,1.645264,3433,11,13,27,0
6740,1.645508,3434,15,12,30,0
6741,1.645752,3434,12,12,31,0
6742,1.645996,3434,12,12,31,0
6743,1.646240,3434,12,13,28,0
6744,1.646484,3434,12,13,28,0
6745,1.646729,3434,12,13,28,0
6746,1.646973,3434,12,13,28,0
6747,1.647217,3435,16,11,30,0
6748,1.647461,3435,14,11,28,0
6749,1.647705,3435,11,11,25,0
6750,1.647949,3435,11,11,25,0
6751,1.648193,3435,11,13,27,0
6752,1.648438,3435,11,13,27,0
6753,1.648682,3435,14,13,30,0
6754,1.648926,3436,15,12,30,0
6755,1.649170,3436,13,12,28,0
6756,1.649414,3436,13,12,28,0
6757,1.649658,3436,12,12,31,0
6758,1.649902,3436,12,13,28,0
6759,1.650146,3436,12,13,28,0
6760,1.650391,3436,12,13,28,0
6761,1.650635,3436,18,13,34,0
6762,1.650879,3437,13,11,27,0
6763,1.651123,3437,13,11,27,0
6764,1.651367,3437,13,11,27,0
6765,1.651611,3437,11,11,25,0
6766,1.651855,3437,11,13,27,0
6767,1.652100,3437,11,13,27,0
6768,1.652344,3437,11,13,27,0
6769,1.652588,3438,16,12,31,0
6770,1.652832,3438,13,12,28,0
6771,1.653076,3438,13,12,28,0
6772,1.653320,3438,13,13,29,0
6773,1.653564,3438,13,13,29,0
6774,1.653809,3438,13,13,29,0
6775,1.654053,3438,13,13,29,0
6776,1.654297,3439,15,11,29,0
6777,1.654541,3439,11,11,25,0
6778,1.654785,3439,11,11,25,0
6779,1.655029,3439,11,11,25,0
6780,1.655273,3439,11,13,27,0
6781,1.655518,3439,13,13,29,0
6782,1.655762,3439,13,13,29,0
6783,1.656006,3439,18,13,34,0
6784,1.656250,3440,14,12,29,0
6785,1.656494,3440,12,12,27,0
6786,1.656738,3440,12,12,27,0
6787,1.656982,3440,12,12,27,0
6788,1.657227,3440,12,13,28,0
6789,1.657471,3440,13,13,29,0
6790,1.657715,3440,13,13,29,0
6791,1.657959,3441,17,11,31,0
6792,1.658203,3441,14,11,28,0
6793,1.658447,3441,11,11,25,0
6794,1.658691,3441,11,11,25,0
6795,1.658936,3441,11,13,27,0
6796,1.659180,3441,11,13,27,0
6797,1.659424,3441,14,13,30,0
6798,1.659668,3442,17,12,32,0
6799,1.659912,3442,12,12,27,0
6800,1.660156,3442,12,12,27,0
6801,1.660400,3442,12,12,27,0
6802,1.660645,3442,12,13,28,0
6803,1.660889,3442,12,13,28,0
6804,1.661133,3442,12,13,28,0
6805,1.661377,3442,14,13,30,0
6806,1.661621,3443,15,11,29,0
6807,1.661865,3443,11,11,25,0
6808,1.662109,3443,11,11,25,0
6809,1.662354,3443,11,11,25,0
6810,1.662598,3443,11,13,27,0
6811,1.662842,3443,11,13,27,0
6812,1.663086,3443,11,13,27,0
6813,1.663330,3443,18,13,34,0
6814,1.663574,3444,12,12,27,0
6815,1.663818,3444,12,12,27,0
6816,1.664062,3444,12,12,27,0
6817,1.664307,3444,12,13,28,0
6818,1.664551,3444,12,13,28,0
6819,1.664795,3444,12,13,28,0
6820,1.665039,3444,16,13,32,0
6821,1.665283,3445,16,11,30,0
6822,1.665527,3445,12,11,26,0
6823,1.665771,3445,12,11,26,0
6824,1.666016,3445,12,13,28,0
6825,1.666260,3445,12,13,28,0
6826,1.666504,3445,12,13,28,0
6827,1.666748,3445,12,13,28,0
6828,1.666992,3446,17,12,32,0
6829,1.667236,3446,11,12,26,0
6830,1.667480,3446,11,12,26,0
6831,1.667725,3446,11,12,26,0
6832,1.667969,3446,11,13,27,0
6833,1.668213,3446,11,13,27,0
6834,1.668457,3446,11,13,27,0
6835,1.668701,3446,15,13,31,0
6836,1.668945,3447,14,11,28,0
6837,1.669189,3447,12,11,26,0
6838,1.669434,3447,12,11,26,0
6839,1.669678,3447,12,11,26,0
6840,1.669922,3447,12,13,28,0
6841,1.670166,3447,12,13,28,0
6842,1.670410,3447,12,13,28,0
6843,1.670654,3448,17,12,32,0
6844,1.670898,3448,14,12,29,0
6845,1.671143,3448,11,12,26,0
6846,1.671387,3448,11,12,26,0
6847,1.671631,3448,11,13,27,0
6848,1.671875,3448,11,13,27,0
6849,1.672119,3448,11,13,27,0
6850,1.672363,3448,11,13,27,0
6851,1.672607,3449,16,11,30,0
6852,1.672852,3449,14,11,28,0
6853,1.673096,3449,12,11,26,0
6854,1.673340,3449,12,11,26,0
6855,1.673584,3449,12,13,28,0
6856,1.673828,3449,12,13,28,0
6857,1.674072,3449,14,13,30,0
6858,1.674316,3449,18,13,34,0
6859,1.674561,3450,13,12,28,0
6860,1.674805,3450,13,12,28,0
6861,1.675049,3450,11,12,26,0
6862,1.675293,3450,11,13,27,0
6863,1.675537,3450,11,13,27,0
6864,1.675781,3450,11,13,27,0
6865,1.676025,3450,15,13,31,0
6866,1.676270,3451,13,11,27,0
6867,1.676514,3451,13,11,27,0
6868,1.676758,3451,13,11,27,0
6869,1.677002,3451,12,11,26,0
6870,1.677246,3451,12,13,28,0
6871,1.677490,3451,12,13,28,0
6872,1.677734,3451,12,13,28,0
6873,1.677979,3451,15,13,31,0
6874,1.678223,3452,13,12,28,0
6875,1.678467,3452,13,12,28,0
6876,1.678711,3452,13,12,28,0
6877,1.678955,3452,11,12,26,0
6878,1.679199,3452,11,13,27,0
6879,1.679443,3452,11,13,27,0
6880,1.679688,3452,11,13,27,0
6881,1.679932,3453,16,11,30,0
6882,1.680176,3453,13,11,27,0
6883,1.680420,3453,13,11,27,0
6884,1.680664,3453,13,11,27,0
6885,1.680908,3453,13,13,29,0
6886,1.681152,3453,13,13,29,0
6887,1.681396,3453,13,13,29,0
6888,1.681641,3454,15,12,30,0
6889,1.681885,3454,11,12,30,0
6890,1.682129,3454,11,12,30,0
6891,1.682373,3454,11,12,30,0
6892,1.682617,3454,11,13,27,0
6893,1.682861,3454,13,13,29,0
6894,1.683105,3454,13,13,29,0
6895,1.683350,3454,15,13,31,0
6896,1.683594,3455,14,11,28,0
6897,1.683838,3455,12,11,26,0
6898,1.684082,3455,12,11,26,0
6899,1.684326,3455,12,11,26,0
6900,1.684570,3455,12,13,28,0
6901,1.684814,3455,13,13,29,0
6902,1.685059,3455,13,13,29,0
6903,1.685303,3455,18,13,34,0
6904,1.685547,3456,14,12,29,0
6905,1.685791,3456,11,12,30,0
6906,1.686035,3456,11,12,30,0
6907,1.686279,3456,11,12,30,0
6908,1.686523,3456,11,13,27,0
6909,1.686768,3456,13,13,29,0
6910,1.687012,3456,13,13,29,0
6911,1.687256,3456,13,13,29,0
6912,1.687500,3457,15,11,29,0
6913,1.687744,3457,12,11,26,0
6914,1.687988,3457,12,11,26,0
6915,1.688232,3457,12,11,26,0
6916,1.688477,3457,12,13,28,0
6917,1.688721,3457,13,13,29,0
6918,1.688965,3457,13,13,29,0
6919,1.689209,3457,18,13,34,0
6920,1.689453,3458,14,12,29,0
6921,1.689697,3458,11,12,30,0
6922,1.689941,3458,11,12,30,0
6923,1.690186,3458,11,13,27,0
6924,1.690430,3458,11,13,27,0
6925,1.690674,3458,13,13,29,0
6926,1.690918,3458,13,13,29,0
6927,1.691162,3459,17,11,31,0
6928,1.691406,3459,14,11,28,0
6929,1.691650,3459,12,11,26,0
6930,1.691895,3459,12,11,26,0
6931,1.692139,3459,12,13,28,0
6932,1.692383,3459,12,13,28,0
6933,1.692627,3459,14,13,30,0
6934,1.692871,3460,15,12,30,0
6935,1.693115,3460,11,12,30,0
6936,1.693359,3460,11,12,30,0
6937,1.693604,3460,11,12,30,0
6938,1.693848,3460,11,13,27,0
6939,1.694092,3460,11,13,27,0
6940,1.694336,3460,11,13,27,0
6941,1.694580,3460,14,13,30,0
6942,1.694824,3460,18,13,34,0
6943,1.695068,3461,12,11,26,0
6944,1.695312,3461,12,11,26,0
6945,1.695557,3461,12,11,26,0
6946,1.695801,3461,12,11,26,0
6947,1.696045,3461,12,13,28,0
6948,1.696289,3461,12,13,28,0
6949,1.696533,3461,14,13,30,0
6950,1.696777,3462,15,12,30,0
6951,1.697021,3462,11,12,30,0
6952,1.697266,3462,11,12,30,0
6953,1.697510,3462,11,12,30,0
6954,1.697754,3462,11,13,27,0
6955,1.697998,3462,11,13,27,0
6956,1.698242,3462,11,13,27,0
6957,1.698486,3462,15,13,31,0
6958,1.698730,3463,12,11,26,0
6959,1.698975,3463,12,11,26,0
6960,1.699219,3463,12,11,26,0
6961,1.699463,3463,12,11,26,0
6962,1.699707,3463,12,13,28,0
6963,1.699951,3463,12,13,28,0
6964,1.700195,3463,12,13,28,0
6965,1.700439,3464,16,12,31,0
6966,1.700684,3464,11,12,30,0
6967,1.700928,3464,11,12,30,0
6968,1.701172,3464,11,12,30,0
6969,1.701416,3464,11,13,27,0
6970,1.701660,3464,11,13,27,0
6971,1.701904,3464,11,13,27,0
6972,1.702148,3464,16,13,32,0
6973,1.702393,3465,17,11,31,0
6974,1.702637,3465,12,11,26,0
6975,1.702881,3465,12,11,26,0
6976,1.703125,3465,12,11,26,0
6977,1.703369,3465,12,13,28,0
6978,1.703613,3465,12,13,28,0
6979,1.703857,3465,12,13,28,0
6980,1.704102,3465,18,13,34,0
6981,1.704346,3466,12,12,31,0
6982,1.704590,3466,12,12,31,0
6983,1.704834,3466,12,12,31,0
6984,1.705078,3466,12,13,28,0
6985,1.705322,3466,12,13,28,0
6986,1.705566,3466,12,13,28,0
6987,1.705811,3466,12,13,28,0
6988,1.706055,3467,15,11,29,0
6989,1.706299,3467,11,11,25,0
6990,1.706543,3467,11,11,25,0
6991,1.706787,3467,11,11,25,0
6992,1.707031,3467,11,13,27,0
6993,1.707275,3467,11,13,27,0
6994,1.707520,3467,11,13,27,0
6995,1.707764,3467,15,13,31,0
6996,1.708008,3468,14,12,29,0
6997,1.708252,3468,12,12,31,0
6998,1.708496,3468,12,12,31,0
6999,1.708740,3468,12,12,31,0
7000,1.708984,3468,12,13,28,0
7001,1.709229,3468,12,13,28,0
7002,1.709473,3468,12,13,28,0
7003,1.709717,3468,15,13,31,0
7004,1.709961,3469,14,11,28,0
7005,1.710205,3469,11,11,25,0
7006,1.710449,3469,11,11,25,0
7007,1.710693,3469,11,11,25,0
7008,1.710938,3469,11,13,27,0
7009,1.711182,3469,11,13,27,0
7010,1.711426,3469,11,13,27,0
7011,1.711670,3469,18,13,34,0
7012,1.711914,3470,14,12,29,0
7013,1.712158,3470,12,12,31,0
7014,1.712402,3470,12,12,31,0
7015,1.712646,3470,12,13,28,0
7016,1.712891,3470,12,13,28,0
7017,1.713135,3470,14,13,30,0
7018,1.713379,3470,18,13,34,0
7019,1.713623,3471,13,11,27,0
7020,1.713867,3471,13,11,27,0
7021,1.714111,3471,11,11,25,0
7022,1.714355,3471,11,11,25,0
7023,1.714600,3471,11,13,27,0
7024,1.714844,3471,11,13,27,0
7025,1.715088,3471,14,13,30,0
7026,1.715332,3471,18,13,34,0
7027,1.715576,3472,13,12,28,0
7028,1.715820,3472,13,12,28,0
7029,1.716064,3472,12,12,31,0
7030,1.716309,3472,12,12,31,0
7031,1.716553,3472,12,13,28,0
7032,1.716797,3472,12,13,28,0
7033,1.717041,3472,12,13,28,0
7034,1.717285,3472,12,13,28,0
7035,1.717529,3473,16,11,30,0
7036,1.717773,3473,14,11,28,0
7037,1.718018,3473,11,11,25,0
7038,1.718262,3473,11,11,25,0
7039,1.718506,3473,11,13,27,0
7040,1.718750,3473,11,13,27,0
7041,1.718994,3473,14,13,30,0
7042,1.719238,3473,16,13,32,0
7043,1.719482,3474,13,12,28,0
7044,1.719727,3474,13,12,28,0
7045,1.719971,3474,12,12,31,0
7046,1.720215,3474,12,12,31,0
7047,1.720459,3474,12,13,28,0
7048,1.720703,3474,12,13,28,0
7049,1.720947,3474,14,13,30,0
7050,1.721191,3475,15,11,29,0
7051,1.721436,3475,13,11,27,0
7052,1.721680,3475,13,11,27,0
7053,1.721924,3475,11,11,25,0
7054,1.722168,3475,11,13,27,0
7055,1.722412,3475,11,13,27,0
7056,1.722656,3475,11,13,27,0
7057,1.722900,3475,15,13,31,0
7058,1.723145,3476,13,12,28,0
7059,1.723389,3476,13,12,28,0
7060,1.723633,3476,13,12,28,0
7061,1.723877,3476,12,12,31,0
7062,1.724121,3476,12,13,28,0
7063,1.724365,3476,12,13,28,0
7064,1.724609,3476,12,13,28,0
7065,1.724854,3476,15,13,31,0
7066,1.725098,3477,13,11,27,0
7067,1.725342,3477,13,11,27,0
7068,1.725586,3477,13,11,27,0
7069,1.725830,3477,11,11,25,0
7070,1.726074,3477,11,13,27,0
7071,1.726318,3477,11,13,27,0
7072,1.726562,3477,11,13,27,0
7073,1.726807,3477,18,13,34,0
7074,1.727051,3478,13,12,28,0
7075,1.727295,3478,13,12,28,0
7076,1.727539,3478,13,12,28,0
7077,1.727783,3478,12,12,31,0
7078,1.728027,3478,12,13,28,0
7079,1.728271,3478,12,13,28,0
7080,1.728516,3478,12,13,28,0
7081,1.728760,3478,15,13,31,0
7082,1.729004,3479,13,11,27,0
7083,1.729248,3479,13,11,27,0
7084,1.729492,3479,13,11,27,0
7085,1.729736,3479,11,13,27,0
7086,1.729980,3479,11,13,27,0
7087,1.730225,3479,11,13,27,0
7088,1.730469,3479,11,13,27,0
7089,1.730713,3480,16,12,31,0
7090,1.730957,3480,13,12,28,0
7091,1.731201,3480,13,12,28,0
7092,1.731445,3480,13,12,28,0
7093,1.731689,3480,12,13,28,0
7094,1.731934,3480,12,13,28,0
7095,1.732178,3480,12,13,28,0
7096,1.732422,3480,12,13,28,0
7097,1.732666,3481,16,11,30,0
7098,1.732910,3481,13,11,27,0
7099,1.733154,3481,13,11,27,0
7100,1.733398,3481,13,11,27,0
7101,1.733643,3481,13,13,29,0
7102,1.733887,3481,13,13,29,0
7103,1.734131,3481,13,13,29,0
7104,1.734375,3482,15,12,30,0
7105,1.734619,3482,12,12,27,0
7106,1.734863,3482,12,12,27,0
7107,1.735107,3482,12,12,27,0
7108,1.735352,3482,12,13,28,0
7109,1.735596,3482,14,13,30,0
7110,1.735840,3482,14,13,30,0
7111,1.736084,3483,17,11,31,0
7112,1.736328,3483,11,11,25,0
7113,1.736572,3483,11,11,25,0
7114,1.736816,3483,11,11,25,0
7115,1.737061,3483,11,11,25,0
7116,1.737305,3483,11,13,27,0
7117,1.737549,3483,11,13,27,0
7118,1.737793,3483,14,13,30,0
7119,1.738037,3484,15,12,30,0
7120,1.738281,3484,12,12,27,0
7121,1.738525,3484,12,12,27,0
7122,1.738770,3484,12,12,27,0
7123,1.739014,3484,12,13,28,0
7124,1.739258,3484,12,13,28,0
7125,1.739502,3484,12,13,28,0
7126,1.739746,3484,14,13,30,0
7127,1.739990,3485,17,11,31,0
7128,1.740234,3485,11,11,25,0
7129,1.740479,3485,11,11,25,0
7130,1.740723,3485,11,11,25,0
7131,1.740967,3485,11,13,27,0
7132,1.741211,3485,11,13,27,0
7133,1.741455,3485,11,13,27,0
7134,1.741699,3485,14,13,30,0
7135,1.741943,3486,15,12,30,0
7136,1.742188,3486,12,12,27,0
7137,1.742432,3486,12,12,27,0
7138,1.742676,3486,12,12,27,0
7139,1.742920,3486,12,13,28,0
7140,1.743164,3486,12,13,28,0
7141,1.743408,3486,12,13,28,0
7142,1.743652,3486,14,13,30,0
7143,1.743896,3487,15,11,29,0
7144,1.744141,3487,11,11,25,0
7145,1.744385,3487,11,11,25,0
7146,1.744629,3487,11,11,25,0
7147,1.744873,3487,11,13,27,0
7148,1.745117,3487,11,13,27,0
7149,1.745361,3487,11,13,27,0
7150,1.745605,3487,15,13,31,0
7151,1.745850,3488,12,12,27,0
7152,1.746094,3488,12,12,27,0
7153,1.746338,3488,12,12,27,0
7154,1.746582,3488,12,12,27,0
7155,1.746826,3488,12,13,28,0
7156,1.747070,3488,12,13,28,0
7157,1.747314,3488,12,13,28,0
7158,1.747559,3488,14,13,30,0
7159,1.747803,3489,17,11,31,0
7160,1.748047,3489,11,11,25,0
7161,1.748291,3489,11,11,25,0
7162,1.748535,3489,11,11,25,0
7163,1.748779,3489,11,13,27,0
7164,1.749023,3489,11,13,27,0
7165,1.749268,3489,11,13,27,0
7166,1.749512,3489,14,13,30,0
7167,1.749756,3490,15,12,30,0
7168,1.750000,3490,12,12,27,0
7169,1.750244,3490,12,12,27,0
7170,1.750488,3490,12,12,27,0
7171,1.750732,3490,12,12,27,0
7172,1.750977,3490,12,13,28,0
7173,1.751221,3490,12,13,28,0
7174,1.751465,3490,14,13,30,0
7175,1.751709,3491,15,11,29,0
7176,1.751953,3491,11,11,25,0
7177,1.752197,3491,11,11,25,0
7178,1.752441,3491,11,11,25,0
7179,1.752686,3491,11,13,27,0
7180,1.752930,3491,11,13,27,0
7181,1.753174,3491,11,13,27,0
7182,1.753418,3491,14,13,30,0
7183,1.753662,3492,15,12,30,0
7184,1.753906,3492,12,12,27,0
7185,1.754150,3492,12,12,27,0
7186,1.754395,3492,12,12,27,0
7187,1.754639,3492,12,13,28,0
7188,1.754883,3492,12,13,28,0
7189,1.755127,3492,12,13,28,0
7190,1.755371,3492,14,13,30,0
7191,1.755615,3493,15,11,29,0
7192,1.755859,3493,11,11,25,0
7193,1.756104,3493,11,11,25,0
7194,1.756348,3493,11,11,25,0
7195,1.756592,3493,11,13,27,0
7196,1.756836,3493,11,13,27,0
7197,1.757080,3493,11,13,27,0
7198,1.757324,3493,14,13,30,0
7199,1.757568,3494,15,12,30,0
7200,1.757812,3494,12,12,27,0
7201,1.758057,3494,12,12,27,0
7202,1.758301,3494,12,12,27,0
7203,1.758545,3494,12,13,28,0
7204,1.758789,3494,12,13,28,0
7205,1.759033,3494,12,13,28,0
7206,1.759277,3494,15,13,31,0
7207,1.759521,3495,11,11,25,0
7208,1.759766,3495,11,11,25,0
7209,1.760010,3495,11,11,25,0
7210,1.760254,3495,11,11,25,0
7211,1.760498,3495,11,13,27,0
7212,1.760742,3495,11,13,27,0
7213,1.760986,3495,11,13,27,0
7214,1.761230,3495,15,13,31,0
7215,1.761475,3496,12,12,27,0
7216,1.761719,3496,12,12,27,0
7217,1.761963,3496,12,12,27,0
7218,1.762207,3496,12,12,27,0
7219,1.762451,3496,12,13,28,0
7220,1.762695,3496,12,13,28,0
7221,1.762939,3496,12,13,28,0
7222,1.763184,3496,14,13,30,0
7223,1.763428,3497,17,11,31,0
7224,1.763672,3497,11,11,25,0
7225,1.763916,3497,11,11,25,0
7226,1.764160,3497,11,11,25,0
7227,1.764404,3497,11,13,27,0
7228,1.764648,3497,11,13,27,0
7229,1.764893,3497,11,13,27,0
7230,1.765137,3497,14,13,30,0
7231,1.765381,3498,15,12,30,0
7232,1.765625,3498,12,12,27,0
7233,1.765869,3498,12,12,27,0
7234,1.766113,3498,12,12,27,0
7235,1.766357,3498,12,13,28,0
7236,1.766602,3498,12,13,28,0
7237,1.766846,3498,12,13,28,0
7238,1.767090,3498,15,13,31,0
7239,1.767334,3499,11,11,25,0
7240,1.767578,3499,11,11,25,0
7241,1.767822,3499,11,11,25,0
7242,1.768066,3499,11,11,25,0
7243,1.768311,3499,11,13,27,0
7244,1.768555,3499,11,13,27,0
7245,1.768799,3499,11,13,27,0
7246,1.769043,3499,15,13,31,0
7247,1.769287,3500,12,12,27,0
7248,1.769531,3500,12,12,27,0
7249,1.769775,3500,12,12,27,0
7250,1.770020,3500,12,12,27,0
7251,1.770264,3500,12,13,28,0
7252,1.770508,3500,12,13,28,0
7253,1.770752,3500,12,13,28,0
7254,1.770996,3500,14,13,30,0
7255,1.771240,3501,15,11,29,0
7256,1.771484,3501,11,11,25,0
7257,1.771729,3501,11,11,25,0
7258,1.771973,3501,11,11,25,0
7259,1.772217,3501,11,13,27,0
7260,1.772461,3501,11,13,27,0
7261,1.772705,3501,11,13,27,0
7262,1.772949,3501,15,13,31,0
7263,1.773193,3502,12,12,27,0
7264,1.773438,3502,12,12,27,0
7265,1.773682,3502,12,12,27,0
7266,1.773926,3502,12,12,27,0
7267,1.774170,3502,12,13,28,0
7268,1.774414,3502,12,13,28,0
7269,1.774658,3502,12,13,28,0
7270,1.774902,3502,14,13,30,0
7271,1.775146,3503,15,11,29,0
7272,1.775391,3503,11,11,25,0
7273,1.775635,3503,11,11,25,0
7274,1.775879,3503,11,11,25,0
7275,1.776123,3503,11,13,27,0
7276,1.776367,3503,11,13,27,0
7277,1.776611,3503,11,13,27,0
7278,1.776855,3503,18,13,34,0
7279,1.777100,3504,12,12,27,0
7280,1.777344,3504,12,12,27,0
7281,1.777588,3504,12,12,27,0
7282,1.777832,3504,12,12,27,0
7283,1.778076,3504,12,13,28,0
7284,1.778320,3504,12,13,28,0
7285,1.778564,3504,12,13,28,0
7286,1.778809,3504,14,13,30,0
7287,1.779053,3505,17,11,31,0
7288,1.779297,3505,11,11,25,0
7289,1.779541,3505,11,11,25,0
7290,1.779785,3505,11,11,25,0
7291,1.780029,3505,11,11,25,0
7292,1.780273,3505,11,13,27,0
7293,1.780518,3505,11,13,27,0
7294,1.780762,3505,14,13,30,0
7295,1.781006,3506,15,12,30,0
7296,1.781250,3506,12,12,27,0
7297,1.781494,3506,12,12,27,0
7298,1.781738,3506,12,12,27,0
7299,1.781982,3506,12,12,27,0
7300,1.782227,3506,12,13,28,0
7301,1.782471,3506,12,13,28,0
7302,1.782715,3506,14,13,30,0
7303,1.782959,3506,16,13,32,0
7304,1.783203,3507,11,11,25,0
7305,1.783447,3507,11,11,25,0
7306,1.783691,3507,11,11,25,0
7307,1.783936,3507,11,11,25,0
7308,1.784180,3507,11,13,27,0
7309,1.784424,3507,11,13,27,0
7310,1.784668,3507,14,13,30,0
7311,1.784912,3507,18,13,34,0
7312,1.785156,3508,12,12,27,0
7313,1.785400,3508,12,12,27,0
7314,1.785645,3508,12,12,27,0
7315,1.785889,3508,12,12,27,0
7316,1.786133,3508,12,13,28,0
7317,1.786377,3508,12,13,28,0
7318,1.786621,3508,13,13,29,0
7319,1.786865,3508,13,13,29,0
7320,1.787109,3509,16,11,30,0
7321,1.787354,3509,14,11,28,0
7322,1.787598,3509,11,11,25,0
7323,1.787842,3509,11,11,25,0
7324,1.788086,3509,11,13,27,0
7325,1.788330,3509,11,13,27,0
7326,1.788574,3509,13,13,29,0
7327,1.788818,3509,18,13,34,0
7328,1.789062,3510,16,12,31,0
7329,1.789307,3510,14,12,29,0
7330,1.789551,3510,12,12,27,0
7331,1.789795,3510,12,12,27,0
7332,1.790039,3510,12,13,28,0
7333,1.790283,3510,12,13,28,0
7334,1.790527,3510,14,13,30,0
7335,1.790771,3510,18,13,34,0
7336,1.791016,3511,11,11,25,0
7337,1.791260,3511,11,11,25,0
7338,1.791504,3511,11,11,25,0
7339,1.791748,3511,11,11,25,0
7340,1.791992,3511,11,13,27,0
7341,1.792236,3511,11,13,27,0
7342,1.792480,3511,13,13,29,0
7343,1.792725,3511,13,13,29,0
7344,1.792969,3512,16,12,31,0
7345,1.793213,3512,14,12,29,0
7346,1.793457,3512,12,12,27,0
7347,1.793701,3512,12,12,27,0
7348,1.793945,3512,12,12,27,0
7349,1.794189,3512,12,13,28,0
7350,1.794434,3512,13,13,29,0
7351,1.794678,3512,13,13,29,0
7352,1.794922,3512,15,13,31,0
7353,1.795166,3513,14,11,28,0
7354,1.795410,3513,11,11,25,0
7355,1.795654,3513,11,11,25,0
7356,1.795898,3513,11,11,25,0
7357,1.796143,3513,11,13,27,0
7358,1.796387,3513,13,13,29,0
7359,1.796631,3513,13,13,29,0
7360,1.796875,3513,13,13,29,0
7361,1.797119,3514,15,12,30,0
7362,1.797363,3514,12,12,27,0
7363,1.797607,3514,12,12,27,0
7364,1.797852,3514,12,12,27,0
7365,1.798096,3514,12,13,28,0
7366,1.798340,3514,13,13,29,0
7367,1.798584,3514,13,13,29,0
7368,1.798828,3514,15,13,31,0
7369,1.799072,3515,14,11,28,0
7370,1.799316,3515,11,11,25,0
7371,1.799561,3515,11,11,25,0
7372,1.799805,3515,11,11,25,0
7373,1.800049,3515,11,13,27,0
7374,1.800293,3515,13,13,29,0
7375,1.800537,3515,13,13,29,0
7376,1.800781,3515,15,13,31,0
7377,1.801025,3516,14,12,29,0
7378,1.801270,3516,12,12,27,0
7379,1.801514,3516,12,12,27,0
7380,1.801758,3516,12,12,27,0
7381,1.802002,3516,12,12,27,0
7382,1.802246,3516,13,13,29,0
7383,1.802490,3516,13,13,29,0
7384,1.802734,3516,13,13,29,0
7385,1.802979,3517,17,11,31,0
7386,1.803223,3517,11,11,25,0
7387,1.803467,3517,11,11,25,0
7388,1.803711,3517,11,11,25,0
7389,1.803955,3517,11,13,27,0
7390,1.804199,3517,13,13,29,0
7391,1.804443,3517,13,13,29,0
7392,1.804688,3517,13,13,29,0
7393,1.804932,3518,15,12,30,0
7394,1.805176,3518,12,12,27,0
7395,1.805420,3518,12,12,27,0
7396,1.805664,3518,12,12,27,0
7397,1.805908,3518,12,13,28,0
7398,1.806152,3518,13,13,29,0
7399,1.806396,3518,13,13,29,0
7400,1.806641,3518,13,13,29,0
7401,1.806885,3518,16,13,32,0
7402,1.807129,3519,11,11,25,0
7403,1.807373,3519,11,11,25,0
7404,1.807617,3519,11,11,25,0
7405,1.807861,3519,11,11,25,0
7406,1.808105,3519,11,13,27,0
7407,1.808350,3519,11,13,27,0
7408,1.808594,3519,11,13,27,0
7409,1.808838,3519,16,13,32,0
7410,1.809082,3520,13,12,28,0
7411,1.809326,3520,13,12,28,0
7412,1.809570,3520,13,12,28,0
7413,1.809814,3520,13,12,28,0
7414,1.810059,3520,12,12,31,0
7415,1.810303,3520,12,13,28,0
7416,1.810547,3520,12,13,28,0
7417,1.810791,3520,12,13,28,0
7418,1.811035,3520,18,13,34,0
7419,1.811279,3521,13,11,27,0
7420,1.811523,3521,13,11,27,0
7421,1.811768,3521,13,11,27,0
7422,1.812012,3521,11,11,25,0
7423,1.812256,3521,11,13,27,0
7424,1.812500,3521,11,13,27,0
7425,1.812744,3521,11,13,27,0
7426,1.812988,3521,14,13,30,0
7427,1.813232,3522,15,12,30,0
7428,1.813477,3522,13,12,28,0
7429,1.813721,3522,13,12,28,0
7430,1.813965,3522,12,12,31,0
7431,1.814209,3522,12,13,28,0
7432,1.814453,3522,12,13,28,0
7433,1.814697,3522,12,13,28,0
7434,1.814941,3522,14,13,30,0
7435,1.815186,3523,15,11,29,0
7436,1.815430,3523,13,11,27,0
7437,1.815674,3523,13,11,27,0
7438,1.815918,3523,11,11,25,0
7439,1.816162,3523,11,13,27,0
7440,1.816406,3523,11,13,27,0
7441,1.816650,3523,11,13,27,0
7442,1.816895,3523,14,13,30,0
7443,1.817139,3524,17,12,32,0
7444,1.817383,3524,13,12,28,0
7445,1.817627,3524,13,12,28,0
7446,1.817871,3524,12,12,31,0
7447,1.818115,3524,12,12,31,0
7448,1.818359,3524,12,13,28,0
7449,1.818604,3524,12,13,28,0
7450,1.818848,3524,12,13,28,0
7451,1.819092,3524,12,13,28,0
7452,1.819336,3525,16,11,30,0
7453,1.819580,3525,14,11,28,0
7454,1.819824,3525,11,11,25,0
7455,1.820068,3525,11,11,25,0
7456,1.820312,3525,11,13,27,0
7457,1.820557,3525,11,13,27,0
7458,1.820801,3525,11,13,27,0
7459,1.821045,3525,11,13,27,0
7460,1.821289,3526,16,12,31,0
7461,1.821533,3526,14,12,29,0
7462,1.821777,3526,12,12,31,0
7463,1.822021,3526,12,12,31,0
7464,1.822266,3526,12,13,28,0
7465,1.822510,3526,12,13,28,0
7466,1.822754,3526,12,13,28,0
7467,1.822998,3526,12,13,28,0
7468,1.823242,3527,17,11,31,0
7469,1.823486,3527,14,11,28,0
7470,1.823730,3527,11,11,25,0
7471,1.823975,3527,11,11,25,0
7472,1.824219,3527,11,13,27,0
7473,1.824463,3527,11,13,27,0
7474,1.824707,3527,11,13,27,0
7475,1.824951,3527,11,13,27,0
7476,1.825195,3528,17,12,32,0
7477,1.825439,3528,14,12,29,0
7478,1.825684,3528,12,12,31,0
7479,1.825928,3528,12,12,31,0
7480,1.826172,3528,12,12,31,0
7481,1.826416,3528,12,13,28,0
7482,1.826660,3528,12,13,28,0
7483,1.826904,3528,12,13,28,0
7484,1.827148,3528,12,13,28,0
7485,1.827393,3529,17,11,31,0
7486,1.827637,3529,11,11,25,0
7487,1.827881,3529,11,11,25,0
7488,1.828125,3529,11,11,25,0
7489,1.828369,3529,11,11,25,0
7490,1.828613,3529,11,13,27,0
7491,1.828857,3529,11,13,27,0
7492,1.829102,3529,11,13,27,0
7493,1.829346,3530,15,12,30,0
7494,1.829590,3530,12,12,31,0
7495,1.829834,3530,12,12,31,0
7496,1.830078,3530,12,12,31,0
7497,1.830322,3530,12,13,28,0
7498,1.830566,3530,12,13,28,0
7499,1.830811,3530,12,13,28,0
7500,1.831055,3530,12,13,28,0
7501,1.831299,3530,18,13,34,0
7502,1.831543,3531,10,11,24,0
7503,1.831787,3531,10,11,24,0
7504,1.832031,3531,10,11,24,0
7505,1.832275,3531,10,11,24,0
7506,1.832520,3531,10,13,26,0
7507,1.832764,3531,10,13,26,0
7508,1.833008,3531,10,13,26,0
7509,1.833252,3531,18,13,34,0
7510,1.833496,3532,17,12,32,0
7511,1.833740,3532,11,12,30,0
7512,1.833984,3532,11,12,30,0
7513,1.834229,3532,11,12,30,0
7514,1.834473,3532,11,13,27,0
7515,1.834717,3532,11,13,27,0
7516,1.834961,3532,11,13,27,0
7517,1.835205,3532,11,13,27,0
7518,1.835449,3533,17,11,31,0
7519,1.835693,3533,12,11,26,0
7520,1.835938,3533,12,11,26,0
7521,1.836182,3533,12,11,26,0
7522,1.836426,3533,12,11,26,0
7523,1.836670,3533,12,13,28,0
7524,1.836914,3533,12,13,28,0
7525,1.837158,3533,12,13,28,0
7526,1.837402,3533,14,13,30,0
7527,1.837646,3534,15,12,30,0
7528,1.837891,3534,11,12,30,0
7529,1.838135,3534,11,12,30,0
7530,1.838379,3534,11,12,30,0
7531,1.838623,3534,11,13,27,0
7532,1.838867,3534,11,13,27,0
7533,1.839111,3534,11,13,27,0
7534,1.839355,3534,14,13,30,0
7535,1.839600,3534,18,13,34,0
7536,1.839844,3535,12,11,26,0
7537,1.840088,3535,12,11,26,0
7538,1.840332,3535,12,11,26,0
7539,1.840576,3535,12,11,26,0
7540,1.840820,3535,12,13,28,0
7541,1.841064,3535,12,13,28,0
7542,1.841309,3535,14,13,30,0
7543,1.841553,3536,15,12,30,0
7544,1.841797,3536,11,12,30,0
7545,1.842041,3536,11,12,30,0
7546,1.842285,3536,11,12,30,0
7547,1.842529,3536,11,12,30,0
7548,1.842773,3536,11,13,27,0
7549,1.843018,3536,11,13,27,0
7550,1.843262,3536,13,13,29,0
7551,1.843506,3536,13,13,29,0
7552,1.843750,3536,18,13,34,0
7553,1.843994,3537,14,11,28,0
7554,1.844238,3537,12,11,26,0
7555,1.844482,3537,12,11,26,0
7556,1.844727,3537,12,11,26,0
7557,1.844971,3537,12,13,28,0
7558,1.845215,3537,13,13,29,0
7559,1.845459,3537,13,13,29,0
7560,1.845703,3537,13,13,29,0
7561,1.845947,3538,15,12,30,0
7562,1.846191,3538,11,12,30,0
7563,1.846436,3538,11,12,30,0
7564,1.846680,3538,11,12,30,0
7565,1.846924,3538,11,12,30,0
7566,1.847168,3538,13,13,29,0
7567,1.847412,3538,13,13,29,0
7568,1.847656,3538,13,13,29,0
7569,1.847900,3538,13,13,29,0
7570,1.848145,3539,12,11,26,0
7571,1.848389,3539,12,11,26,0
7572,1.848633,3539,12,11,26,0
7573,1.848877,3539,12,11,26,0
7574,1.849121,3539,13,13,29,0
7575,1.849365,3539,13,13,29,0
7576,1.849609,3539,13,13,29,0
7577,1.849854,3539,13,13,29,0
7578,1.850098,3540,11,12,26,0
7579,1.850342,3540,11,12,26,0
7580,1.850586,3540,11,12,26,0
7581,1.850830,3540,11,12,26,0
7582,1.851074,3540,11,13,27,0
7583,1.851318,3540,11,13,27,0
7584,1.851562,3540,11,13,27,0
7585,1.851807,3540,11,13,27,0
7586,1.852051,3540,18,13,34,0
7587,1.852295,3541,13,11,27,0
7588,1.852539,3541,13,11,27,0
7589,1.852783,3541,13,11,27,0
7590,1.853027,3541,12,11,26,0
7591,1.853271,3541,12,13,28,0
7592,1.853516,3541,12,13,28,0
7593,1.853760,3541,12,13,28,0
7594,1.854004,3541,14,13,30,0
7595,1.854248,3542,15,12,30,0
7596,1.854492,3542,13,12,28,0
7597,1.854736,3542,13,12,28,0
7598,1.854980,3542,11,12,26,0
7599,1.855225,3542,11,13,27,0
7600,1.855469,3542,11,13,27,0
7601,1.855713,3542,11,13,27,0
7602,1.855957,3542,14,13,30,0
7603,1.856201,3542,18,13,34,0
7604,1.856445,3543,13,11,27,0
7605,1.856689,3543,13,11,27,0
7606,1.856934,3543,12,11,26,0
7607,1.857178,3543,12,13,28,0
7608,1.857422,3543,12,13,28,0
7609,1.857666,3543,12,13,28,0
7610,1.857910,3543,14,13,30,0
7611,1.858154,3543,16,13,32,0
7612,1.858398,3544,13,12,28,0
7613,1.858643,3544,13,12,28,0
7614,1.858887,3544,11,12,26,0
7615,1.859131,3544,11,12,26,0
7616,1.859375,3544,11,12,26,0
7617,1.859619,3544,11,13,27,0
7618,1.859863,3544,11,13,27,0
7619,1.860107,3544,11,13,27,0
7620,1.860352,3544,11,13,27,0
7621,1.860596,3545,17,11,31,0
7622,1.860840,3545,12,11,26,0
7623,1.861084,3545,12,11,26,0
7624,1.861328,3545,12,11,26,0
7625,1.861572,3545,12,13,28,0
7626,1.861816,3545,12,13,28,0
7627,1.862061,3545,12,13,28,0
7628,1.862305,3545,12,13,28,0
7629,1.862549,3546,15,12,30,0
7630,1.862793,3546,11,12,26,0
7631,1.863037,3546,11,12,26,0
7632,1.863281,3546,11,12,26,0
7633,1.863525,3546,11,13,27,0
7634,1.863770,3546,11,13,27,0
7635,1.864014,3546,11,13,27,0
7636,1.864258,3546,11,13,27,0
7637,1.864502,3546,16,13,32,0
7638,1.864746,3547,12,11,26,0
7639,1.864990,3547,12,11,26,0
7640,1.865234,3547,12,11,26,0
7641,1.865479,3547,12,13,28,0
7642,1.865723,3547,12,13,28,0
7643,1.865967,3547,12,13,28,0
7644,1.866211,3547,12,13,28,0
7645,1.866455,3547,16,13,32,0
7646,1.866699,3548,11,12,26,0
7647,1.866943,3548,11,12,26,0
7648,1.867188,3548,11,12,26,0
7649,1.867432,3548,11,12,26,0
7650,1.867676,3548,11,13,27,0
7651,1.867920,3548,11,13,27,0
7652,1.868164,3548,11,13,27,0
7653,1.868408,3548,11,13,27,0
7654,1.868652,3549,18,11,32,0
7655,1.868896,3549,11,11,25,0
7656,1.869141,3549,11,11,25,0
7657,1.869385,3549,11,11,25,0
7658,1.869629,3549,11,11,25,0
7659,1.869873,3549,11,13,27,0
7660,1.870117,3549,11,13,27,0
7661,1.870361,3549,11,13,27,0
7662,1.870605,3549,15,13,31,0
7663,1.870850,3550,12,12,27,0
7664,1.871094,3550,12,12,27,0
7665,1.871338,3550,12,12,27,0
7666,1.871582,3550,12,12,27,0
7667,1.871826,3550,12,13,28,0
7668,1.872070,3550,12,13,28,0
7669,1.872314,3550,12,13,28,0
7670,1.872559,3550,14,13,30,0
7671,1.872803,3550,16,13,32,0
7672,1.873047,3551,11,11,25,0
7673,1.873291,3551,11,11,25,0
7674,1.873535,3551,11,11,25,0
7675,1.873779,3551,11,11,25,0
7676,1.874023,3551,11,11,25,0
7677,1.874268,3551,11,13,27,0
7678,1.874512,3551,13,13,29,0
7679,1.874756,3551,13,13,29,0
7680,1.875000,3551,15,13,31,0
7681,1.875244,3552,14,12,29,0
7682,1.875488,3552,12,12,27,0
7683,1.875732,3552,12,12,27,0
7684,1.875977,3552,12,12,27,0
7685,1.876221,3552,12,12,27,0
7686,1.876465,3552,13,13,29,0
7687,1.876709,3552,13,13,29,0
7688,1.876953,3552,13,13,29,0
7689,1.877197,3552,16,13,32,0
7690,1.877441,3553,11,11,25,0
7691,1.877686,3553,11,11,25,0
7692,1.877930,3553,11,11,25,0
7693,1.878174,3553,11,11,25,0
7694,1.878418,3553,13,13,29,0
7695,1.878662,3553,13,13,29,0
7696,1.878906,3553,13,13,29,0
7697,1.879150,3553,13,13,29,0
7698,1.879395,3554,12,12,27,0
7699,1.879639,3554,12,12,27,0
7700,1.879883,3554,12,12,27,0
7701,1.880127,3554,12,12,27,0
7702,1.880371,3554,12,13,28,0
7703,1.880615,3554,12,13,28,0
7704,1.880859,3554,12,13,28,0
7705,1.881104,3554,12,13,28,0
7706,1.881348,3554,14,13,30,0
7707,1.881592,3555,15,11,29,0
7708,1.881836,3555,13,11,27,0
7709,1.882080,3555,13,11,27,0
7710,1.882324,3555,11,11,25,0
7711,1.882568,3555,11,13,27,0
7712,1.882812,3555,11,13,27,0
7713,1.883057,3555,11,13,27,0
7714,1.883301,3555,14,13,30,0
7715,1.883545,3556,15,12,30,0
7716,1.883789,3556,13,12,28,0
7717,1.884033,3556,13,12,28,0
7718,1.884277,3556,12,12,31,0
7719,1.884521,3556,12,12,31,0
7720,1.884766,3556,12,13,28,0
7721,1.885010,3556,12,13,28,0
7722,1.885254,3556,12,13,28,0
7723,1.885498,3556,12,13,28,0
7724,1.885742,3556,15,13,31,0
7725,1.885986,3557,14,11,28,0
7726,1.886230,3557,11,11,25,0
7727,1.886475,3557,11,11,25,0
7728,1.886719,3557,11,11,25,0
7729,1.886963,3557,11,13,27,0
7730,1.887207,3557,11,13,27,0
7731,1.887451,3557,11,13,27,0
7732,1.887695,3557,11,13,27,0
7733,1.887939,3558,18,12,33,0
7734,1.888184,3558,12,12,31,0
7735,1.888428,3558,12,12,31,0
7736,1.888672,3558,12,12,31,0
7737,1.888916,3558,12,12,31,0
7738,1.889160,3558,12,13,28,0
7739,1.889404,3558,12,13,28,0
7740,1.889648,3558,12,13,28,0
7741,1.889893,3558,12,13,28,0
7742,1.890137,3559,11,11,25,0
7743,1.890381,3559,11,11,25,0
7744,1.890625,3559,11,11,25,0
7745,1.890869,3559,11,11,25,0
7746,1.891113,3559,11,13,27,0
7747,1.891357,3559,11,13,27,0
7748,1.891602,3559,11,13,27,0
7749,1.891846,3559,11,13,27,0
7750,1.892090,3560,11,12,30,0
7751,1.892334,3560,11,12,30,0
7752,1.892578,3560,11,12,30,0
7753,1.892822,3560,11,12,30,0
7754,1.893066,3560,11,13,27,0
7755,1.893311,3560,11,13,27,0
7756,1.893555,3560,11,13,27,0
7757,1.893799,3560,11,13,27,0
7758,1.894043,3560,14,13,30,0
7759,1.894287,3561,15,11,29,0
7760,1.894531,3561,12,11,26,0
7761,1.894775,3561,12,11,26,0
7762,1.895020,3561,12,11,26,0
7763,1.895264,3561,12,11,26,0
7764,1.895508,3561,12,13,28,0
7765,1.895752,3561,12,13,28,0
7766,1.895996,3561,14,13,30,0
7767,1.896240,3561,16,13,32,0
7768,1.896484,3562,11,12,30,0
7769,1.896729,3562,11,12,30,0
7770,1.896973,3562,11,12,30,0
7771,1.897217,3562,11,12,30,0
7772,1.897461,3562,11,12,30,0
7773,1.897705,3562,11,13,27,0
7774,1.897949,3562,13,13,29,0
7775,1.898193,3562,13,13,29,0
7776,1.898438,3562,13,13,29,0
7777,1.898682,3563,15,11,29,0
7778,1.898926,3563,12,11,26,0
7779,1.899170,3563,12,11,26,0
7780,1.899414,3563,12,11,26,0
7781,1.899658,3563,12,11,26,0
7782,1.899902,3563,13,13,29,0
7783,1.900146,3563,13,13,29,0
7784,1.900391,3563,13,13,29,0
7785,1.900635,3564,15,12,30,0
7786,1.900879,3564,11,12,30,0
7787,1.901123,3564,11,12,30,0
7788,1.901367,3564,11,12,30,0
7789,1.901611,3564,11,12,30,0
7790,1.901855,3564,11,13,27,0
7791,1.902100,3564,11,13,27,0
7792,1.902344,3564,11,13,27,0
7793,1.902588,3564,11,13,27,0
7794,1.902832,3565,13,11,27,0
7795,1.903076,3565,13,11,27,0
7796,1.903320,3565,13,11,27,0
7797,1.903564,3565,13,11,27,0
7798,1.903809,3565,12,11,26,0
7799,1.904053,3565,12,13,28,0
7800,1.904297,3565,12,13,28,0
7801,1.904541,3565,12,13,28,0
7802,1.904785,3565,15,13,31,0
7803,1.905029,3566,13,12,28,0
7804,1.905273,3566,13,12,28,0
7805,1.905518,3566,13,12,28,0
7806,1.905762,3566,11,12,26,0
7807,1.906006,3566,11,13,27,0
7808,1.906250,3566,11,13,27,0
7809,1.906494,3566,11,13,27,0
7810,1.906738,3566,14,13,30,0
7811,1.906982,3566,16,13,32,0
7812,1.907227,3567,13,11,27,0
7813,1.907471,3567,13,11,27,0
7814,1.907715,3567,12,11,26,0
7815,1.907959,3567,12,11,26,0
7816,1.908203,3567,12,11,26,0
7817,1.908447,3567,12,13,28,0
7818,1.908691,3567,12,13,28,0
7819,1.908936,3567,12,13,28,0
7820,1.909180,3567,12,13,28,0
7821,1.909424,3568,18,12,33,0
7822,1.909668,3568,10,12,29,0
7823,1.909912,3568,10,12,29,0
7824,1.910156,3568,10,12,29,0
7825,1.910400,3568,10,12,29,0
7826,1.910645,3568,10,13,26,0
7827,1.910889,3568,10,13,26,0
7828,1.911133,3568,10,13,26,0
7829,1.911377,3568,10,13,26,0
7830,1.911621,3569,11,11,25,0
7831,1.911865,3569,11,11,25,0
7832,1.912109,3569,11,11,25,0
7833,1.912354,3569,11,11,25,0
7834,1.912598,3569,11,11,25,0
7835,1.912842,3569,11,13,27,0
7836,1.913086,3569,11,13,27,0
7837,1.913330,3569,11,13,27,0
7838,1.913574,3569,15,13,31,0
7839,1.913818,3570,12,12,27,0
7840,1.914062,3570,12,12,27,0
7841,1.914307,3570,12,12,27,0
7842,1.914551,3570,12,12,27,0
7843,1.914795,3570,12,12,27,0
7844,1.915039,3570,12,13,28,0
7845,1.915283,3570,12,13,28,0
7846,1.915527,3570,14,13,30,0
7847,1.915771,3570,16,13,32,0
7848,1.916016,3571,11,11,25,0
7849,1.916260,3571,11,11,25,0
7850,1.916504,3571,11,11,25,0
7851,1.916748,3571,11,11,25,0
7852,1.916992,3571,11,11,25,0
7853,1.917236,3571,11,13,27,0
7854,1.917480,3571,13,13,29,0
7855,1.917725,3571,13,13,29,0
7856,1.917969,3571,15,13,31,0
7857,1.918213,3572,14,12,29,0
7858,1.918457,3572,12,12,27,0
7859,1.918701,3572,12,12,27,0
7860,1.918945,3572,12,12,27,0
7861,1.919189,3572,12,12,27,0
7862,1.919434,3572,13,13,29,0
7863,1.919678,3572,13,13,29,0
7864,1.919922,3572,13,13,29,0
7865,1.920166,3572,13,13,29,0
7866,1.920410,3573,11,11,25,0
7867,1.920654,3573,11,11,25,0
7868,1.920898,3573,11,11,25,0
7869,1.921143,3573,11,11,25,0
7870,1.921387,3573,11,13,27,0
7871,1.921631,3573,11,13,27,0
7872,1.921875,3573,11,13,27,0
7873,1.922119,3573,11,13,27,0
7874,1.922363,3573,15,13,31,0
7875,1.922607,3574,13,12,28,0
7876,1.922852,3574,13,12,28,0
7877,1.923096,3574,13,12,28,0
7878,1.923340,3574,12,12,31,0
7879,1.923584,3574,12,13,28,0
7880,1.923828,3574,12,13,28,0
7881,1.924072,3574,12,13,28,0
7882,1.924316,3574,12,13,28,0
7883,1.924561,3575,18,11,32,0
7884,1.924805,3575,16,11,30,0
7885,1.925049,3575,14,11,28,0
7886,1.925293,3575,11,11,25,0
7887,1.925537,3575,11,11,25,0
7888,1.925781,3575,11,13,27,0
7889,1.926025,3575,11,13,27,0
7890,1.926270,3575,11,13,27,0
7891,1.926514,3575,11,13,27,0
7892,1.926758,3576,18,12,33,0
7893,1.927002,3576,14,12,29,0
7894,1.927246,3576,10,12,25,0
7895,1.927490,3576,10,12,25,0
7896,1.927734,3576,10,12,25,0
7897,1.927979,3576,10,12,25,0
7898,1.928223,3576,10,13,26,0
7899,1.928467,3576,10,13,26,0
7900,1.928711,3576,10,13,26,0
7901,1.928955,3576,10,13,26,0
7902,1.929199,3577,18,11,32,0
7903,1.929443,3577,12,11,26,0
7904,1.929688,3577,12,11,26,0
7905,1.929932,3577,12,11,26,0
7906,1.930176,3577,12,11,26,0
7907,1.930420,3577,12,13,28,0
7908,1.930664,3577,12,13,28,0
7909,1.930908,3577,12,13,28,0
7910,1.931152,3577,15,13,31,0
7911,1.931396,3578,11,12,30,0
7912,1.931641,3578,11,12,30,0
7913,1.931885,3578,11,12,30,0
7914,1.932129,3578,11,12,30,0
7915,1.932373,3578,11,13,27,0
7916,1.932617,3578,11,13,27,0
7917,1.932861,3578,11,13,27,0
7918,1.933105,3578,13,13,29,0
7919,1.933350,3578,13,13,29,0
7920,1.933594,3579,18,11,32,0
7921,1.933838,3579,14,11,28,0
7922,1.934082,3579,12,11,26,0
7923,1.934326,3579,12,11,26,0
7924,1.934570,3579,12,11,26,0
7925,1.934814,3579,12,13,28,0
7926,1.935059,3579,13,13,29,0
7927,1.935303,3579,13,13,29,0
7928,1.935547,3579,15,13,31,0
7929,1.935791,3580,14,12,29,0
7930,1.936035,3580,11,12,30,0
7931,1.936279,3580,11,12,30,0
7932,1.936523,3580,11,12,30,0
7933,1.936768,3580,11,12,30,0
7934,1.937012,3580,11,13,27,0
7935,1.937256,3580,11,13,27,0
7936,1.937500,3580,11,13,27,0
7937,1.937744,3580,11,13,27,0
7938,1.937988,3581,18,11,32,0
7939,1.938232,3581,13,11,27,0
7940,1.938477,3581,13,11,27,0
7941,1.938721,3581,13,11,27,0
7942,1.938965,3581,12,13,28,0
7943,1.939209,3581,12,13,28,0
7944,1.939453,3581,12,13,28,0
7945,1.939697,3581,12,13,28,0
7946,1.939941,3581,15,13,31,0
7947,1.940186,3582,13,12,28,0
7948,1.940430,3582,13,12,28,0
7949,1.940674,3582,13,12,28,0
7950,1.940918,3582,11,12,26,0
7951,1.941162,3582,11,13,27,0
7952,1.941406,3582,11,13,27,0
7953,1.941650,3582,11,13,27,0
7954,1.941895,3582,11,13,27,0
7955,1.942139,3582,11,13,27,0
7956,1.942383,3583,18,11,32,0
7957,1.942627,3583,14,11,28,0
7958,1.942871,3583,12,11,26,0
7959,1.943115,3583,12,11,26,0
7960,1.943359,3583,12,11,26,0
7961,1.943604,3583,12,13,28,0
7962,1.943848,3583,12,13,28,0
7963,1.944092,3583,12,13,28,0
7964,1.944336,3583,12,13,28,0
7965,1.944580,3584,15,12,30,0
7966,1.944824,3584,11,12,26,0
7967,1.945068,3584,11,12,26,0
7968,1.945312,3584,11,12,26,0
7969,1.945557,3584,11,12,26,0
7970,1.945801,3584,11,13,27,0
7971,1.946045,3584,11,13,27,0
7972,1.946289,3584,11,13,27,0
7973,1.946533,3584,11,13,27,0
7974,1.946777,3584,14,13,30,0
7975,1.947021,3584,16,13,32,0
7976,1.947266,3585,11,11,25,0
7977,1.947510,3585,11,11,25,0
7978,1.947754,3585,11,11,25,0
7979,1.947998,3585,11,11,25,0
7980,1.948242,3585,11,13,27,0
7981,1.948486,3585,11,13,27,0
7982,1.948730,3585,13,13,29,0
7983,1.948975,3585,13,13,29,0
7984,1.949219,3585,13,13,29,0
7985,1.949463,3586,18,12,33,0
7986,1.949707,3586,12,12,27,0
7987,1.949951,3586,12,12,27,0
7988,1.950195,3586,12,12,27,0
7989,1.950439,3586,12,13,28,0
7990,1.950684,3586,12,13,28,0
7991,1.950928,3586,12,13,28,0
7992,1.951172,3586,12,13,28,0
7993,1.951416,3586,12,13,28,0
7994,1.951660,3586,17,13,33,0
7995,1.951904,3587,13,11,27,0
7996,1.952148,3587,13,11,27,0
7997,1.952393,3587,13,11,27,0
7998,1.952637,3587,11,11,25,0
7999,1.952881,3587,11,13,27,0
8000,1.953125,3587,11,13,27,0
8001,1.953369,3587,11,13,27,0
8002,1.953613,3587,14,13,30,0
8003,1.953857,3587,16,13,32,0
8004,1.954102,3588,13,12,28,0
8005,1.954346,3588,13,12,28,0
8006,1.954590,3588,12,12,31,0
8007,1.954834,3588,12,12,31,0
8008,1.955078,3588,12,13,28,0
8009,1.955322,3588,12,13,28,0
8010,1.955566,3588,12,13,28,0
8011,1.955811,3588,12,13,28,0
8012,1.956055,3589,16,11,30,0
8013,1.956299,3589,14,11,28,0
8014,1.956543,3589,11,11,25,0
8015,1.956787,3589,11,11,25,0
8016,1.957031,3589,11,11,25,0
8017,1.957275,3589,11,13,27,0
8018,1.957520,3589,11,13,27,0
8019,1.957764,3589,11,13,27,0
8020,1.958008,3589,15,13,31,0
8021,1.958252,3590,14,12,29,0
8022,1.958496,3590,10,12,25,0
8023,1.958740,3590,10,12,25,0
8024,1.958984,3590,10,12,25,0
8025,1.959229,3590,10,12,25,0
8026,1.959473,3590,10,13,26,0
8027,1.959717,3590,10,13,26,0
8028,1.959961,3590,10,13,26,0
8029,1.960205,3590,10,13,26,0
8030,1.960449,3590,17,13,33,0
8031,1.960693,3591,12,11,26,0
8032,1.960938,3591,12,11,26,0
8033,1.961182,3591,12,11,26,0
8034,1.961426,3591,12,11,26,0
8035,1.961670,3591,12,13,28,0
8036,1.961914,3591,12,13,28,0
8037,1.962158,3591,12,13,28,0
8038,1.962402,3591,14,13,30,0
8039,1.962646,3591,17,13,33,0
8040,1.962891,3592,11,12,30,0
8041,1.963135,3592,11,12,30,0
8042,1.963379,3592,11,12,30,0
8043,1.963623,3592,11,12,30,0
8044,1.963867,3592,11,13,27,0
8045,1.964111,3592,11,13,27,0
8046,1.964355,3592,13,13,29,0
8047,1.964600,3592,13,13,29,0
8048,1.964844,3592,13,13,29,0
8049,1.965088,3592,17,13,33,0
8050,1.965332,3593,12,11,26,0
8051,1.965576,3593,12,11,26,0
8052,1.965820,3593,12,11,26,0
8053,1.966064,3593,12,11,26,0
8054,1.966309,3593,12,13,28,0
8055,1.966553,3593,12,13,28,0
8056,1.966797,3593,12,13,28,0
8057,1.967041,3593,12,13,28,0
8058,1.967285,3593,17,13,33,0
8059,1.967529,3594,13,12,28,0
8060,1.967773,3594,13,12,28,0
8061,1.968018,3594,13,12,28,0
8062,1.968262,3594,11,12,26,0
8063,1.968506,3594,11,13,27,0
8064,1.968750,3594,11,13,27,0
8065,1.968994,3594,11,13,27,0
8066,1.969238,3594,14,13,30,0
8067,1.969482,3594,16,13,32,0
8068,1.969727,3595,13,11,27,0
8069,1.969971,3595,13,11,27,0
8070,1.970215,3595,12,11,26,0
8071,1.970459,3595,12,11,26,0
8072,1.970703,3595,12,13,28,0
8073,1.970947,3595,12,13,28,0
8074,1.971191,3595,12,13,28,0
8075,1.971436,3595,12,13,28,0
8076,1.971680,3595,17,13,33,0
8077,1.971924,3596,14,12,29,0
8078,1.972168,3596,10,12,29,0
8079,1.972412,3596,10,12,29,0
8080,1.972656,3596,10,12,29,0
8081,1.972900,3596,10,12,29,0
8082,1.973145,3596,10,13,26,0
8083,1.973389,3596,10,13,26,0
8084,1.973633,3596,10,13,26,0
8085,1.973877,3596,10,13,26,0
8086,1.974121,3596,15,13,31,0
8087,1.974365,3597,11,11,25,0
8088,1.974609,3597,11,11,25,0
8089,1.974854,3597,11,11,25,0
8090,1.975098,3597,11,11,25,0
8091,1.975342,3597,11,11,25,0
8092,1.975586,3597,11,13,27,0
8093,1.975830,3597,11,13,27,0
8094,1.976074,3597,13,13,29,0
8095,1.976318,3597,13,13,29,0
8096,1.976562,3598,16,12,31,0
8097,1.976807,3598,14,12,29,0
8098,1.977051,3598,12,12,27,0
8099,1.977295,3598,12,12,27,0
8100,1.977539,3598,12,12,27,0
8101,1.977783,3598,12,13,28,0
8102,1.978027,3598,13,13,29,0
8103,1.978271,3598,13,13,29,0
8104,1.978516,3598,15,13,31,0
8105,1.978760,3599,14,11,28,0
8106,1.979004,3599,11,11,25,0
8107,1.979248,3599,11,11,25,0
8108,1.979492,3599,11,11,25,0
8109,1.979736,3599,11,13,27,0
8110,1.979980,3599,13,13,29,0
8111,1.980225,3599,13,13,29,0
8112,1.980469,3599,13,13,29,0
8113,1.980713,3599,16,13,32,0
8114,1.980957,3600,18,12,33,0
8115,1.981201,3600,12,12,27,0
8116,1.981445,3600,12,12,27,0
8117,1.981689,3600,12,12,27,0
8118,1.981934,3600,12,12,31,0
8119,1.982178,3600,12,13,28,0
8120,1.982422,3600,12,13,28,0
8121,1.982666,3600,12,13,28,0
8122,1.982910,3600,14,13,30,0
8123,1.983154,3600,16,13,32,0
8124,1.983398,3601,13,11,27,0
8125,1.983643,3601,13,11,27,0
8126,1.983887,3601,11,11,25,0
8127,1.984131,3601,11,11,25,0
8128,1.984375,3601,11,11,25,0
8129,1.984619,3601,11,13,27,0
8130,1.984863,3601,11,13,27,0
8131,1.985107,3601,11,13,27,0
8132,1.985352,3601,11,13,27,0
8133,1.985596,3601,17,13,33,0
8134,1.985840,3602,15,12,30,0
8135,1.986084,3602,12,12,31,0
8136,1.986328,3602,12,12,31,0
8137,1.986572,3602,12,13,28,0
8138,1.986816,3602,12,13,28,0
8139,1.987061,3602,12,13,28,0
8140,1.987305,3602,12,13,28,0
8141,1.987549,3602,15,13,31,0
8142,1.987793,3603,14,11,28,0
8143,1.988037,3603,10,11,24,0
8144,1.988281,3603,10,11,24,0
8145,1.988525,3603,10,11,24,0
8146,1.988770,3603,10,11,24,0
8147,1.989014,3603,10,13,26,0
8148,1.989258,3603,10,13,26,0
8149,1.989502,3603,10,13,26,0
8150,1.989746,3603,10,13,26,0
8151,1.989990,3603,15,13,31,0
8152,1.990234,3604,11,12,30,0
8153,1.990479,3604,11,12,30,0
8154,1.990723,3604,11,12,30,0
8155,1.990967,3604,11,12,30,0
8156,1.991211,3604,11,13,27,0
8157,1.991455,3604,11,13,27,0
8158,1.991699,3604,11,13,27,0
8159,1.991943,3604,13,13,29,0
8160,1.992188,3604,13,13,29,0
8161,1.992432,3605,16,11,30,0
8162,1.992676,3605,14,11,28,0
8163,1.992920,3605,12,11,26,0
8164,1.993164,3605,12,11,26,0
8165,1.993408,3605,12,11,26,0
8166,1.993652,3605,12,13,28,0
8167,1.993896,3605,13,13,29,0
8168,1.994141,3605,13,13,29,0
8169,1.994385,3605,13,13,29,0
8170,1.994629,3605,17,13,33,0
8171,1.994873,3606,11,12,30,0
8172,1.995117,3606,11,12,30,0
8173,1.995361,3606,11,12,30,0
8174,1.995605,3606,11,12,30,0
8175,1.995850,3606,11,13,27,0
8176,1.996094,3606,11,13,27,0
8177,1.996338,3606,11,13,27,0
8178,1.996582,3606,11,13,27,0
8179,1.996826,3606,15,13,31,0
8180,1.997070,3607,13,11,27,0
8181,1.997314,3607,13,11,27,0
8182,1.997559,3607,13,11,27,0
8183,1.997803,3607,12,11,26,0
8184,1.998047,3607,12,11,26,0
8185,1.998291,3607,12,13,28,0
8186,1.998535,3607,12,13,28,0
8187,1.998779,3607,12,13,28,0
8188,1.999023,3607,12,13,28,0
8189,1.999268,3608,16,12,31,1
8190,1.999512,3608,14,12,29,1
8191,1.999756,3608,11,12,26,1
